operation,language,kernel_name,duration_us,timestamp,grid_size,block_size,registers_per_thread,shared_mem_bytes,static_shared_mem_bytes,dynamic_shared_mem_bytes,occupancy,memory_throughput_gbps,compute_throughput_pct,l1_hit_rate,l1_bytes_total,l1_utilization,l2_hit_rate,l2_bytes_total,l2_bytes_miss,l2_utilization,dram_read_bytes,dram_write_bytes,dram_utilization,global_load_efficiency,global_store_efficiency,global_load_transactions,global_store_transactions,shared_utilization,shared_bank_conflicts
matmul,rust,tiled_matmul,352.293,2026-09-10T01:15:52.464123,"64,64,1","16,16,1",37,2048,2048,0,,,,,,,,,,,,,,,,,,,
matmul,rust,tiled_matmul,353.334,2026-09-10T01:15:52.464148,"64,64,1","16,16,1",37,2048,2048,0,,,,,,,,,,,,,,,,,,,
matmul,rust,tiled_matmul,348.684,2026-09-10T01:15:52.464158,"64,64,1","16,16,1",37,2048,2048,0,,,,,,,,,,,,,,,,,,,
matmul,rust,tiled_matmul,349.009,2026-09-10T01:15:52.464167,"64,64,1","16,16,1",37,2048,2048,0,,,,,,,,,,,,,,,,,,,
matmul,rust,tiled_matmul,347.903,2026-09-10T01:15:52.464175,"64,64,1","16,16,1",37,2048,2048,0,,,,,,,,,,,,,,,,,,,
matmul,rust,tiled_matmul,351.676,2026-09-10T01:15:52.464182,"64,64,1","16,16,1",37,2048,2048,0,,,,,,,,,,,,,,,,,,,
matmul,rust,tiled_matmul,349.854,2026-09-10T01:15:52.464190,"64,64,1","16,16,1",37,2048,2048,0,,,,,,,,,,,,,,,,,,,
matmul,rust,tiled_matmul,349.724,2026-09-10T01:15:52.464197,"64,64,1","16,16,1",37,2048,2048,0,,,,,,,,,,,,,,,,,,,
matmul,rust,tiled_matmul,348.846,2026-09-10T01:15:52.464205,"64,64,1","16,16,1",37,2048,2048,0,,,,,,,,,,,,,,,,,,,
matmul,rust,tiled_matmul,349.107,2026-09-10T01:15:52.464212,"64,64,1","16,16,1",37,2048,2048,0,,,,,,,,,,,,,,,,,,,
matmul,rust,tiled_matmul,348.879,2026-09-10T01:15:52.464223,"64,64,1","16,16,1",37,2048,2048,0,,,,,,,,,,,,,,,,,,,
matmul,rust,tiled_matmul,348.683,2026-09-10T01:15:52.464230,"64,64,1","16,16,1",37,2048,2048,0,,,,,,,,,,,,,,,,,,,
matmul,rust,tiled_matmul,348.651,2026-09-10T01:15:52.464238,"64,64,1","16,16,1",37,2048,2048,0,,,,,,,,,,,,,,,,,,,
matmul,rust,tiled_matmul,348.488,2026-09-10T01:15:52.464245,"64,64,1","16,16,1",37,2048,2048,0,,,,,,,,,,,,,,,,,,,
matmul,rust,tiled_matmul,347.903,2026-09-10T01:15:52.464253,"64,64,1","16,16,1",37,2048,2048,0,,,,,,,,,,,,,,,,,,,
matmul,rust,tiled_matmul,349.724,2026-09-10T01:15:52.464260,"64,64,1","16,16,1",37,2048,2048,0,,,,,,,,,,,,,,,,,,,
matmul,rust,tiled_matmul,349.627,2026-09-10T01:15:52.464267,"64,64,1","16,16,1",37,2048,2048,0,,,,,,,,,,,,,,,,,,,
matmul,rust,tiled_matmul,349.432,2026-09-10T01:15:52.464278,"64,64,1","16,16,1",37,2048,2048,0,,,,,,,,,,,,,,,,,,,
matmul,rust,tiled_matmul,348.944,2026-09-10T01:15:52.464286,"64,64,1","16,16,1",37,2048,2048,0,,,,,,,,,,,,,,,,,,,
matmul,rust,tiled_matmul,347.87,2026-09-10T01:15:52.464293,"64,64,1","16,16,1",37,2048,2048,0,,,,,,,,,,,,,,,,,,,
matmul,rust,tiled_matmul,349.204,2026-09-10T01:15:52.464300,"64,64,1","16,16,1",37,2048,2048,0,,,,,,,,,,,,,,,,,,,
matmul,rust,tiled_matmul,348.391,2026-09-10T01:15:52.464307,"64,64,1","16,16,1",37,2048,2048,0,,,,,,,,,,,,,,,,,,,
matmul,rust,tiled_matmul,347.772,2026-09-10T01:15:52.464315,"64,64,1","16,16,1",37,2048,2048,0,,,,,,,,,,,,,,,,,,,
matmul,rust,tiled_matmul,348.619,2026-09-10T01:15:52.464343,"64,64,1","16,16,1",37,2048,2048,0,,,,,,,,,,,,,,,,,,,
matmul,rust,tiled_matmul,347.707,2026-09-10T01:15:52.464352,"64,64,1","16,16,1",37,2048,2048,0,,,,,,,,,,,,,,,,,,,
matmul,rust,tiled_matmul,348.879,2026-09-10T01:15:52.464403,"64,64,1","16,16,1",37,2048,2048,0,,,,,,,,,,,,,,,,,,,
matmul,rust,tiled_matmul,351.155,2026-09-10T01:15:52.464416,"64,64,1","16,16,1",37,2048,2048,0,,,,,,,,,,,,,,,,,,,
matmul,rust,tiled_matmul,349.789,2026-09-10T01:15:52.464424,"64,64,1","16,16,1",37,2048,2048,0,,,,,,,,,,,,,,,,,,,
matmul,rust,tiled_matmul,349.399,2026-09-10T01:15:52.464432,"64,64,1","16,16,1",37,2048,2048,0,,,,,,,,,,,,,,,,,,,
matmul,rust,tiled_matmul,348.521,2026-09-10T01:15:52.464439,"64,64,1","16,16,1",37,2048,2048,0,,,,,,,,,,,,,,,,,,,
matmul,rust,tiled_matmul,349.887,2026-09-10T01:15:52.464447,"64,64,1","16,16,1",37,2048,2048,0,,,,,,,,,,,,,,,,,,,
matmul,rust,tiled_matmul,350.05,2026-09-10T01:15:52.464455,"64,64,1","16,16,1",37,2048,2048,0,,,,,,,,,,,,,,,,,,,
matmul,rust,tiled_matmul,348.358,2026-09-10T01:15:52.464463,"64,64,1","16,16,1",37,2048,2048,0,,,,,,,,,,,,,,,,,,,
matmul,rust,tiled_matmul,347.968,2026-09-10T01:15:52.464470,"64,64,1","16,16,1",37,2048,2048,0,,,,,,,,,,,,,,,,,,,
matmul,rust,tiled_matmul,348.163,2026-09-10T01:15:52.464478,"64,64,1","16,16,1",37,2048,2048,0,,,,,,,,,,,,,,,,,,,
matmul,rust,tiled_matmul,347.838,2026-09-10T01:15:52.464485,"64,64,1","16,16,1",37,2048,2048,0,,,,,,,,,,,,,,,,,,,
matmul,rust,tiled_matmul,348.846,2026-09-10T01:15:52.464493,"64,64,1","16,16,1",37,2048,2048,0,,,,,,,,,,,,,,,,,,,
matmul,rust,tiled_matmul,348.163,2026-09-10T01:15:52.464500,"64,64,1","16,16,1",37,2048,2048,0,,,,,,,,,,,,,,,,,,,
matmul,rust,tiled_matmul,348.359,2026-09-10T01:15:52.464507,"64,64,1","16,16,1",37,2048,2048,0,,,,,,,,,,,,,,,,,,,
matmul,rust,tiled_matmul,348.39,2026-09-10T01:15:52.464515,"64,64,1","16,16,1",37,2048,2048,0,,,,,,,,,,,,,,,,,,,
matmul,rust,tiled_matmul,352.554,2026-09-10T01:15:52.464522,"64,64,1","16,16,1",37,2048,2048,0,,,,,,,,,,,,,,,,,,,
matmul,rust,tiled_matmul,348.521,2026-09-10T01:15:52.464530,"64,64,1","16,16,1",37,2048,2048,0,,,,,,,,,,,,,,,,,,,
matmul,rust,tiled_matmul,348.26,2026-09-10T01:15:52.464537,"64,64,1","16,16,1",37,2048,2048,0,,,,,,,,,,,,,,,,,,,
matmul,rust,tiled_matmul,348.39,2026-09-10T01:15:52.464545,"64,64,1","16,16,1",37,2048,2048,0,,,,,,,,,,,,,,,,,,,
matmul,rust,tiled_matmul,348.131,2026-09-10T01:15:52.464552,"64,64,1","16,16,1",37,2048,2048,0,,,,,,,,,,,,,,,,,,,
matmul,rust,tiled_matmul,348.163,2026-09-10T01:15:52.464559,"64,64,1","16,16,1",37,2048,2048,0,,,,,,,,,,,,,,,,,,,
matmul,rust,tiled_matmul,348.098,2026-09-10T01:15:52.464567,"64,64,1","16,16,1",37,2048,2048,0,,,,,,,,,,,,,,,,,,,
matmul,rust,tiled_matmul,348.65,2026-09-10T01:15:52.464575,"64,64,1","16,16,1",37,2048,2048,0,,,,,,,,,,,,,,,,,,,
matmul,rust,tiled_matmul,348.098,2026-09-10T01:15:52.464582,"64,64,1","16,16,1",37,2048,2048,0,,,,,,,,,,,,,,,,,,,
matmul,rust,tiled_matmul,349.203,2026-09-10T01:15:52.464589,"64,64,1","16,16,1",37,2048,2048,0,,,,,,,,,,,,,,,,,,,
matmul,rust,tiled_matmul,350.277,2026-09-10T01:15:52.464596,"64,64,1","16,16,1",37,2048,2048,0,,,,,,,,,,,,,,,,,,,
matmul,rust,tiled_matmul,350.993,2026-09-10T01:15:52.464604,"64,64,1","16,16,1",37,2048,2048,0,,,,,,,,,,,,,,,,,,,
matmul,rust,tiled_matmul,349.529,2026-09-10T01:15:52.464611,"64,64,1","16,16,1",37,2048,2048,0,,,,,,,,,,,,,,,,,,,
matmul,rust,tiled_matmul,349.529,2026-09-10T01:15:52.464619,"64,64,1","16,16,1",37,2048,2048,0,,,,,,,,,,,,,,,,,,,
matmul,rust,tiled_matmul,349.171,2026-09-10T01:15:52.464626,"64,64,1","16,16,1",37,2048,2048,0,,,,,,,,,,,,,,,,,,,
matmul,rust,tiled_matmul,348.423,2026-09-10T01:15:52.464633,"64,64,1","16,16,1",37,2048,2048,0,,,,,,,,,,,,,,,,,,,
matmul,rust,tiled_matmul,348.781,2026-09-10T01:15:52.464641,"64,64,1","16,16,1",37,2048,2048,0,,,,,,,,,,,,,,,,,,,
matmul,rust,tiled_matmul,348.554,2026-09-10T01:15:52.464648,"64,64,1","16,16,1",37,2048,2048,0,,,,,,,,,,,,,,,,,,,
matmul,rust,tiled_matmul,348.455,2026-09-10T01:15:52.464655,"64,64,1","16,16,1",37,2048,2048,0,,,,,,,,,,,,,,,,,,,
matmul,rust,tiled_matmul,348.618,2026-09-10T01:15:52.464663,"64,64,1","16,16,1",37,2048,2048,0,,,,,,,,,,,,,,,,,,,
matmul,rust,tiled_matmul,348.911,2026-09-10T01:15:52.464670,"64,64,1","16,16,1",37,2048,2048,0,,,,,,,,,,,,,,,,,,,
matmul,rust,tiled_matmul,347.935,2026-09-10T01:15:52.464678,"64,64,1","16,16,1",37,2048,2048,0,,,,,,,,,,,,,,,,,,,
matmul,rust,tiled_matmul,348.521,2026-09-10T01:15:52.464685,"64,64,1","16,16,1",37,2048,2048,0,,,,,,,,,,,,,,,,,,,
matmul,rust,tiled_matmul,348.553,2026-09-10T01:15:52.464692,"64,64,1","16,16,1",37,2048,2048,0,,,,,,,,,,,,,,,,,,,
matmul,rust,tiled_matmul,348.163,2026-09-10T01:15:52.464700,"64,64,1","16,16,1",37,2048,2048,0,,,,,,,,,,,,,,,,,,,
matmul,rust,tiled_matmul,347.773,2026-09-10T01:15:52.464707,"64,64,1","16,16,1",37,2048,2048,0,,,,,,,,,,,,,,,,,,,
matmul,rust,tiled_matmul,348.001,2026-09-10T01:15:52.464714,"64,64,1","16,16,1",37,2048,2048,0,,,,,,,,,,,,,,,,,,,
matmul,rust,tiled_matmul,347.675,2026-09-10T01:15:52.464722,"64,64,1","16,16,1",37,2048,2048,0,,,,,,,,,,,,,,,,,,,
matmul,rust,tiled_matmul,348.748,2026-09-10T01:15:52.464729,"64,64,1","16,16,1",37,2048,2048,0,,,,,,,,,,,,,,,,,,,
matmul,rust,tiled_matmul,348.196,2026-09-10T01:15:52.465026,"64,64,1","16,16,1",37,2048,2048,0,,,,,,,,,,,,,,,,,,,
matmul,rust,tiled_matmul,349.464,2026-09-10T01:15:52.465039,"64,64,1","16,16,1",37,2048,2048,0,,,,,,,,,,,,,,,,,,,
matmul,rust,tiled_matmul,349.301,2026-09-10T01:15:52.465049,"64,64,1","16,16,1",37,2048,2048,0,,,,,,,,,,,,,,,,,,,
matmul,rust,tiled_matmul,348.293,2026-09-10T01:15:52.465057,"64,64,1","16,16,1",37,2048,2048,0,,,,,,,,,,,,,,,,,,,
matmul,rust,tiled_matmul,348.423,2026-09-10T01:15:52.465065,"64,64,1","16,16,1",37,2048,2048,0,,,,,,,,,,,,,,,,,,,
matmul,rust,tiled_matmul,347.74,2026-09-10T01:15:52.465073,"64,64,1","16,16,1",37,2048,2048,0,,,,,,,,,,,,,,,,,,,
matmul,rust,tiled_matmul,350.375,2026-09-10T01:15:52.465081,"64,64,1","16,16,1",37,2048,2048,0,,,,,,,,,,,,,,,,,,,
matmul,rust,tiled_matmul,349.463,2026-09-10T01:15:52.465088,"64,64,1","16,16,1",37,2048,2048,0,,,,,,,,,,,,,,,,,,,
matmul,rust,tiled_matmul,349.724,2026-09-10T01:15:52.465096,"64,64,1","16,16,1",37,2048,2048,0,,,,,,,,,,,,,,,,,,,
matmul,rust,tiled_matmul,350.147,2026-09-10T01:15:52.465103,"64,64,1","16,16,1",37,2048,2048,0,,,,,,,,,,,,,,,,,,,
matmul,rust,tiled_matmul,348.749,2026-09-10T01:15:52.465111,"64,64,1","16,16,1",37,2048,2048,0,,,,,,,,,,,,,,,,,,,
matmul,rust,tiled_matmul,348.814,2026-09-10T01:15:52.465118,"64,64,1","16,16,1",37,2048,2048,0,,,,,,,,,,,,,,,,,,,
matmul,rust,tiled_matmul,347.87,2026-09-10T01:15:52.465126,"64,64,1","16,16,1",37,2048,2048,0,,,,,,,,,,,,,,,,,,,
matmul,rust,tiled_matmul,348.944,2026-09-10T01:15:52.465133,"64,64,1","16,16,1",37,2048,2048,0,,,,,,,,,,,,,,,,,,,
matmul,rust,tiled_matmul,349.887,2026-09-10T01:15:52.465141,"64,64,1","16,16,1",37,2048,2048,0,,,,,,,,,,,,,,,,,,,
matmul,rust,tiled_matmul,348.554,2026-09-10T01:15:52.465252,"64,64,1","16,16,1",37,2048,2048,0,,,,,,,,,,,,,,,,,,,
matmul,rust,tiled_matmul,348.748,2026-09-10T01:15:52.465262,"64,64,1","16,16,1",37,2048,2048,0,,,,,,,,,,,,,,,,,,,
matmul,rust,tiled_matmul,348.748,2026-09-10T01:15:52.465270,"64,64,1","16,16,1",37,2048,2048,0,,,,,,,,,,,,,,,,,,,
matmul,rust,tiled_matmul,351.643,2026-09-10T01:15:52.465278,"64,64,1","16,16,1",37,2048,2048,0,,,,,,,,,,,,,,,,,,,
matmul,rust,tiled_matmul,349.757,2026-09-10T01:15:52.465285,"64,64,1","16,16,1",37,2048,2048,0,,,,,,,,,,,,,,,,,,,
matmul,rust,tiled_matmul,349.204,2026-09-10T01:15:52.465292,"64,64,1","16,16,1",37,2048,2048,0,,,,,,,,,,,,,,,,,,,
matmul,rust,tiled_matmul,348.976,2026-09-10T01:15:52.465300,"64,64,1","16,16,1",37,2048,2048,0,,,,,,,,,,,,,,,,,,,
matmul,rust,tiled_matmul,348.749,2026-09-10T01:15:52.465307,"64,64,1","16,16,1",37,2048,2048,0,,,,,,,,,,,,,,,,,,,
matmul,rust,tiled_matmul,349.106,2026-09-10T01:15:52.465314,"64,64,1","16,16,1",37,2048,2048,0,,,,,,,,,,,,,,,,,,,
matmul,rust,tiled_matmul,348.911,2026-09-10T01:15:52.465322,"64,64,1","16,16,1",37,2048,2048,0,,,,,,,,,,,,,,,,,,,
matmul,rust,tiled_matmul,348.325,2026-09-10T01:15:52.465330,"64,64,1","16,16,1",37,2048,2048,0,,,,,,,,,,,,,,,,,,,
matmul,rust,tiled_matmul,348.358,2026-09-10T01:15:52.465337,"64,64,1","16,16,1",37,2048,2048,0,,,,,,,,,,,,,,,,,,,
matmul,rust,tiled_matmul,348.683,2026-09-10T01:15:52.465344,"64,64,1","16,16,1",37,2048,2048,0,,,,,,,,,,,,,,,,,,,
matmul,rust,tiled_matmul,348.586,2026-09-10T01:15:52.465352,"64,64,1","16,16,1",37,2048,2048,0,,,,,,,,,,,,,,,,,,,
matmul,rust,tiled_matmul,348.619,2026-09-10T01:15:52.465359,"64,64,1","16,16,1",37,2048,2048,0,,,,,,,,,,,,,,,,,,,
matmul,rust,tiled_matmul,348.13,2026-09-10T01:15:52.465372,"64,64,1","16,16,1",37,2048,2048,0,,,,,,,,,,,,,,,,,,,
matmul,python,void cutlass::Kernel2<cutlass_80_simt_sgemm_128x64_8x5_nn_align1>(T1::Params),46.368,2026-09-10T01:15:55.163002,"128,1,1","128,1,1",126,30720,0,30720,,,,,,,,,,,,,,,,,,,
matmul,python,void cutlass::Kernel2<cutlass_80_simt_sgemm_128x64_8x5_nn_align1>(T1::Params),45.528,2026-09-10T01:15:55.163019,"128,1,1","128,1,1",126,30720,0,30720,,,,,,,,,,,,,,,,,,,
matmul,python,void cutlass::Kernel2<cutlass_80_simt_sgemm_128x64_8x5_nn_align1>(T1::Params),44.268,2026-09-10T01:15:55.163029,"128,1,1","128,1,1",126,30720,0,30720,,,,,,,,,,,,,,,,,,,
matmul,python,void cutlass::Kernel2<cutlass_80_simt_sgemm_128x64_8x5_nn_align1>(T1::Params),44.074,2026-09-10T01:15:55.163039,"128,1,1","128,1,1",126,30720,0,30720,,,,,,,,,,,,,,,,,,,
matmul,python,void cutlass::Kernel2<cutlass_80_simt_sgemm_128x64_8x5_nn_align1>(T1::Params),44.074,2026-09-10T01:15:55.163047,"128,1,1","128,1,1",126,30720,0,30720,,,,,,,,,,,,,,,,,,,
matmul,python,void cutlass::Kernel2<cutlass_80_simt_sgemm_128x64_8x5_nn_align1>(T1::Params),44.009,2026-09-10T01:15:55.163056,"128,1,1","128,1,1",126,30720,0,30720,,,,,,,,,,,,,,,,,,,
matmul,python,void cutlass::Kernel2<cutlass_80_simt_sgemm_128x64_8x5_nn_align1>(T1::Params),44.107,2026-09-10T01:15:55.163065,"128,1,1","128,1,1",126,30720,0,30720,,,,,,,,,,,,,,,,,,,
matmul,python,void cutlass::Kernel2<cutlass_80_simt_sgemm_128x64_8x5_nn_align1>(T1::Params),44.138,2026-09-10T01:15:55.163074,"128,1,1","128,1,1",126,30720,0,30720,,,,,,,,,,,,,,,,,,,
matmul,python,void cutlass::Kernel2<cutlass_80_simt_sgemm_128x64_8x5_nn_align1>(T1::Params),44.106,2026-09-10T01:15:55.163082,"128,1,1","128,1,1",126,30720,0,30720,,,,,,,,,,,,,,,,,,,
matmul,python,void cutlass::Kernel2<cutlass_80_simt_sgemm_128x64_8x5_nn_align1>(T1::Params),44.332,2026-09-10T01:15:55.163091,"128,1,1","128,1,1",126,30720,0,30720,,,,,,,,,,,,,,,,,,,
matmul,python,void cutlass::Kernel2<cutlass_80_simt_sgemm_128x64_8x5_nn_align1>(T1::Params),48.21,2026-09-10T01:15:55.163100,"128,1,1","128,1,1",126,30720,0,30720,,,,,,,,,,,,,,,,,,,
matmul,python,void cutlass::Kernel2<cutlass_80_simt_sgemm_128x64_8x5_nn_align1>(T1::Params),47.854,2026-09-10T01:15:55.163108,"128,1,1","128,1,1",126,30720,0,30720,,,,,,,,,,,,,,,,,,,
matmul,python,void cutlass::Kernel2<cutlass_80_simt_sgemm_128x64_8x5_nn_align1>(T1::Params),47.208,2026-09-10T01:15:55.163117,"128,1,1","128,1,1",126,30720,0,30720,,,,,,,,,,,,,,,,,,,
matmul,python,void cutlass::Kernel2<cutlass_80_simt_sgemm_128x64_8x5_nn_align1>(T1::Params),49.437,2026-09-10T01:15:55.163125,"128,1,1","128,1,1",126,30720,0,30720,,,,,,,,,,,,,,,,,,,
matmul,python,void cutlass::Kernel2<cutlass_80_simt_sgemm_128x64_8x5_nn_align1>(T1::Params),46.918,2026-09-10T01:15:55.163134,"128,1,1","128,1,1",126,30720,0,30720,,,,,,,,,,,,,,,,,,,
matmul,python,void cutlass::Kernel2<cutlass_80_simt_sgemm_128x64_8x5_nn_align1>(T1::Params),45.366,2026-09-10T01:15:55.163143,"128,1,1","128,1,1",126,30720,0,30720,,,,,,,,,,,,,,,,,,,
matmul,python,void cutlass::Kernel2<cutlass_80_simt_sgemm_128x64_8x5_nn_align1>(T1::Params),44.429,2026-09-10T01:15:55.163151,"128,1,1","128,1,1",126,30720,0,30720,,,,,,,,,,,,,,,,,,,
matmul,python,void cutlass::Kernel2<cutlass_80_simt_sgemm_128x64_8x5_nn_align1>(T1::Params),499.156,2026-09-10T01:15:55.163160,"128,1,1","128,1,1",126,30720,0,30720,,,,,,,,,,,,,,,,,,,
matmul,python,void cutlass::Kernel2<cutlass_80_simt_sgemm_128x64_8x5_nn_align1>(T1::Params),45.722,2026-09-10T01:15:55.163168,"128,1,1","128,1,1",126,30720,0,30720,,,,,,,,,,,,,,,,,,,
matmul,python,void cutlass::Kernel2<cutlass_80_simt_sgemm_128x64_8x5_nn_align1>(T1::Params),44.59,2026-09-10T01:15:55.163177,"128,1,1","128,1,1",126,30720,0,30720,,,,,,,,,,,,,,,,,,,
matmul,python,void cutlass::Kernel2<cutlass_80_simt_sgemm_128x64_8x5_nn_align1>(T1::Params),43.944,2026-09-10T01:15:55.163185,"128,1,1","128,1,1",126,30720,0,30720,,,,,,,,,,,,,,,,,,,
matmul,python,void cutlass::Kernel2<cutlass_80_simt_sgemm_128x64_8x5_nn_align1>(T1::Params),44.009,2026-09-10T01:15:55.163194,"128,1,1","128,1,1",126,30720,0,30720,,,,,,,,,,,,,,,,,,,
matmul,python,void cutlass::Kernel2<cutlass_80_simt_sgemm_128x64_8x5_nn_align1>(T1::Params),44.009,2026-09-10T01:15:55.163203,"128,1,1","128,1,1",126,30720,0,30720,,,,,,,,,,,,,,,,,,,
matmul,python,void cutlass::Kernel2<cutlass_80_simt_sgemm_128x64_8x5_nn_align1>(T1::Params),44.009,2026-09-10T01:15:55.163212,"128,1,1","128,1,1",126,30720,0,30720,,,,,,,,,,,,,,,,,,,
matmul,python,void cutlass::Kernel2<cutlass_80_simt_sgemm_128x64_8x5_nn_align1>(T1::Params),44.009,2026-09-10T01:15:55.163220,"128,1,1","128,1,1",126,30720,0,30720,,,,,,,,,,,,,,,,,,,
matmul,python,void cutlass::Kernel2<cutlass_80_simt_sgemm_128x64_8x5_nn_align1>(T1::Params),533.148,2026-09-10T01:15:55.163229,"128,1,1","128,1,1",126,30720,0,30720,,,,,,,,,,,,,,,,,,,
matmul,python,void cutlass::Kernel2<cutlass_80_simt_sgemm_128x64_8x5_nn_align1>(T1::Params),45.851,2026-09-10T01:15:55.163237,"128,1,1","128,1,1",126,30720,0,30720,,,,,,,,,,,,,,,,,,,
matmul,python,void cutlass::Kernel2<cutlass_80_simt_sgemm_128x64_8x5_nn_align1>(T1::Params),44.784,2026-09-10T01:15:55.163245,"128,1,1","128,1,1",126,30720,0,30720,,,,,,,,,,,,,,,,,,,
matmul,python,void cutlass::Kernel2<cutlass_80_simt_sgemm_128x64_8x5_nn_align1>(T1::Params),44.008,2026-09-10T01:15:55.163254,"128,1,1","128,1,1",126,30720,0,30720,,,,,,,,,,,,,,,,,,,
matmul,python,void cutlass::Kernel2<cutlass_80_simt_sgemm_128x64_8x5_nn_align1>(T1::Params),44.009,2026-09-10T01:15:55.163262,"128,1,1","128,1,1",126,30720,0,30720,,,,,,,,,,,,,,,,,,,
matmul,python,void cutlass::Kernel2<cutlass_80_simt_sgemm_128x64_8x5_nn_align1>(T1::Params),44.042,2026-09-10T01:15:55.163271,"128,1,1","128,1,1",126,30720,0,30720,,,,,,,,,,,,,,,,,,,
matmul,python,void cutlass::Kernel2<cutlass_80_simt_sgemm_128x64_8x5_nn_align1>(T1::Params),44.042,2026-09-10T01:15:55.163279,"128,1,1","128,1,1",126,30720,0,30720,,,,,,,,,,,,,,,,,,,
matmul,python,void cutlass::Kernel2<cutlass_80_simt_sgemm_128x64_8x5_nn_align1>(T1::Params),44.041,2026-09-10T01:15:55.163287,"128,1,1","128,1,1",126,30720,0,30720,,,,,,,,,,,,,,,,,,,
matmul,python,void cutlass::Kernel2<cutlass_80_simt_sgemm_128x64_8x5_nn_align1>(T1::Params),44.009,2026-09-10T01:15:55.163296,"128,1,1","128,1,1",126,30720,0,30720,,,,,,,,,,,,,,,,,,,
matmul,python,void cutlass::Kernel2<cutlass_80_simt_sgemm_128x64_8x5_nn_align1>(T1::Params),295.332,2026-09-10T01:15:55.163305,"128,1,1","128,1,1",126,30720,0,30720,,,,,,,,,,,,,,,,,,,
matmul,python,void cutlass::Kernel2<cutlass_80_simt_sgemm_128x64_8x5_nn_align1>(T1::Params),45.463,2026-09-10T01:15:55.163313,"128,1,1","128,1,1",126,30720,0,30720,,,,,,,,,,,,,,,,,,,
matmul,python,void cutlass::Kernel2<cutlass_80_simt_sgemm_128x64_8x5_nn_align1>(T1::Params),44.429,2026-09-10T01:15:55.163322,"128,1,1","128,1,1",126,30720,0,30720,,,,,,,,,,,,,,,,,,,
matmul,python,void cutlass::Kernel2<cutlass_80_simt_sgemm_128x64_8x5_nn_align1>(T1::Params),43.977,2026-09-10T01:15:55.163331,"128,1,1","128,1,1",126,30720,0,30720,,,,,,,,,,,,,,,,,,,
matmul,python,void cutlass::Kernel2<cutlass_80_simt_sgemm_128x64_8x5_nn_align1>(T1::Params),44.042,2026-09-10T01:15:55.163339,"128,1,1","128,1,1",126,30720,0,30720,,,,,,,,,,,,,,,,,,,
matmul,python,void cutlass::Kernel2<cutlass_80_simt_sgemm_128x64_8x5_nn_align1>(T1::Params),44.106,2026-09-10T01:15:55.163348,"128,1,1","128,1,1",126,30720,0,30720,,,,,,,,,,,,,,,,,,,
matmul,python,void cutlass::Kernel2<cutlass_80_simt_sgemm_128x64_8x5_nn_align1>(T1::Params),44.042,2026-09-10T01:15:55.163357,"128,1,1","128,1,1",126,30720,0,30720,,,,,,,,,,,,,,,,,,,
matmul,python,void cutlass::Kernel2<cutlass_80_simt_sgemm_128x64_8x5_nn_align1>(T1::Params),44.073,2026-09-10T01:15:55.163366,"128,1,1","128,1,1",126,30720,0,30720,,,,,,,,,,,,,,,,,,,
matmul,python,void cutlass::Kernel2<cutlass_80_simt_sgemm_128x64_8x5_nn_align1>(T1::Params),44.009,2026-09-10T01:15:55.163374,"128,1,1","128,1,1",126,30720,0,30720,,,,,,,,,,,,,,,,,,,
matmul,python,void cutlass::Kernel2<cutlass_80_simt_sgemm_128x64_8x5_nn_align1>(T1::Params),45.851,2026-09-10T01:15:55.163383,"128,1,1","128,1,1",126,30720,0,30720,,,,,,,,,,,,,,,,,,,
matmul,python,void cutlass::Kernel2<cutlass_80_simt_sgemm_128x64_8x5_nn_align1>(T1::Params),45.463,2026-09-10T01:15:55.163391,"128,1,1","128,1,1",126,30720,0,30720,,,,,,,,,,,,,,,,,,,
matmul,python,void cutlass::Kernel2<cutlass_80_simt_sgemm_128x64_8x5_nn_align1>(T1::Params),44.396,2026-09-10T01:15:55.163400,"128,1,1","128,1,1",126,30720,0,30720,,,,,,,,,,,,,,,,,,,
matmul,python,void cutlass::Kernel2<cutlass_80_simt_sgemm_128x64_8x5_nn_align1>(T1::Params),44.558,2026-09-10T01:15:55.163409,"128,1,1","128,1,1",126,30720,0,30720,,,,,,,,,,,,,,,,,,,
matmul,python,void cutlass::Kernel2<cutlass_80_simt_sgemm_128x64_8x5_nn_align1>(T1::Params),44.494,2026-09-10T01:15:55.163417,"128,1,1","128,1,1",126,30720,0,30720,,,,,,,,,,,,,,,,,,,
matmul,python,void cutlass::Kernel2<cutlass_80_simt_sgemm_128x64_8x5_nn_align1>(T1::Params),44.493,2026-09-10T01:15:55.163426,"128,1,1","128,1,1",126,30720,0,30720,,,,,,,,,,,,,,,,,,,
matmul,python,void cutlass::Kernel2<cutlass_80_simt_sgemm_128x64_8x5_nn_align1>(T1::Params),44.558,2026-09-10T01:15:55.163434,"128,1,1","128,1,1",126,30720,0,30720,,,,,,,,,,,,,,,,,,,
matmul,python,void cutlass::Kernel2<cutlass_80_simt_sgemm_128x64_8x5_nn_align1>(T1::Params),44.526,2026-09-10T01:15:55.163443,"128,1,1","128,1,1",126,30720,0,30720,,,,,,,,,,,,,,,,,,,
matmul,python,void cutlass::Kernel2<cutlass_80_simt_sgemm_128x64_8x5_nn_align1>(T1::Params),44.558,2026-09-10T01:15:55.163452,"128,1,1","128,1,1",126,30720,0,30720,,,,,,,,,,,,,,,,,,,
matmul,python,void cutlass::Kernel2<cutlass_80_simt_sgemm_128x64_8x5_nn_align1>(T1::Params),44.429,2026-09-10T01:15:55.163460,"128,1,1","128,1,1",126,30720,0,30720,,,,,,,,,,,,,,,,,,,
matmul,python,void cutlass::Kernel2<cutlass_80_simt_sgemm_128x64_8x5_nn_align1>(T1::Params),44.268,2026-09-10T01:15:55.163469,"128,1,1","128,1,1",126,30720,0,30720,,,,,,,,,,,,,,,,,,,
matmul,python,void cutlass::Kernel2<cutlass_80_simt_sgemm_128x64_8x5_nn_align1>(T1::Params),44.267,2026-09-10T01:15:55.163477,"128,1,1","128,1,1",126,30720,0,30720,,,,,,,,,,,,,,,,,,,
matmul,python,void cutlass::Kernel2<cutlass_80_simt_sgemm_128x64_8x5_nn_align1>(T1::Params),44.364,2026-09-10T01:15:55.163486,"128,1,1","128,1,1",126,30720,0,30720,,,,,,,,,,,,,,,,,,,
matmul,python,void cutlass::Kernel2<cutlass_80_simt_sgemm_128x64_8x5_nn_align1>(T1::Params),44.688,2026-09-10T01:15:55.163494,"128,1,1","128,1,1",126,30720,0,30720,,,,,,,,,,,,,,,,,,,
matmul,python,void cutlass::Kernel2<cutlass_80_simt_sgemm_128x64_8x5_nn_align1>(T1::Params),45.107,2026-09-10T01:15:55.163503,"128,1,1","128,1,1",126,30720,0,30720,,,,,,,,,,,,,,,,,,,
matmul,python,void cutlass::Kernel2<cutlass_80_simt_sgemm_128x64_8x5_nn_align1>(T1::Params),44.461,2026-09-10T01:15:55.163511,"128,1,1","128,1,1",126,30720,0,30720,,,,,,,,,,,,,,,,,,,
matmul,python,void cutlass::Kernel2<cutlass_80_simt_sgemm_128x64_8x5_nn_align1>(T1::Params),44.526,2026-09-10T01:15:55.163520,"128,1,1","128,1,1",126,30720,0,30720,,,,,,,,,,,,,,,,,,,
matmul,python,void cutlass::Kernel2<cutlass_80_simt_sgemm_128x64_8x5_nn_align1>(T1::Params),44.559,2026-09-10T01:15:55.163528,"128,1,1","128,1,1",126,30720,0,30720,,,,,,,,,,,,,,,,,,,
matmul,python,void cutlass::Kernel2<cutlass_80_simt_sgemm_128x64_8x5_nn_align1>(T1::Params),44.559,2026-09-10T01:15:55.163537,"128,1,1","128,1,1",126,30720,0,30720,,,,,,,,,,,,,,,,,,,
matmul,python,void cutlass::Kernel2<cutlass_80_simt_sgemm_128x64_8x5_nn_align1>(T1::Params),44.461,2026-09-10T01:15:55.163545,"128,1,1","128,1,1",126,30720,0,30720,,,,,,,,,,,,,,,,,,,
matmul,python,void cutlass::Kernel2<cutlass_80_simt_sgemm_128x64_8x5_nn_align1>(T1::Params),44.461,2026-09-10T01:15:55.163553,"128,1,1","128,1,1",126,30720,0,30720,,,,,,,,,,,,,,,,,,,
matmul,python,void cutlass::Kernel2<cutlass_80_simt_sgemm_128x64_8x5_nn_align1>(T1::Params),44.461,2026-09-10T01:15:55.163562,"128,1,1","128,1,1",126,30720,0,30720,,,,,,,,,,,,,,,,,,,
matmul,python,void cutlass::Kernel2<cutlass_80_simt_sgemm_128x64_8x5_nn_align1>(T1::Params),44.526,2026-09-10T01:15:55.163571,"128,1,1","128,1,1",126,30720,0,30720,,,,,,,,,,,,,,,,,,,
matmul,python,void cutlass::Kernel2<cutlass_80_simt_sgemm_128x64_8x5_nn_align1>(T1::Params),44.235,2026-09-10T01:15:55.163579,"128,1,1","128,1,1",126,30720,0,30720,,,,,,,,,,,,,,,,,,,
matmul,python,void cutlass::Kernel2<cutlass_80_simt_sgemm_128x64_8x5_nn_align1>(T1::Params),44.235,2026-09-10T01:15:55.163588,"128,1,1","128,1,1",126,30720,0,30720,,,,,,,,,,,,,,,,,,,
matmul,python,void cutlass::Kernel2<cutlass_80_simt_sgemm_128x64_8x5_nn_align1>(T1::Params),44.268,2026-09-10T01:15:55.163596,"128,1,1","128,1,1",126,30720,0,30720,,,,,,,,,,,,,,,,,,,
matmul,python,void cutlass::Kernel2<cutlass_80_simt_sgemm_128x64_8x5_nn_align1>(T1::Params),44.331,2026-09-10T01:15:55.163605,"128,1,1","128,1,1",126,30720,0,30720,,,,,,,,,,,,,,,,,,,
matmul,python,void cutlass::Kernel2<cutlass_80_simt_sgemm_128x64_8x5_nn_align1>(T1::Params),44.267,2026-09-10T01:15:55.163613,"128,1,1","128,1,1",126,30720,0,30720,,,,,,,,,,,,,,,,,,,
matmul,python,void cutlass::Kernel2<cutlass_80_simt_sgemm_128x64_8x5_nn_align1>(T1::Params),44.268,2026-09-10T01:15:55.163622,"128,1,1","128,1,1",126,30720,0,30720,,,,,,,,,,,,,,,,,,,
matmul,python,void cutlass::Kernel2<cutlass_80_simt_sgemm_128x64_8x5_nn_align1>(T1::Params),44.268,2026-09-10T01:15:55.163630,"128,1,1","128,1,1",126,30720,0,30720,,,,,,,,,,,,,,,,,,,
matmul,python,void cutlass::Kernel2<cutlass_80_simt_sgemm_128x64_8x5_nn_align1>(T1::Params),44.332,2026-09-10T01:15:55.163639,"128,1,1","128,1,1",126,30720,0,30720,,,,,,,,,,,,,,,,,,,
matmul,python,void cutlass::Kernel2<cutlass_80_simt_sgemm_128x64_8x5_nn_align1>(T1::Params),44.332,2026-09-10T01:15:55.163647,"128,1,1","128,1,1",126,30720,0,30720,,,,,,,,,,,,,,,,,,,
matmul,python,void cutlass::Kernel2<cutlass_80_simt_sgemm_128x64_8x5_nn_align1>(T1::Params),44.429,2026-09-10T01:15:55.163655,"128,1,1","128,1,1",126,30720,0,30720,,,,,,,,,,,,,,,,,,,
matmul,python,void cutlass::Kernel2<cutlass_80_simt_sgemm_128x64_8x5_nn_align1>(T1::Params),44.203,2026-09-10T01:15:55.163664,"128,1,1","128,1,1",126,30720,0,30720,,,,,,,,,,,,,,,,,,,
matmul,python,void cutlass::Kernel2<cutlass_80_simt_sgemm_128x64_8x5_nn_align1>(T1::Params),44.332,2026-09-10T01:15:55.163673,"128,1,1","128,1,1",126,30720,0,30720,,,,,,,,,,,,,,,,,,,
matmul,python,void cutlass::Kernel2<cutlass_80_simt_sgemm_128x64_8x5_nn_align1>(T1::Params),44.3,2026-09-10T01:15:55.163681,"128,1,1","128,1,1",126,30720,0,30720,,,,,,,,,,,,,,,,,,,
matmul,python,void cutlass::Kernel2<cutlass_80_simt_sgemm_128x64_8x5_nn_align1>(T1::Params),44.171,2026-09-10T01:15:55.163690,"128,1,1","128,1,1",126,30720,0,30720,,,,,,,,,,,,,,,,,,,
matmul,python,void cutlass::Kernel2<cutlass_80_simt_sgemm_128x64_8x5_nn_align1>(T1::Params),43.977,2026-09-10T01:15:55.163698,"128,1,1","128,1,1",126,30720,0,30720,,,,,,,,,,,,,,,,,,,
matmul,python,void cutlass::Kernel2<cutlass_80_simt_sgemm_128x64_8x5_nn_align1>(T1::Params),44.009,2026-09-10T01:15:55.163706,"128,1,1","128,1,1",126,30720,0,30720,,,,,,,,,,,,,,,,,,,
matmul,python,void cutlass::Kernel2<cutlass_80_simt_sgemm_128x64_8x5_nn_align1>(T1::Params),43.912,2026-09-10T01:15:55.163715,"128,1,1","128,1,1",126,30720,0,30720,,,,,,,,,,,,,,,,,,,
matmul,python,void cutlass::Kernel2<cutlass_80_simt_sgemm_128x64_8x5_nn_align1>(T1::Params),44.074,2026-09-10T01:15:55.163723,"128,1,1","128,1,1",126,30720,0,30720,,,,,,,,,,,,,,,,,,,
matmul,python,void cutlass::Kernel2<cutlass_80_simt_sgemm_128x64_8x5_nn_align1>(T1::Params),44.009,2026-09-10T01:15:55.163732,"128,1,1","128,1,1",126,30720,0,30720,,,,,,,,,,,,,,,,,,,
matmul,python,void cutlass::Kernel2<cutlass_80_simt_sgemm_128x64_8x5_nn_align1>(T1::Params),44.009,2026-09-10T01:15:55.163740,"128,1,1","128,1,1",126,30720,0,30720,,,,,,,,,,,,,,,,,,,
matmul,python,void cutlass::Kernel2<cutlass_80_simt_sgemm_128x64_8x5_nn_align1>(T1::Params),44.106,2026-09-10T01:15:55.163749,"128,1,1","128,1,1",126,30720,0,30720,,,,,,,,,,,,,,,,,,,
matmul,python,void cutlass::Kernel2<cutlass_80_simt_sgemm_128x64_8x5_nn_align1>(T1::Params),43.977,2026-09-10T01:15:55.163757,"128,1,1","128,1,1",126,30720,0,30720,,,,,,,,,,,,,,,,,,,
matmul,python,void cutlass::Kernel2<cutlass_80_simt_sgemm_128x64_8x5_nn_align1>(T1::Params),631.118,2026-09-10T01:15:55.163766,"128,1,1","128,1,1",126,30720,0,30720,,,,,,,,,,,,,,,,,,,
matmul,python,void cutlass::Kernel2<cutlass_80_simt_sgemm_128x64_8x5_nn_align1>(T1::Params),46.336,2026-09-10T01:15:55.163774,"128,1,1","128,1,1",126,30720,0,30720,,,,,,,,,,,,,,,,,,,
matmul,python,void cutlass::Kernel2<cutlass_80_simt_sgemm_128x64_8x5_nn_align1>(T1::Params),44.72,2026-09-10T01:15:55.163782,"128,1,1","128,1,1",126,30720,0,30720,,,,,,,,,,,,,,,,,,,
matmul,python,void cutlass::Kernel2<cutlass_80_simt_sgemm_128x64_8x5_nn_align1>(T1::Params),44.397,2026-09-10T01:15:55.163791,"128,1,1","128,1,1",126,30720,0,30720,,,,,,,,,,,,,,,,,,,
matmul,python,void cutlass::Kernel2<cutlass_80_simt_sgemm_128x64_8x5_nn_align1>(T1::Params),44.559,2026-09-10T01:15:55.163799,"128,1,1","128,1,1",126,30720,0,30720,,,,,,,,,,,,,,,,,,,
matmul,python,void cutlass::Kernel2<cutlass_80_simt_sgemm_128x64_8x5_nn_align1>(T1::Params),44.526,2026-09-10T01:15:55.163808,"128,1,1","128,1,1",126,30720,0,30720,,,,,,,,,,,,,,,,,,,
matmul,python,void cutlass::Kernel2<cutlass_80_simt_sgemm_128x64_8x5_nn_align1>(T1::Params),44.494,2026-09-10T01:15:55.163816,"128,1,1","128,1,1",126,30720,0,30720,,,,,,,,,,,,,,,,,,,
matmul,python,void cutlass::Kernel2<cutlass_80_simt_sgemm_128x64_8x5_nn_align1>(T1::Params),44.558,2026-09-10T01:15:55.163825,"128,1,1","128,1,1",126,30720,0,30720,,,,,,,,,,,,,,,,,,,
matmul,python,void cutlass::Kernel2<cutlass_80_simt_sgemm_128x64_8x5_nn_align1>(T1::Params),44.624,2026-09-10T01:15:55.163833,"128,1,1","128,1,1",126,30720,0,30720,,,,,,,,,,,,,,,,,,,
matmul,python,void cutlass::Kernel2<cutlass_80_simt_sgemm_128x64_8x5_nn_align1>(T1::Params),44.591,2026-09-10T01:15:55.163842,"128,1,1","128,1,1",126,30720,0,30720,,,,,,,,,,,,,,,,,,,
matmul,python,void cutlass::Kernel2<cutlass_80_simt_sgemm_128x64_8x5_nn_align1>(T1::Params),44.429,2026-09-10T01:15:55.163850,"128,1,1","128,1,1",126,30720,0,30720,,,,,,,,,,,,,,,,,,,
matmul,python,void cutlass::Kernel2<cutlass_80_simt_sgemm_128x64_8x5_nn_align1>(T1::Params),44.332,2026-09-10T01:15:55.163860,"128,1,1","128,1,1",126,30720,0,30720,,,,,,,,,,,,,,,,,,,
gelu,rust,bias_gelu,20.421,2026-09-10T01:15:56.461378,"12288,1,1","256,1,1",16,0,0,0,,,,,,,,,,,,,,,,,,,
gelu,rust,bias_gelu,11.098,2026-09-10T01:15:56.461395,"12288,1,1","256,1,1",16,0,0,0,,,,,,,,,,,,,,,,,,,
gelu,rust,bias_gelu,11.065,2026-09-10T01:15:56.461405,"12288,1,1","256,1,1",16,0,0,0,,,,,,,,,,,,,,,,,,,
gelu,rust,bias_gelu,11.097,2026-09-10T01:15:56.461415,"12288,1,1","256,1,1",16,0,0,0,,,,,,,,,,,,,,,,,,,
gelu,rust,bias_gelu,11.097,2026-09-10T01:15:56.461424,"12288,1,1","256,1,1",16,0,0,0,,,,,,,,,,,,,,,,,,,
gelu,rust,bias_gelu,11.065,2026-09-10T01:15:56.461433,"12288,1,1","256,1,1",16,0,0,0,,,,,,,,,,,,,,,,,,,
gelu,rust,bias_gelu,11.032,2026-09-10T01:15:56.461442,"12288,1,1","256,1,1",16,0,0,0,,,,,,,,,,,,,,,,,,,
gelu,rust,bias_gelu,11.097,2026-09-10T01:15:56.461451,"12288,1,1","256,1,1",16,0,0,0,,,,,,,,,,,,,,,,,,,
gelu,rust,bias_gelu,11.065,2026-09-10T01:15:56.461460,"12288,1,1","256,1,1",16,0,0,0,,,,,,,,,,,,,,,,,,,
gelu,rust,bias_gelu,11.065,2026-09-10T01:15:56.461469,"12288,1,1","256,1,1",16,0,0,0,,,,,,,,,,,,,,,,,,,
gelu,rust,bias_gelu,11.097,2026-09-10T01:15:56.461477,"12288,1,1","256,1,1",16,0,0,0,,,,,,,,,,,,,,,,,,,
gelu,rust,bias_gelu,11.033,2026-09-10T01:15:56.461486,"12288,1,1","256,1,1",16,0,0,0,,,,,,,,,,,,,,,,,,,
gelu,rust,bias_gelu,11.065,2026-09-10T01:15:56.461495,"12288,1,1","256,1,1",16,0,0,0,,,,,,,,,,,,,,,,,,,
gelu,rust,bias_gelu,11.097,2026-09-10T01:15:56.461504,"12288,1,1","256,1,1",16,0,0,0,,,,,,,,,,,,,,,,,,,
gelu,rust,bias_gelu,11.097,2026-09-10T01:15:56.461513,"12288,1,1","256,1,1",16,0,0,0,,,,,,,,,,,,,,,,,,,
gelu,rust,bias_gelu,11.065,2026-09-10T01:15:56.461522,"12288,1,1","256,1,1",16,0,0,0,,,,,,,,,,,,,,,,,,,
gelu,rust,bias_gelu,11.097,2026-09-10T01:15:56.461531,"12288,1,1","256,1,1",16,0,0,0,,,,,,,,,,,,,,,,,,,
gelu,rust,bias_gelu,11.066,2026-09-10T01:15:56.461540,"12288,1,1","256,1,1",16,0,0,0,,,,,,,,,,,,,,,,,,,
gelu,rust,bias_gelu,11.097,2026-09-10T01:15:56.461548,"12288,1,1","256,1,1",16,0,0,0,,,,,,,,,,,,,,,,,,,
gelu,rust,bias_gelu,11.065,2026-09-10T01:15:56.461557,"12288,1,1","256,1,1",16,0,0,0,,,,,,,,,,,,,,,,,,,
gelu,rust,bias_gelu,11.065,2026-09-10T01:15:56.461565,"12288,1,1","256,1,1",16,0,0,0,,,,,,,,,,,,,,,,,,,
gelu,rust,bias_gelu,11.098,2026-09-10T01:15:56.461574,"12288,1,1","256,1,1",16,0,0,0,,,,,,,,,,,,,,,,,,,
gelu,rust,bias_gelu,11.097,2026-09-10T01:15:56.461583,"12288,1,1","256,1,1",16,0,0,0,,,,,,,,,,,,,,,,,,,
gelu,rust,bias_gelu,11.098,2026-09-10T01:15:56.461591,"12288,1,1","256,1,1",16,0,0,0,,,,,,,,,,,,,,,,,,,
gelu,rust,bias_gelu,11.097,2026-09-10T01:15:56.461600,"12288,1,1","256,1,1",16,0,0,0,,,,,,,,,,,,,,,,,,,
gelu,rust,bias_gelu,11.098,2026-09-10T01:15:56.461609,"12288,1,1","256,1,1",16,0,0,0,,,,,,,,,,,,,,,,,,,
gelu,rust,bias_gelu,11.098,2026-09-10T01:15:56.461617,"12288,1,1","256,1,1",16,0,0,0,,,,,,,,,,,,,,,,,,,
gelu,rust,bias_gelu,11.098,2026-09-10T01:15:56.461626,"12288,1,1","256,1,1",16,0,0,0,,,,,,,,,,,,,,,,,,,
gelu,rust,bias_gelu,11.097,2026-09-10T01:15:56.461634,"12288,1,1","256,1,1",16,0,0,0,,,,,,,,,,,,,,,,,,,
gelu,rust,bias_gelu,11.097,2026-09-10T01:15:56.461643,"12288,1,1","256,1,1",16,0,0,0,,,,,,,,,,,,,,,,,,,
gelu,rust,bias_gelu,11.097,2026-09-10T01:15:56.461651,"12288,1,1","256,1,1",16,0,0,0,,,,,,,,,,,,,,,,,,,
gelu,rust,bias_gelu,11.065,2026-09-10T01:15:56.461660,"12288,1,1","256,1,1",16,0,0,0,,,,,,,,,,,,,,,,,,,
gelu,rust,bias_gelu,11.098,2026-09-10T01:15:56.461669,"12288,1,1","256,1,1",16,0,0,0,,,,,,,,,,,,,,,,,,,
gelu,rust,bias_gelu,11.097,2026-09-10T01:15:56.461677,"12288,1,1","256,1,1",16,0,0,0,,,,,,,,,,,,,,,,,,,
gelu,rust,bias_gelu,11.098,2026-09-10T01:15:56.461686,"12288,1,1","256,1,1",16,0,0,0,,,,,,,,,,,,,,,,,,,
gelu,rust,bias_gelu,11.066,2026-09-10T01:15:56.461694,"12288,1,1","256,1,1",16,0,0,0,,,,,,,,,,,,,,,,,,,
gelu,rust,bias_gelu,11.065,2026-09-10T01:15:56.461703,"12288,1,1","256,1,1",16,0,0,0,,,,,,,,,,,,,,,,,,,
gelu,rust,bias_gelu,11.065,2026-09-10T01:15:56.461712,"12288,1,1","256,1,1",16,0,0,0,,,,,,,,,,,,,,,,,,,
gelu,rust,bias_gelu,11.097,2026-09-10T01:15:56.461721,"12288,1,1","256,1,1",16,0,0,0,,,,,,,,,,,,,,,,,,,
gelu,rust,bias_gelu,11.066,2026-09-10T01:15:56.461730,"12288,1,1","256,1,1",16,0,0,0,,,,,,,,,,,,,,,,,,,
gelu,rust,bias_gelu,11.065,2026-09-10T01:15:56.461739,"12288,1,1","256,1,1",16,0,0,0,,,,,,,,,,,,,,,,,,,
gelu,rust,bias_gelu,11.065,2026-09-10T01:15:56.461748,"12288,1,1","256,1,1",16,0,0,0,,,,,,,,,,,,,,,,,,,
gelu,rust,bias_gelu,11.033,2026-09-10T01:15:56.461757,"12288,1,1","256,1,1",16,0,0,0,,,,,,,,,,,,,,,,,,,
gelu,rust,bias_gelu,11.097,2026-09-10T01:15:56.461765,"12288,1,1","256,1,1",16,0,0,0,,,,,,,,,,,,,,,,,,,
gelu,rust,bias_gelu,11.098,2026-09-10T01:15:56.461774,"12288,1,1","256,1,1",16,0,0,0,,,,,,,,,,,,,,,,,,,
gelu,rust,bias_gelu,11.066,2026-09-10T01:15:56.461783,"12288,1,1","256,1,1",16,0,0,0,,,,,,,,,,,,,,,,,,,
gelu,rust,bias_gelu,11.098,2026-09-10T01:15:56.461791,"12288,1,1","256,1,1",16,0,0,0,,,,,,,,,,,,,,,,,,,
gelu,rust,bias_gelu,11.13,2026-09-10T01:15:56.461800,"12288,1,1","256,1,1",16,0,0,0,,,,,,,,,,,,,,,,,,,
gelu,rust,bias_gelu,11.097,2026-09-10T01:15:56.461810,"12288,1,1","256,1,1",16,0,0,0,,,,,,,,,,,,,,,,,,,
gelu,rust,bias_gelu,21.549,2026-09-10T01:15:56.461819,"12288,1,1","256,1,1",16,0,0,0,,,,,,,,,,,,,,,,,,,
gelu,rust,bias_gelu,11.033,2026-09-10T01:15:56.461827,"12288,1,1","256,1,1",16,0,0,0,,,,,,,,,,,,,,,,,,,
gelu,rust,bias_gelu,11.065,2026-09-10T01:15:56.461836,"12288,1,1","256,1,1",16,0,0,0,,,,,,,,,,,,,,,,,,,
gelu,rust,bias_gelu,11.033,2026-09-10T01:15:56.461844,"12288,1,1","256,1,1",16,0,0,0,,,,,,,,,,,,,,,,,,,
gelu,rust,bias_gelu,11.033,2026-09-10T01:15:56.461853,"12288,1,1","256,1,1",16,0,0,0,,,,,,,,,,,,,,,,,,,
gelu,rust,bias_gelu,11.0,2026-09-10T01:15:56.461862,"12288,1,1","256,1,1",16,0,0,0,,,,,,,,,,,,,,,,,,,
gelu,rust,bias_gelu,11.033,2026-09-10T01:15:56.461870,"12288,1,1","256,1,1",16,0,0,0,,,,,,,,,,,,,,,,,,,
gelu,rust,bias_gelu,11.065,2026-09-10T01:15:56.461879,"12288,1,1","256,1,1",16,0,0,0,,,,,,,,,,,,,,,,,,,
gelu,rust,bias_gelu,11.033,2026-09-10T01:15:56.461887,"12288,1,1","256,1,1",16,0,0,0,,,,,,,,,,,,,,,,,,,
gelu,rust,bias_gelu,11.033,2026-09-10T01:15:56.461896,"12288,1,1","256,1,1",16,0,0,0,,,,,,,,,,,,,,,,,,,
gelu,rust,bias_gelu,11.033,2026-09-10T01:15:56.461905,"12288,1,1","256,1,1",16,0,0,0,,,,,,,,,,,,,,,,,,,
gelu,rust,bias_gelu,11.066,2026-09-10T01:15:56.461913,"12288,1,1","256,1,1",16,0,0,0,,,,,,,,,,,,,,,,,,,
gelu,rust,bias_gelu,11.001,2026-09-10T01:15:56.461922,"12288,1,1","256,1,1",16,0,0,0,,,,,,,,,,,,,,,,,,,
gelu,rust,bias_gelu,11.032,2026-09-10T01:15:56.461930,"12288,1,1","256,1,1",16,0,0,0,,,,,,,,,,,,,,,,,,,
gelu,rust,bias_gelu,11.001,2026-09-10T01:15:56.461939,"12288,1,1","256,1,1",16,0,0,0,,,,,,,,,,,,,,,,,,,
gelu,rust,bias_gelu,11.033,2026-09-10T01:15:56.461948,"12288,1,1","256,1,1",16,0,0,0,,,,,,,,,,,,,,,,,,,
gelu,rust,bias_gelu,11.065,2026-09-10T01:15:56.461956,"12288,1,1","256,1,1",16,0,0,0,,,,,,,,,,,,,,,,,,,
gelu,rust,bias_gelu,11.033,2026-09-10T01:15:56.461965,"12288,1,1","256,1,1",16,0,0,0,,,,,,,,,,,,,,,,,,,
gelu,rust,bias_gelu,11.033,2026-09-10T01:15:56.461974,"12288,1,1","256,1,1",16,0,0,0,,,,,,,,,,,,,,,,,,,
gelu,rust,bias_gelu,11.0,2026-09-10T01:15:56.461982,"12288,1,1","256,1,1",16,0,0,0,,,,,,,,,,,,,,,,,,,
gelu,rust,bias_gelu,11.033,2026-09-10T01:15:56.461991,"12288,1,1","256,1,1",16,0,0,0,,,,,,,,,,,,,,,,,,,
gelu,rust,bias_gelu,11.033,2026-09-10T01:15:56.461999,"12288,1,1","256,1,1",16,0,0,0,,,,,,,,,,,,,,,,,,,
gelu,rust,bias_gelu,11.065,2026-09-10T01:15:56.462008,"12288,1,1","256,1,1",16,0,0,0,,,,,,,,,,,,,,,,,,,
gelu,rust,bias_gelu,11.033,2026-09-10T01:15:56.462016,"12288,1,1","256,1,1",16,0,0,0,,,,,,,,,,,,,,,,,,,
gelu,rust,bias_gelu,11.032,2026-09-10T01:15:56.462025,"12288,1,1","256,1,1",16,0,0,0,,,,,,,,,,,,,,,,,,,
gelu,rust,bias_gelu,11.001,2026-09-10T01:15:56.462033,"12288,1,1","256,1,1",16,0,0,0,,,,,,,,,,,,,,,,,,,
gelu,rust,bias_gelu,11.032,2026-09-10T01:15:56.462042,"12288,1,1","256,1,1",16,0,0,0,,,,,,,,,,,,,,,,,,,
gelu,rust,bias_gelu,11.066,2026-09-10T01:15:56.462050,"12288,1,1","256,1,1",16,0,0,0,,,,,,,,,,,,,,,,,,,
gelu,rust,bias_gelu,11.097,2026-09-10T01:15:56.462059,"12288,1,1","256,1,1",16,0,0,0,,,,,,,,,,,,,,,,,,,
gelu,rust,bias_gelu,11.065,2026-09-10T01:15:56.462068,"12288,1,1","256,1,1",16,0,0,0,,,,,,,,,,,,,,,,,,,
gelu,rust,bias_gelu,11.065,2026-09-10T01:15:56.462076,"12288,1,1","256,1,1",16,0,0,0,,,,,,,,,,,,,,,,,,,
gelu,rust,bias_gelu,11.065,2026-09-10T01:15:56.462085,"12288,1,1","256,1,1",16,0,0,0,,,,,,,,,,,,,,,,,,,
gelu,rust,bias_gelu,11.033,2026-09-10T01:15:56.462093,"12288,1,1","256,1,1",16,0,0,0,,,,,,,,,,,,,,,,,,,
gelu,rust,bias_gelu,11.066,2026-09-10T01:15:56.462102,"12288,1,1","256,1,1",16,0,0,0,,,,,,,,,,,,,,,,,,,
gelu,rust,bias_gelu,11.033,2026-09-10T01:15:56.462111,"12288,1,1","256,1,1",16,0,0,0,,,,,,,,,,,,,,,,,,,
gelu,rust,bias_gelu,11.032,2026-09-10T01:15:56.462119,"12288,1,1","256,1,1",16,0,0,0,,,,,,,,,,,,,,,,,,,
gelu,rust,bias_gelu,11.066,2026-09-10T01:15:56.462128,"12288,1,1","256,1,1",16,0,0,0,,,,,,,,,,,,,,,,,,,
gelu,rust,bias_gelu,11.033,2026-09-10T01:15:56.462136,"12288,1,1","256,1,1",16,0,0,0,,,,,,,,,,,,,,,,,,,
gelu,rust,bias_gelu,11.065,2026-09-10T01:15:56.462145,"12288,1,1","256,1,1",16,0,0,0,,,,,,,,,,,,,,,,,,,
gelu,rust,bias_gelu,11.065,2026-09-10T01:15:56.462153,"12288,1,1","256,1,1",16,0,0,0,,,,,,,,,,,,,,,,,,,
gelu,rust,bias_gelu,11.066,2026-09-10T01:15:56.462162,"12288,1,1","256,1,1",16,0,0,0,,,,,,,,,,,,,,,,,,,
gelu,rust,bias_gelu,11.066,2026-09-10T01:15:56.462170,"12288,1,1","256,1,1",16,0,0,0,,,,,,,,,,,,,,,,,,,
gelu,rust,bias_gelu,11.098,2026-09-10T01:15:56.462179,"12288,1,1","256,1,1",16,0,0,0,,,,,,,,,,,,,,,,,,,
gelu,rust,bias_gelu,11.066,2026-09-10T01:15:56.462188,"12288,1,1","256,1,1",16,0,0,0,,,,,,,,,,,,,,,,,,,
gelu,rust,bias_gelu,11.066,2026-09-10T01:15:56.462196,"12288,1,1","256,1,1",16,0,0,0,,,,,,,,,,,,,,,,,,,
gelu,rust,bias_gelu,11.065,2026-09-10T01:15:56.462205,"12288,1,1","256,1,1",16,0,0,0,,,,,,,,,,,,,,,,,,,
gelu,rust,bias_gelu,11.033,2026-09-10T01:15:56.462213,"12288,1,1","256,1,1",16,0,0,0,,,,,,,,,,,,,,,,,,,
gelu,rust,bias_gelu,11.033,2026-09-10T01:15:56.462222,"12288,1,1","256,1,1",16,0,0,0,,,,,,,,,,,,,,,,,,,
gelu,rust,bias_gelu,11.098,2026-09-10T01:15:56.462230,"12288,1,1","256,1,1",16,0,0,0,,,,,,,,,,,,,,,,,,,
gelu,rust,bias_gelu,11.066,2026-09-10T01:15:56.462239,"12288,1,1","256,1,1",16,0,0,0,,,,,,,,,,,,,,,,,,,
gelu,rust,bias_gelu,11.066,2026-09-10T01:15:56.462249,"12288,1,1","256,1,1",16,0,0,0,,,,,,,,,,,,,,,,,,,
gelu,python,"void at::native::elementwise_kernel<(int)128, (int)2, void at::native::gpu_kernel_impl_nocast<at::native::CUDAFunctor_add<float>>(at::TensorIteratorBase &, const T1 &)::[lambda(int) (instance 1)]>(int, T3)",15.573,2026-09-10T01:15:58.565924,"12288,1,1","128,1,1",16,0,0,0,,,,,,,,,,,,,,,,,,,
gelu,python,"void at::native::vectorized_elementwise_kernel<(int)4, at::native::GeluCUDAKernelImpl(at::TensorIteratorBase &, at::native::GeluType)::[lambda() (instance 1)]::operator ()() const::[lambda() (instance 2)]::operator ()() const::[lambda(float) (instance 1)], std::array<char *, (unsigned long)2>>(int, T2, T3)",7.658,2026-09-10T01:15:58.565942,"3072,1,1","128,1,1",37,0,0,0,,,,,,,,,,,,,,,,,,,
gelu,python,"void at::native::elementwise_kernel<(int)128, (int)2, void at::native::gpu_kernel_impl_nocast<at::native::CUDAFunctor_add<float>>(at::TensorIteratorBase &, const T1 &)::[lambda(int) (instance 1)]>(int, T3)",8.27,2026-09-10T01:15:58.565952,"12288,1,1","128,1,1",16,0,0,0,,,,,,,,,,,,,,,,,,,
gelu,python,"void at::native::vectorized_elementwise_kernel<(int)4, at::native::GeluCUDAKernelImpl(at::TensorIteratorBase &, at::native::GeluType)::[lambda() (instance 1)]::operator ()() const::[lambda() (instance 2)]::operator ()() const::[lambda(float) (instance 1)], std::array<char *, (unsigned long)2>>(int, T2, T3)",7.69,2026-09-10T01:15:58.565961,"3072,1,1","128,1,1",37,0,0,0,,,,,,,,,,,,,,,,,,,
gelu,python,"void at::native::elementwise_kernel<(int)128, (int)2, void at::native::gpu_kernel_impl_nocast<at::native::CUDAFunctor_add<float>>(at::TensorIteratorBase &, const T1 &)::[lambda(int) (instance 1)]>(int, T3)",8.269,2026-09-10T01:15:58.565970,"12288,1,1","128,1,1",16,0,0,0,,,,,,,,,,,,,,,,,,,
gelu,python,"void at::native::vectorized_elementwise_kernel<(int)4, at::native::GeluCUDAKernelImpl(at::TensorIteratorBase &, at::native::GeluType)::[lambda() (instance 1)]::operator ()() const::[lambda() (instance 2)]::operator ()() const::[lambda(float) (instance 1)], std::array<char *, (unsigned long)2>>(int, T2, T3)",7.497,2026-09-10T01:15:58.565979,"3072,1,1","128,1,1",37,0,0,0,,,,,,,,,,,,,,,,,,,
gelu,python,"void at::native::elementwise_kernel<(int)128, (int)2, void at::native::gpu_kernel_impl_nocast<at::native::CUDAFunctor_add<float>>(at::TensorIteratorBase &, const T1 &)::[lambda(int) (instance 1)]>(int, T3)",8.173,2026-09-10T01:15:58.565987,"12288,1,1","128,1,1",16,0,0,0,,,,,,,,,,,,,,,,,,,
gelu,python,"void at::native::vectorized_elementwise_kernel<(int)4, at::native::GeluCUDAKernelImpl(at::TensorIteratorBase &, at::native::GeluType)::[lambda() (instance 1)]::operator ()() const::[lambda() (instance 2)]::operator ()() const::[lambda(float) (instance 1)], std::array<char *, (unsigned long)2>>(int, T2, T3)",7.594,2026-09-10T01:15:58.565996,"3072,1,1","128,1,1",37,0,0,0,,,,,,,,,,,,,,,,,,,
gelu,python,"void at::native::elementwise_kernel<(int)128, (int)2, void at::native::gpu_kernel_impl_nocast<at::native::CUDAFunctor_add<float>>(at::TensorIteratorBase &, const T1 &)::[lambda(int) (instance 1)]>(int, T3)",8.172,2026-09-10T01:15:58.566004,"12288,1,1","128,1,1",16,0,0,0,,,,,,,,,,,,,,,,,,,
gelu,python,"void at::native::vectorized_elementwise_kernel<(int)4, at::native::GeluCUDAKernelImpl(at::TensorIteratorBase &, at::native::GeluType)::[lambda() (instance 1)]::operator ()() const::[lambda() (instance 2)]::operator ()() const::[lambda(float) (instance 1)], std::array<char *, (unsigned long)2>>(int, T2, T3)",7.465,2026-09-10T01:15:58.566013,"3072,1,1","128,1,1",37,0,0,0,,,,,,,,,,,,,,,,,,,
gelu,python,"void at::native::elementwise_kernel<(int)128, (int)2, void at::native::gpu_kernel_impl_nocast<at::native::CUDAFunctor_add<float>>(at::TensorIteratorBase &, const T1 &)::[lambda(int) (instance 1)]>(int, T3)",8.141,2026-09-10T01:15:58.566022,"12288,1,1","128,1,1",16,0,0,0,,,,,,,,,,,,,,,,,,,
gelu,python,"void at::native::vectorized_elementwise_kernel<(int)4, at::native::GeluCUDAKernelImpl(at::TensorIteratorBase &, at::native::GeluType)::[lambda() (instance 1)]::operator ()() const::[lambda() (instance 2)]::operator ()() const::[lambda(float) (instance 1)], std::array<char *, (unsigned long)2>>(int, T2, T3)",7.497,2026-09-10T01:15:58.566030,"3072,1,1","128,1,1",37,0,0,0,,,,,,,,,,,,,,,,,,,
gelu,python,"void at::native::elementwise_kernel<(int)128, (int)2, void at::native::gpu_kernel_impl_nocast<at::native::CUDAFunctor_add<float>>(at::TensorIteratorBase &, const T1 &)::[lambda(int) (instance 1)]>(int, T3)",8.173,2026-09-10T01:15:58.566039,"12288,1,1","128,1,1",16,0,0,0,,,,,,,,,,,,,,,,,,,
gelu,python,"void at::native::vectorized_elementwise_kernel<(int)4, at::native::GeluCUDAKernelImpl(at::TensorIteratorBase &, at::native::GeluType)::[lambda() (instance 1)]::operator ()() const::[lambda() (instance 2)]::operator ()() const::[lambda(float) (instance 1)], std::array<char *, (unsigned long)2>>(int, T2, T3)",7.689,2026-09-10T01:15:58.566048,"3072,1,1","128,1,1",37,0,0,0,,,,,,,,,,,,,,,,,,,
gelu,python,"void at::native::elementwise_kernel<(int)128, (int)2, void at::native::gpu_kernel_impl_nocast<at::native::CUDAFunctor_add<float>>(at::TensorIteratorBase &, const T1 &)::[lambda(int) (instance 1)]>(int, T3)",8.237,2026-09-10T01:15:58.566057,"12288,1,1","128,1,1",16,0,0,0,,,,,,,,,,,,,,,,,,,
gelu,python,"void at::native::vectorized_elementwise_kernel<(int)4, at::native::GeluCUDAKernelImpl(at::TensorIteratorBase &, at::native::GeluType)::[lambda() (instance 1)]::operator ()() const::[lambda() (instance 2)]::operator ()() const::[lambda(float) (instance 1)], std::array<char *, (unsigned long)2>>(int, T2, T3)",7.69,2026-09-10T01:15:58.566066,"3072,1,1","128,1,1",37,0,0,0,,,,,,,,,,,,,,,,,,,
gelu,python,"void at::native::elementwise_kernel<(int)128, (int)2, void at::native::gpu_kernel_impl_nocast<at::native::CUDAFunctor_add<float>>(at::TensorIteratorBase &, const T1 &)::[lambda(int) (instance 1)]>(int, T3)",8.205,2026-09-10T01:15:58.566075,"12288,1,1","128,1,1",16,0,0,0,,,,,,,,,,,,,,,,,,,
gelu,python,"void at::native::vectorized_elementwise_kernel<(int)4, at::native::GeluCUDAKernelImpl(at::TensorIteratorBase &, at::native::GeluType)::[lambda() (instance 1)]::operator ()() const::[lambda() (instance 2)]::operator ()() const::[lambda(float) (instance 1)], std::array<char *, (unsigned long)2>>(int, T2, T3)",7.497,2026-09-10T01:15:58.566084,"3072,1,1","128,1,1",37,0,0,0,,,,,,,,,,,,,,,,,,,
gelu,python,"void at::native::elementwise_kernel<(int)128, (int)2, void at::native::gpu_kernel_impl_nocast<at::native::CUDAFunctor_add<float>>(at::TensorIteratorBase &, const T1 &)::[lambda(int) (instance 1)]>(int, T3)",8.173,2026-09-10T01:15:58.566093,"12288,1,1","128,1,1",16,0,0,0,,,,,,,,,,,,,,,,,,,
gelu,python,"void at::native::vectorized_elementwise_kernel<(int)4, at::native::GeluCUDAKernelImpl(at::TensorIteratorBase &, at::native::GeluType)::[lambda() (instance 1)]::operator ()() const::[lambda() (instance 2)]::operator ()() const::[lambda(float) (instance 1)], std::array<char *, (unsigned long)2>>(int, T2, T3)",7.593,2026-09-10T01:15:58.566101,"3072,1,1","128,1,1",37,0,0,0,,,,,,,,,,,,,,,,,,,
gelu,python,"void at::native::elementwise_kernel<(int)128, (int)2, void at::native::gpu_kernel_impl_nocast<at::native::CUDAFunctor_add<float>>(at::TensorIteratorBase &, const T1 &)::[lambda(int) (instance 1)]>(int, T3)",8.236,2026-09-10T01:15:58.566110,"12288,1,1","128,1,1",16,0,0,0,,,,,,,,,,,,,,,,,,,
gelu,python,"void at::native::vectorized_elementwise_kernel<(int)4, at::native::GeluCUDAKernelImpl(at::TensorIteratorBase &, at::native::GeluType)::[lambda() (instance 1)]::operator ()() const::[lambda() (instance 2)]::operator ()() const::[lambda(float) (instance 1)], std::array<char *, (unsigned long)2>>(int, T2, T3)",7.722,2026-09-10T01:15:58.566119,"3072,1,1","128,1,1",37,0,0,0,,,,,,,,,,,,,,,,,,,
gelu,python,"void at::native::elementwise_kernel<(int)128, (int)2, void at::native::gpu_kernel_impl_nocast<at::native::CUDAFunctor_add<float>>(at::TensorIteratorBase &, const T1 &)::[lambda(int) (instance 1)]>(int, T3)",8.173,2026-09-10T01:15:58.566127,"12288,1,1","128,1,1",16,0,0,0,,,,,,,,,,,,,,,,,,,
gelu,python,"void at::native::vectorized_elementwise_kernel<(int)4, at::native::GeluCUDAKernelImpl(at::TensorIteratorBase &, at::native::GeluType)::[lambda() (instance 1)]::operator ()() const::[lambda() (instance 2)]::operator ()() const::[lambda(float) (instance 1)], std::array<char *, (unsigned long)2>>(int, T2, T3)",7.657,2026-09-10T01:15:58.566135,"3072,1,1","128,1,1",37,0,0,0,,,,,,,,,,,,,,,,,,,
gelu,python,"void at::native::elementwise_kernel<(int)128, (int)2, void at::native::gpu_kernel_impl_nocast<at::native::CUDAFunctor_add<float>>(at::TensorIteratorBase &, const T1 &)::[lambda(int) (instance 1)]>(int, T3)",8.172,2026-09-10T01:15:58.566144,"12288,1,1","128,1,1",16,0,0,0,,,,,,,,,,,,,,,,,,,
gelu,python,"void at::native::vectorized_elementwise_kernel<(int)4, at::native::GeluCUDAKernelImpl(at::TensorIteratorBase &, at::native::GeluType)::[lambda() (instance 1)]::operator ()() const::[lambda() (instance 2)]::operator ()() const::[lambda(float) (instance 1)], std::array<char *, (unsigned long)2>>(int, T2, T3)",7.561,2026-09-10T01:15:58.566153,"3072,1,1","128,1,1",37,0,0,0,,,,,,,,,,,,,,,,,,,
gelu,python,"void at::native::elementwise_kernel<(int)128, (int)2, void at::native::gpu_kernel_impl_nocast<at::native::CUDAFunctor_add<float>>(at::TensorIteratorBase &, const T1 &)::[lambda(int) (instance 1)]>(int, T3)",8.205,2026-09-10T01:15:58.566161,"12288,1,1","128,1,1",16,0,0,0,,,,,,,,,,,,,,,,,,,
gelu,python,"void at::native::vectorized_elementwise_kernel<(int)4, at::native::GeluCUDAKernelImpl(at::TensorIteratorBase &, at::native::GeluType)::[lambda() (instance 1)]::operator ()() const::[lambda() (instance 2)]::operator ()() const::[lambda(float) (instance 1)], std::array<char *, (unsigned long)2>>(int, T2, T3)",7.594,2026-09-10T01:15:58.566170,"3072,1,1","128,1,1",37,0,0,0,,,,,,,,,,,,,,,,,,,
gelu,python,"void at::native::elementwise_kernel<(int)128, (int)2, void at::native::gpu_kernel_impl_nocast<at::native::CUDAFunctor_add<float>>(at::TensorIteratorBase &, const T1 &)::[lambda(int) (instance 1)]>(int, T3)",8.204,2026-09-10T01:15:58.566178,"12288,1,1","128,1,1",16,0,0,0,,,,,,,,,,,,,,,,,,,
gelu,python,"void at::native::vectorized_elementwise_kernel<(int)4, at::native::GeluCUDAKernelImpl(at::TensorIteratorBase &, at::native::GeluType)::[lambda() (instance 1)]::operator ()() const::[lambda() (instance 2)]::operator ()() const::[lambda(float) (instance 1)], std::array<char *, (unsigned long)2>>(int, T2, T3)",7.625,2026-09-10T01:15:58.566187,"3072,1,1","128,1,1",37,0,0,0,,,,,,,,,,,,,,,,,,,
gelu,python,"void at::native::elementwise_kernel<(int)128, (int)2, void at::native::gpu_kernel_impl_nocast<at::native::CUDAFunctor_add<float>>(at::TensorIteratorBase &, const T1 &)::[lambda(int) (instance 1)]>(int, T3)",8.204,2026-09-10T01:15:58.566195,"12288,1,1","128,1,1",16,0,0,0,,,,,,,,,,,,,,,,,,,
gelu,python,"void at::native::vectorized_elementwise_kernel<(int)4, at::native::GeluCUDAKernelImpl(at::TensorIteratorBase &, at::native::GeluType)::[lambda() (instance 1)]::operator ()() const::[lambda() (instance 2)]::operator ()() const::[lambda(float) (instance 1)], std::array<char *, (unsigned long)2>>(int, T2, T3)",7.593,2026-09-10T01:15:58.566203,"3072,1,1","128,1,1",37,0,0,0,,,,,,,,,,,,,,,,,,,
gelu,python,"void at::native::elementwise_kernel<(int)128, (int)2, void at::native::gpu_kernel_impl_nocast<at::native::CUDAFunctor_add<float>>(at::TensorIteratorBase &, const T1 &)::[lambda(int) (instance 1)]>(int, T3)",8.204,2026-09-10T01:15:58.566212,"12288,1,1","128,1,1",16,0,0,0,,,,,,,,,,,,,,,,,,,
gelu,python,"void at::native::vectorized_elementwise_kernel<(int)4, at::native::GeluCUDAKernelImpl(at::TensorIteratorBase &, at::native::GeluType)::[lambda() (instance 1)]::operator ()() const::[lambda() (instance 2)]::operator ()() const::[lambda(float) (instance 1)], std::array<char *, (unsigned long)2>>(int, T2, T3)",7.594,2026-09-10T01:15:58.566220,"3072,1,1","128,1,1",37,0,0,0,,,,,,,,,,,,,,,,,,,
gelu,python,"void at::native::elementwise_kernel<(int)128, (int)2, void at::native::gpu_kernel_impl_nocast<at::native::CUDAFunctor_add<float>>(at::TensorIteratorBase &, const T1 &)::[lambda(int) (instance 1)]>(int, T3)",8.237,2026-09-10T01:15:58.566229,"12288,1,1","128,1,1",16,0,0,0,,,,,,,,,,,,,,,,,,,
gelu,python,"void at::native::vectorized_elementwise_kernel<(int)4, at::native::GeluCUDAKernelImpl(at::TensorIteratorBase &, at::native::GeluType)::[lambda() (instance 1)]::operator ()() const::[lambda() (instance 2)]::operator ()() const::[lambda(float) (instance 1)], std::array<char *, (unsigned long)2>>(int, T2, T3)",7.69,2026-09-10T01:15:58.566237,"3072,1,1","128,1,1",37,0,0,0,,,,,,,,,,,,,,,,,,,
gelu,python,"void at::native::elementwise_kernel<(int)128, (int)2, void at::native::gpu_kernel_impl_nocast<at::native::CUDAFunctor_add<float>>(at::TensorIteratorBase &, const T1 &)::[lambda(int) (instance 1)]>(int, T3)",8.237,2026-09-10T01:15:58.566246,"12288,1,1","128,1,1",16,0,0,0,,,,,,,,,,,,,,,,,,,
gelu,python,"void at::native::vectorized_elementwise_kernel<(int)4, at::native::GeluCUDAKernelImpl(at::TensorIteratorBase &, at::native::GeluType)::[lambda() (instance 1)]::operator ()() const::[lambda() (instance 2)]::operator ()() const::[lambda(float) (instance 1)], std::array<char *, (unsigned long)2>>(int, T2, T3)",7.658,2026-09-10T01:15:58.566254,"3072,1,1","128,1,1",37,0,0,0,,,,,,,,,,,,,,,,,,,
gelu,python,"void at::native::elementwise_kernel<(int)128, (int)2, void at::native::gpu_kernel_impl_nocast<at::native::CUDAFunctor_add<float>>(at::TensorIteratorBase &, const T1 &)::[lambda(int) (instance 1)]>(int, T3)",8.205,2026-09-10T01:15:58.566263,"12288,1,1","128,1,1",16,0,0,0,,,,,,,,,,,,,,,,,,,
gelu,python,"void at::native::vectorized_elementwise_kernel<(int)4, at::native::GeluCUDAKernelImpl(at::TensorIteratorBase &, at::native::GeluType)::[lambda() (instance 1)]::operator ()() const::[lambda() (instance 2)]::operator ()() const::[lambda(float) (instance 1)], std::array<char *, (unsigned long)2>>(int, T2, T3)",7.689,2026-09-10T01:15:58.566272,"3072,1,1","128,1,1",37,0,0,0,,,,,,,,,,,,,,,,,,,
gelu,python,"void at::native::elementwise_kernel<(int)128, (int)2, void at::native::gpu_kernel_impl_nocast<at::native::CUDAFunctor_add<float>>(at::TensorIteratorBase &, const T1 &)::[lambda(int) (instance 1)]>(int, T3)",8.236,2026-09-10T01:15:58.566280,"12288,1,1","128,1,1",16,0,0,0,,,,,,,,,,,,,,,,,,,
gelu,python,"void at::native::vectorized_elementwise_kernel<(int)4, at::native::GeluCUDAKernelImpl(at::TensorIteratorBase &, at::native::GeluType)::[lambda() (instance 1)]::operator ()() const::[lambda() (instance 2)]::operator ()() const::[lambda(float) (instance 1)], std::array<char *, (unsigned long)2>>(int, T2, T3)",7.657,2026-09-10T01:15:58.566289,"3072,1,1","128,1,1",37,0,0,0,,,,,,,,,,,,,,,,,,,
gelu,python,"void at::native::elementwise_kernel<(int)128, (int)2, void at::native::gpu_kernel_impl_nocast<at::native::CUDAFunctor_add<float>>(at::TensorIteratorBase &, const T1 &)::[lambda(int) (instance 1)]>(int, T3)",8.204,2026-09-10T01:15:58.566297,"12288,1,1","128,1,1",16,0,0,0,,,,,,,,,,,,,,,,,,,
gelu,python,"void at::native::vectorized_elementwise_kernel<(int)4, at::native::GeluCUDAKernelImpl(at::TensorIteratorBase &, at::native::GeluType)::[lambda() (instance 1)]::operator ()() const::[lambda() (instance 2)]::operator ()() const::[lambda(float) (instance 1)], std::array<char *, (unsigned long)2>>(int, T2, T3)",7.658,2026-09-10T01:15:58.566306,"3072,1,1","128,1,1",37,0,0,0,,,,,,,,,,,,,,,,,,,
gelu,python,"void at::native::elementwise_kernel<(int)128, (int)2, void at::native::gpu_kernel_impl_nocast<at::native::CUDAFunctor_add<float>>(at::TensorIteratorBase &, const T1 &)::[lambda(int) (instance 1)]>(int, T3)",8.205,2026-09-10T01:15:58.566314,"12288,1,1","128,1,1",16,0,0,0,,,,,,,,,,,,,,,,,,,
gelu,python,"void at::native::vectorized_elementwise_kernel<(int)4, at::native::GeluCUDAKernelImpl(at::TensorIteratorBase &, at::native::GeluType)::[lambda() (instance 1)]::operator ()() const::[lambda() (instance 2)]::operator ()() const::[lambda(float) (instance 1)], std::array<char *, (unsigned long)2>>(int, T2, T3)",7.593,2026-09-10T01:15:58.566323,"3072,1,1","128,1,1",37,0,0,0,,,,,,,,,,,,,,,,,,,
gelu,python,"void at::native::elementwise_kernel<(int)128, (int)2, void at::native::gpu_kernel_impl_nocast<at::native::CUDAFunctor_add<float>>(at::TensorIteratorBase &, const T1 &)::[lambda(int) (instance 1)]>(int, T3)",8.173,2026-09-10T01:15:58.566331,"12288,1,1","128,1,1",16,0,0,0,,,,,,,,,,,,,,,,,,,
gelu,python,"void at::native::vectorized_elementwise_kernel<(int)4, at::native::GeluCUDAKernelImpl(at::TensorIteratorBase &, at::native::GeluType)::[lambda() (instance 1)]::operator ()() const::[lambda() (instance 2)]::operator ()() const::[lambda(float) (instance 1)], std::array<char *, (unsigned long)2>>(int, T2, T3)",7.723,2026-09-10T01:15:58.566340,"3072,1,1","128,1,1",37,0,0,0,,,,,,,,,,,,,,,,,,,
gelu,python,"void at::native::elementwise_kernel<(int)128, (int)2, void at::native::gpu_kernel_impl_nocast<at::native::CUDAFunctor_add<float>>(at::TensorIteratorBase &, const T1 &)::[lambda(int) (instance 1)]>(int, T3)",8.204,2026-09-10T01:15:58.566348,"12288,1,1","128,1,1",16,0,0,0,,,,,,,,,,,,,,,,,,,
gelu,python,"void at::native::vectorized_elementwise_kernel<(int)4, at::native::GeluCUDAKernelImpl(at::TensorIteratorBase &, at::native::GeluType)::[lambda() (instance 1)]::operator ()() const::[lambda() (instance 2)]::operator ()() const::[lambda(float) (instance 1)], std::array<char *, (unsigned long)2>>(int, T2, T3)",7.496,2026-09-10T01:15:58.566357,"3072,1,1","128,1,1",37,0,0,0,,,,,,,,,,,,,,,,,,,
gelu,python,"void at::native::elementwise_kernel<(int)128, (int)2, void at::native::gpu_kernel_impl_nocast<at::native::CUDAFunctor_add<float>>(at::TensorIteratorBase &, const T1 &)::[lambda(int) (instance 1)]>(int, T3)",8.173,2026-09-10T01:15:58.566365,"12288,1,1","128,1,1",16,0,0,0,,,,,,,,,,,,,,,,,,,
gelu,python,"void at::native::vectorized_elementwise_kernel<(int)4, at::native::GeluCUDAKernelImpl(at::TensorIteratorBase &, at::native::GeluType)::[lambda() (instance 1)]::operator ()() const::[lambda() (instance 2)]::operator ()() const::[lambda(float) (instance 1)], std::array<char *, (unsigned long)2>>(int, T2, T3)",7.658,2026-09-10T01:15:58.566373,"3072,1,1","128,1,1",37,0,0,0,,,,,,,,,,,,,,,,,,,
gelu,python,"void at::native::elementwise_kernel<(int)128, (int)2, void at::native::gpu_kernel_impl_nocast<at::native::CUDAFunctor_add<float>>(at::TensorIteratorBase &, const T1 &)::[lambda(int) (instance 1)]>(int, T3)",8.204,2026-09-10T01:15:58.566382,"12288,1,1","128,1,1",16,0,0,0,,,,,,,,,,,,,,,,,,,
gelu,python,"void at::native::vectorized_elementwise_kernel<(int)4, at::native::GeluCUDAKernelImpl(at::TensorIteratorBase &, at::native::GeluType)::[lambda() (instance 1)]::operator ()() const::[lambda() (instance 2)]::operator ()() const::[lambda(float) (instance 1)], std::array<char *, (unsigned long)2>>(int, T2, T3)",7.658,2026-09-10T01:15:58.566390,"3072,1,1","128,1,1",37,0,0,0,,,,,,,,,,,,,,,,,,,
gelu,python,"void at::native::elementwise_kernel<(int)128, (int)2, void at::native::gpu_kernel_impl_nocast<at::native::CUDAFunctor_add<float>>(at::TensorIteratorBase &, const T1 &)::[lambda(int) (instance 1)]>(int, T3)",8.205,2026-09-10T01:15:58.566399,"12288,1,1","128,1,1",16,0,0,0,,,,,,,,,,,,,,,,,,,
gelu,python,"void at::native::vectorized_elementwise_kernel<(int)4, at::native::GeluCUDAKernelImpl(at::TensorIteratorBase &, at::native::GeluType)::[lambda() (instance 1)]::operator ()() const::[lambda() (instance 2)]::operator ()() const::[lambda(float) (instance 1)], std::array<char *, (unsigned long)2>>(int, T2, T3)",7.562,2026-09-10T01:15:58.566407,"3072,1,1","128,1,1",37,0,0,0,,,,,,,,,,,,,,,,,,,
gelu,python,"void at::native::elementwise_kernel<(int)128, (int)2, void at::native::gpu_kernel_impl_nocast<at::native::CUDAFunctor_add<float>>(at::TensorIteratorBase &, const T1 &)::[lambda(int) (instance 1)]>(int, T3)",8.205,2026-09-10T01:15:58.566416,"12288,1,1","128,1,1",16,0,0,0,,,,,,,,,,,,,,,,,,,
gelu,python,"void at::native::vectorized_elementwise_kernel<(int)4, at::native::GeluCUDAKernelImpl(at::TensorIteratorBase &, at::native::GeluType)::[lambda() (instance 1)]::operator ()() const::[lambda() (instance 2)]::operator ()() const::[lambda(float) (instance 1)], std::array<char *, (unsigned long)2>>(int, T2, T3)",7.529,2026-09-10T01:15:58.566424,"3072,1,1","128,1,1",37,0,0,0,,,,,,,,,,,,,,,,,,,
gelu,python,"void at::native::elementwise_kernel<(int)128, (int)2, void at::native::gpu_kernel_impl_nocast<at::native::CUDAFunctor_add<float>>(at::TensorIteratorBase &, const T1 &)::[lambda(int) (instance 1)]>(int, T3)",8.205,2026-09-10T01:15:58.566433,"12288,1,1","128,1,1",16,0,0,0,,,,,,,,,,,,,,,,,,,
gelu,python,"void at::native::vectorized_elementwise_kernel<(int)4, at::native::GeluCUDAKernelImpl(at::TensorIteratorBase &, at::native::GeluType)::[lambda() (instance 1)]::operator ()() const::[lambda() (instance 2)]::operator ()() const::[lambda(float) (instance 1)], std::array<char *, (unsigned long)2>>(int, T2, T3)",7.754,2026-09-10T01:15:58.566441,"3072,1,1","128,1,1",37,0,0,0,,,,,,,,,,,,,,,,,,,
gelu,python,"void at::native::elementwise_kernel<(int)128, (int)2, void at::native::gpu_kernel_impl_nocast<at::native::CUDAFunctor_add<float>>(at::TensorIteratorBase &, const T1 &)::[lambda(int) (instance 1)]>(int, T3)",8.237,2026-09-10T01:15:58.566449,"12288,1,1","128,1,1",16,0,0,0,,,,,,,,,,,,,,,,,,,
gelu,python,"void at::native::vectorized_elementwise_kernel<(int)4, at::native::GeluCUDAKernelImpl(at::TensorIteratorBase &, at::native::GeluType)::[lambda() (instance 1)]::operator ()() const::[lambda() (instance 2)]::operator ()() const::[lambda(float) (instance 1)], std::array<char *, (unsigned long)2>>(int, T2, T3)",7.657,2026-09-10T01:15:58.566458,"3072,1,1","128,1,1",37,0,0,0,,,,,,,,,,,,,,,,,,,
gelu,python,"void at::native::elementwise_kernel<(int)128, (int)2, void at::native::gpu_kernel_impl_nocast<at::native::CUDAFunctor_add<float>>(at::TensorIteratorBase &, const T1 &)::[lambda(int) (instance 1)]>(int, T3)",8.205,2026-09-10T01:15:58.566466,"12288,1,1","128,1,1",16,0,0,0,,,,,,,,,,,,,,,,,,,
gelu,python,"void at::native::vectorized_elementwise_kernel<(int)4, at::native::GeluCUDAKernelImpl(at::TensorIteratorBase &, at::native::GeluType)::[lambda() (instance 1)]::operator ()() const::[lambda() (instance 2)]::operator ()() const::[lambda(float) (instance 1)], std::array<char *, (unsigned long)2>>(int, T2, T3)",7.561,2026-09-10T01:15:58.566474,"3072,1,1","128,1,1",37,0,0,0,,,,,,,,,,,,,,,,,,,
gelu,python,"void at::native::elementwise_kernel<(int)128, (int)2, void at::native::gpu_kernel_impl_nocast<at::native::CUDAFunctor_add<float>>(at::TensorIteratorBase &, const T1 &)::[lambda(int) (instance 1)]>(int, T3)",8.173,2026-09-10T01:15:58.566483,"12288,1,1","128,1,1",16,0,0,0,,,,,,,,,,,,,,,,,,,
gelu,python,"void at::native::vectorized_elementwise_kernel<(int)4, at::native::GeluCUDAKernelImpl(at::TensorIteratorBase &, at::native::GeluType)::[lambda() (instance 1)]::operator ()() const::[lambda() (instance 2)]::operator ()() const::[lambda(float) (instance 1)], std::array<char *, (unsigned long)2>>(int, T2, T3)",7.529,2026-09-10T01:15:58.566492,"3072,1,1","128,1,1",37,0,0,0,,,,,,,,,,,,,,,,,,,
gelu,python,"void at::native::elementwise_kernel<(int)128, (int)2, void at::native::gpu_kernel_impl_nocast<at::native::CUDAFunctor_add<float>>(at::TensorIteratorBase &, const T1 &)::[lambda(int) (instance 1)]>(int, T3)",8.173,2026-09-10T01:15:58.566500,"12288,1,1","128,1,1",16,0,0,0,,,,,,,,,,,,,,,,,,,
gelu,python,"void at::native::vectorized_elementwise_kernel<(int)4, at::native::GeluCUDAKernelImpl(at::TensorIteratorBase &, at::native::GeluType)::[lambda() (instance 1)]::operator ()() const::[lambda() (instance 2)]::operator ()() const::[lambda(float) (instance 1)], std::array<char *, (unsigned long)2>>(int, T2, T3)",7.626,2026-09-10T01:15:58.566508,"3072,1,1","128,1,1",37,0,0,0,,,,,,,,,,,,,,,,,,,
gelu,python,"void at::native::elementwise_kernel<(int)128, (int)2, void at::native::gpu_kernel_impl_nocast<at::native::CUDAFunctor_add<float>>(at::TensorIteratorBase &, const T1 &)::[lambda(int) (instance 1)]>(int, T3)",8.237,2026-09-10T01:15:58.566517,"12288,1,1","128,1,1",16,0,0,0,,,,,,,,,,,,,,,,,,,
gelu,python,"void at::native::vectorized_elementwise_kernel<(int)4, at::native::GeluCUDAKernelImpl(at::TensorIteratorBase &, at::native::GeluType)::[lambda() (instance 1)]::operator ()() const::[lambda() (instance 2)]::operator ()() const::[lambda(float) (instance 1)], std::array<char *, (unsigned long)2>>(int, T2, T3)",7.626,2026-09-10T01:15:58.566526,"3072,1,1","128,1,1",37,0,0,0,,,,,,,,,,,,,,,,,,,
gelu,python,"void at::native::elementwise_kernel<(int)128, (int)2, void at::native::gpu_kernel_impl_nocast<at::native::CUDAFunctor_add<float>>(at::TensorIteratorBase &, const T1 &)::[lambda(int) (instance 1)]>(int, T3)",8.205,2026-09-10T01:15:58.566534,"12288,1,1","128,1,1",16,0,0,0,,,,,,,,,,,,,,,,,,,
gelu,python,"void at::native::vectorized_elementwise_kernel<(int)4, at::native::GeluCUDAKernelImpl(at::TensorIteratorBase &, at::native::GeluType)::[lambda() (instance 1)]::operator ()() const::[lambda() (instance 2)]::operator ()() const::[lambda(float) (instance 1)], std::array<char *, (unsigned long)2>>(int, T2, T3)",7.562,2026-09-10T01:15:58.566543,"3072,1,1","128,1,1",37,0,0,0,,,,,,,,,,,,,,,,,,,
gelu,python,"void at::native::elementwise_kernel<(int)128, (int)2, void at::native::gpu_kernel_impl_nocast<at::native::CUDAFunctor_add<float>>(at::TensorIteratorBase &, const T1 &)::[lambda(int) (instance 1)]>(int, T3)",8.205,2026-09-10T01:15:58.566551,"12288,1,1","128,1,1",16,0,0,0,,,,,,,,,,,,,,,,,,,
gelu,python,"void at::native::vectorized_elementwise_kernel<(int)4, at::native::GeluCUDAKernelImpl(at::TensorIteratorBase &, at::native::GeluType)::[lambda() (instance 1)]::operator ()() const::[lambda() (instance 2)]::operator ()() const::[lambda(float) (instance 1)], std::array<char *, (unsigned long)2>>(int, T2, T3)",7.658,2026-09-10T01:15:58.566559,"3072,1,1","128,1,1",37,0,0,0,,,,,,,,,,,,,,,,,,,
gelu,python,"void at::native::elementwise_kernel<(int)128, (int)2, void at::native::gpu_kernel_impl_nocast<at::native::CUDAFunctor_add<float>>(at::TensorIteratorBase &, const T1 &)::[lambda(int) (instance 1)]>(int, T3)",8.172,2026-09-10T01:15:58.566568,"12288,1,1","128,1,1",16,0,0,0,,,,,,,,,,,,,,,,,,,
gelu,python,"void at::native::vectorized_elementwise_kernel<(int)4, at::native::GeluCUDAKernelImpl(at::TensorIteratorBase &, at::native::GeluType)::[lambda() (instance 1)]::operator ()() const::[lambda() (instance 2)]::operator ()() const::[lambda(float) (instance 1)], std::array<char *, (unsigned long)2>>(int, T2, T3)",7.465,2026-09-10T01:15:58.566576,"3072,1,1","128,1,1",37,0,0,0,,,,,,,,,,,,,,,,,,,
gelu,python,"void at::native::elementwise_kernel<(int)128, (int)2, void at::native::gpu_kernel_impl_nocast<at::native::CUDAFunctor_add<float>>(at::TensorIteratorBase &, const T1 &)::[lambda(int) (instance 1)]>(int, T3)",8.204,2026-09-10T01:15:58.566585,"12288,1,1","128,1,1",16,0,0,0,,,,,,,,,,,,,,,,,,,
gelu,python,"void at::native::vectorized_elementwise_kernel<(int)4, at::native::GeluCUDAKernelImpl(at::TensorIteratorBase &, at::native::GeluType)::[lambda() (instance 1)]::operator ()() const::[lambda() (instance 2)]::operator ()() const::[lambda(float) (instance 1)], std::array<char *, (unsigned long)2>>(int, T2, T3)",7.625,2026-09-10T01:15:58.566593,"3072,1,1","128,1,1",37,0,0,0,,,,,,,,,,,,,,,,,,,
gelu,python,"void at::native::elementwise_kernel<(int)128, (int)2, void at::native::gpu_kernel_impl_nocast<at::native::CUDAFunctor_add<float>>(at::TensorIteratorBase &, const T1 &)::[lambda(int) (instance 1)]>(int, T3)",8.173,2026-09-10T01:15:58.566602,"12288,1,1","128,1,1",16,0,0,0,,,,,,,,,,,,,,,,,,,
gelu,python,"void at::native::vectorized_elementwise_kernel<(int)4, at::native::GeluCUDAKernelImpl(at::TensorIteratorBase &, at::native::GeluType)::[lambda() (instance 1)]::operator ()() const::[lambda() (instance 2)]::operator ()() const::[lambda(float) (instance 1)], std::array<char *, (unsigned long)2>>(int, T2, T3)",7.561,2026-09-10T01:15:58.566610,"3072,1,1","128,1,1",37,0,0,0,,,,,,,,,,,,,,,,,,,
gelu,python,"void at::native::elementwise_kernel<(int)128, (int)2, void at::native::gpu_kernel_impl_nocast<at::native::CUDAFunctor_add<float>>(at::TensorIteratorBase &, const T1 &)::[lambda(int) (instance 1)]>(int, T3)",8.205,2026-09-10T01:15:58.566619,"12288,1,1","128,1,1",16,0,0,0,,,,,,,,,,,,,,,,,,,
gelu,python,"void at::native::vectorized_elementwise_kernel<(int)4, at::native::GeluCUDAKernelImpl(at::TensorIteratorBase &, at::native::GeluType)::[lambda() (instance 1)]::operator ()() const::[lambda() (instance 2)]::operator ()() const::[lambda(float) (instance 1)], std::array<char *, (unsigned long)2>>(int, T2, T3)",7.626,2026-09-10T01:15:58.566627,"3072,1,1","128,1,1",37,0,0,0,,,,,,,,,,,,,,,,,,,
gelu,python,"void at::native::elementwise_kernel<(int)128, (int)2, void at::native::gpu_kernel_impl_nocast<at::native::CUDAFunctor_add<float>>(at::TensorIteratorBase &, const T1 &)::[lambda(int) (instance 1)]>(int, T3)",8.205,2026-09-10T01:15:58.566636,"12288,1,1","128,1,1",16,0,0,0,,,,,,,,,,,,,,,,,,,
gelu,python,"void at::native::vectorized_elementwise_kernel<(int)4, at::native::GeluCUDAKernelImpl(at::TensorIteratorBase &, at::native::GeluType)::[lambda() (instance 1)]::operator ()() const::[lambda() (instance 2)]::operator ()() const::[lambda(float) (instance 1)], std::array<char *, (unsigned long)2>>(int, T2, T3)",7.626,2026-09-10T01:15:58.566644,"3072,1,1","128,1,1",37,0,0,0,,,,,,,,,,,,,,,,,,,
gelu,python,"void at::native::elementwise_kernel<(int)128, (int)2, void at::native::gpu_kernel_impl_nocast<at::native::CUDAFunctor_add<float>>(at::TensorIteratorBase &, const T1 &)::[lambda(int) (instance 1)]>(int, T3)",8.173,2026-09-10T01:15:58.566653,"12288,1,1","128,1,1",16,0,0,0,,,,,,,,,,,,,,,,,,,
gelu,python,"void at::native::vectorized_elementwise_kernel<(int)4, at::native::GeluCUDAKernelImpl(at::TensorIteratorBase &, at::native::GeluType)::[lambda() (instance 1)]::operator ()() const::[lambda() (instance 2)]::operator ()() const::[lambda(float) (instance 1)], std::array<char *, (unsigned long)2>>(int, T2, T3)",7.529,2026-09-10T01:15:58.566661,"3072,1,1","128,1,1",37,0,0,0,,,,,,,,,,,,,,,,,,,
gelu,python,"void at::native::elementwise_kernel<(int)128, (int)2, void at::native::gpu_kernel_impl_nocast<at::native::CUDAFunctor_add<float>>(at::TensorIteratorBase &, const T1 &)::[lambda(int) (instance 1)]>(int, T3)",8.205,2026-09-10T01:15:58.566670,"12288,1,1","128,1,1",16,0,0,0,,,,,,,,,,,,,,,,,,,
gelu,python,"void at::native::vectorized_elementwise_kernel<(int)4, at::native::GeluCUDAKernelImpl(at::TensorIteratorBase &, at::native::GeluType)::[lambda() (instance 1)]::operator ()() const::[lambda() (instance 2)]::operator ()() const::[lambda(float) (instance 1)], std::array<char *, (unsigned long)2>>(int, T2, T3)",7.593,2026-09-10T01:15:58.566678,"3072,1,1","128,1,1",37,0,0,0,,,,,,,,,,,,,,,,,,,
gelu,python,"void at::native::elementwise_kernel<(int)128, (int)2, void at::native::gpu_kernel_impl_nocast<at::native::CUDAFunctor_add<float>>(at::TensorIteratorBase &, const T1 &)::[lambda(int) (instance 1)]>(int, T3)",8.237,2026-09-10T01:15:58.566687,"12288,1,1","128,1,1",16,0,0,0,,,,,,,,,,,,,,,,,,,
gelu,python,"void at::native::vectorized_elementwise_kernel<(int)4, at::native::GeluCUDAKernelImpl(at::TensorIteratorBase &, at::native::GeluType)::[lambda() (instance 1)]::operator ()() const::[lambda() (instance 2)]::operator ()() const::[lambda(float) (instance 1)], std::array<char *, (unsigned long)2>>(int, T2, T3)",7.626,2026-09-10T01:15:58.566695,"3072,1,1","128,1,1",37,0,0,0,,,,,,,,,,,,,,,,,,,
gelu,python,"void at::native::elementwise_kernel<(int)128, (int)2, void at::native::gpu_kernel_impl_nocast<at::native::CUDAFunctor_add<float>>(at::TensorIteratorBase &, const T1 &)::[lambda(int) (instance 1)]>(int, T3)",8.237,2026-09-10T01:15:58.566704,"12288,1,1","128,1,1",16,0,0,0,,,,,,,,,,,,,,,,,,,
gelu,python,"void at::native::vectorized_elementwise_kernel<(int)4, at::native::GeluCUDAKernelImpl(at::TensorIteratorBase &, at::native::GeluType)::[lambda() (instance 1)]::operator ()() const::[lambda() (instance 2)]::operator ()() const::[lambda(float) (instance 1)], std::array<char *, (unsigned long)2>>(int, T2, T3)",7.561,2026-09-10T01:15:58.566712,"3072,1,1","128,1,1",37,0,0,0,,,,,,,,,,,,,,,,,,,
gelu,python,"void at::native::elementwise_kernel<(int)128, (int)2, void at::native::gpu_kernel_impl_nocast<at::native::CUDAFunctor_add<float>>(at::TensorIteratorBase &, const T1 &)::[lambda(int) (instance 1)]>(int, T3)",8.205,2026-09-10T01:15:58.566720,"12288,1,1","128,1,1",16,0,0,0,,,,,,,,,,,,,,,,,,,
gelu,python,"void at::native::vectorized_elementwise_kernel<(int)4, at::native::GeluCUDAKernelImpl(at::TensorIteratorBase &, at::native::GeluType)::[lambda() (instance 1)]::operator ()() const::[lambda() (instance 2)]::operator ()() const::[lambda(float) (instance 1)], std::array<char *, (unsigned long)2>>(int, T2, T3)",7.754,2026-09-10T01:15:58.566729,"3072,1,1","128,1,1",37,0,0,0,,,,,,,,,,,,,,,,,,,
gelu,python,"void at::native::elementwise_kernel<(int)128, (int)2, void at::native::gpu_kernel_impl_nocast<at::native::CUDAFunctor_add<float>>(at::TensorIteratorBase &, const T1 &)::[lambda(int) (instance 1)]>(int, T3)",8.14,2026-09-10T01:15:58.566737,"12288,1,1","128,1,1",16,0,0,0,,,,,,,,,,,,,,,,,,,
gelu,python,"void at::native::vectorized_elementwise_kernel<(int)4, at::native::GeluCUDAKernelImpl(at::TensorIteratorBase &, at::native::GeluType)::[lambda() (instance 1)]::operator ()() const::[lambda() (instance 2)]::operator ()() const::[lambda(float) (instance 1)], std::array<char *, (unsigned long)2>>(int, T2, T3)",7.465,2026-09-10T01:15:58.566746,"3072,1,1","128,1,1",37,0,0,0,,,,,,,,,,,,,,,,,,,
gelu,python,"void at::native::elementwise_kernel<(int)128, (int)2, void at::native::gpu_kernel_impl_nocast<at::native::CUDAFunctor_add<float>>(at::TensorIteratorBase &, const T1 &)::[lambda(int) (instance 1)]>(int, T3)",8.205,2026-09-10T01:15:58.566755,"12288,1,1","128,1,1",16,0,0,0,,,,,,,,,,,,,,,,,,,
gelu,python,"void at::native::vectorized_elementwise_kernel<(int)4, at::native::GeluCUDAKernelImpl(at::TensorIteratorBase &, at::native::GeluType)::[lambda() (instance 1)]::operator ()() const::[lambda() (instance 2)]::operator ()() const::[lambda(float) (instance 1)], std::array<char *, (unsigned long)2>>(int, T2, T3)",7.626,2026-09-10T01:15:58.566763,"3072,1,1","128,1,1",37,0,0,0,,,,,,,,,,,,,,,,,,,
gelu,python,"void at::native::elementwise_kernel<(int)128, (int)2, void at::native::gpu_kernel_impl_nocast<at::native::CUDAFunctor_add<float>>(at::TensorIteratorBase &, const T1 &)::[lambda(int) (instance 1)]>(int, T3)",8.205,2026-09-10T01:15:58.566772,"12288,1,1","128,1,1",16,0,0,0,,,,,,,,,,,,,,,,,,,
gelu,python,"void at::native::vectorized_elementwise_kernel<(int)4, at::native::GeluCUDAKernelImpl(at::TensorIteratorBase &, at::native::GeluType)::[lambda() (instance 1)]::operator ()() const::[lambda() (instance 2)]::operator ()() const::[lambda(float) (instance 1)], std::array<char *, (unsigned long)2>>(int, T2, T3)",7.594,2026-09-10T01:15:58.566780,"3072,1,1","128,1,1",37,0,0,0,,,,,,,,,,,,,,,,,,,
gelu,python,"void at::native::elementwise_kernel<(int)128, (int)2, void at::native::gpu_kernel_impl_nocast<at::native::CUDAFunctor_add<float>>(at::TensorIteratorBase &, const T1 &)::[lambda(int) (instance 1)]>(int, T3)",8.172,2026-09-10T01:15:58.566789,"12288,1,1","128,1,1",16,0,0,0,,,,,,,,,,,,,,,,,,,
gelu,python,"void at::native::vectorized_elementwise_kernel<(int)4, at::native::GeluCUDAKernelImpl(at::TensorIteratorBase &, at::native::GeluType)::[lambda() (instance 1)]::operator ()() const::[lambda() (instance 2)]::operator ()() const::[lambda(float) (instance 1)], std::array<char *, (unsigned long)2>>(int, T2, T3)",7.593,2026-09-10T01:15:58.566798,"3072,1,1","128,1,1",37,0,0,0,,,,,,,,,,,,,,,,,,,
gelu,python,"void at::native::elementwise_kernel<(int)128, (int)2, void at::native::gpu_kernel_impl_nocast<at::native::CUDAFunctor_add<float>>(at::TensorIteratorBase &, const T1 &)::[lambda(int) (instance 1)]>(int, T3)",8.204,2026-09-10T01:15:58.566807,"12288,1,1","128,1,1",16,0,0,0,,,,,,,,,,,,,,,,,,,
gelu,python,"void at::native::vectorized_elementwise_kernel<(int)4, at::native::GeluCUDAKernelImpl(at::TensorIteratorBase &, at::native::GeluType)::[lambda() (instance 1)]::operator ()() const::[lambda() (instance 2)]::operator ()() const::[lambda(float) (instance 1)], std::array<char *, (unsigned long)2>>(int, T2, T3)",7.658,2026-09-10T01:15:58.566815,"3072,1,1","128,1,1",37,0,0,0,,,,,,,,,,,,,,,,,,,
gelu,python,"void at::native::elementwise_kernel<(int)128, (int)2, void at::native::gpu_kernel_impl_nocast<at::native::CUDAFunctor_add<float>>(at::TensorIteratorBase &, const T1 &)::[lambda(int) (instance 1)]>(int, T3)",8.173,2026-09-10T01:15:58.566824,"12288,1,1","128,1,1",16,0,0,0,,,,,,,,,,,,,,,,,,,
gelu,python,"void at::native::vectorized_elementwise_kernel<(int)4, at::native::GeluCUDAKernelImpl(at::TensorIteratorBase &, at::native::GeluType)::[lambda() (instance 1)]::operator ()() const::[lambda() (instance 2)]::operator ()() const::[lambda(float) (instance 1)], std::array<char *, (unsigned long)2>>(int, T2, T3)",7.786,2026-09-10T01:15:58.566832,"3072,1,1","128,1,1",37,0,0,0,,,,,,,,,,,,,,,,,,,
gelu,python,"void at::native::elementwise_kernel<(int)128, (int)2, void at::native::gpu_kernel_impl_nocast<at::native::CUDAFunctor_add<float>>(at::TensorIteratorBase &, const T1 &)::[lambda(int) (instance 1)]>(int, T3)",8.205,2026-09-10T01:15:58.566841,"12288,1,1","128,1,1",16,0,0,0,,,,,,,,,,,,,,,,,,,
gelu,python,"void at::native::vectorized_elementwise_kernel<(int)4, at::native::GeluCUDAKernelImpl(at::TensorIteratorBase &, at::native::GeluType)::[lambda() (instance 1)]::operator ()() const::[lambda() (instance 2)]::operator ()() const::[lambda(float) (instance 1)], std::array<char *, (unsigned long)2>>(int, T2, T3)",7.594,2026-09-10T01:15:58.566866,"3072,1,1","128,1,1",37,0,0,0,,,,,,,,,,,,,,,,,,,
gelu,python,"void at::native::elementwise_kernel<(int)128, (int)2, void at::native::gpu_kernel_impl_nocast<at::native::CUDAFunctor_add<float>>(at::TensorIteratorBase &, const T1 &)::[lambda(int) (instance 1)]>(int, T3)",8.173,2026-09-10T01:15:58.566878,"12288,1,1","128,1,1",16,0,0,0,,,,,,,,,,,,,,,,,,,
gelu,python,"void at::native::vectorized_elementwise_kernel<(int)4, at::native::GeluCUDAKernelImpl(at::TensorIteratorBase &, at::native::GeluType)::[lambda() (instance 1)]::operator ()() const::[lambda() (instance 2)]::operator ()() const::[lambda(float) (instance 1)], std::array<char *, (unsigned long)2>>(int, T2, T3)",7.561,2026-09-10T01:15:58.566888,"3072,1,1","128,1,1",37,0,0,0,,,,,,,,,,,,,,,,,,,
gelu,python,"void at::native::elementwise_kernel<(int)128, (int)2, void at::native::gpu_kernel_impl_nocast<at::native::CUDAFunctor_add<float>>(at::TensorIteratorBase &, const T1 &)::[lambda(int) (instance 1)]>(int, T3)",8.205,2026-09-10T01:15:58.566897,"12288,1,1","128,1,1",16,0,0,0,,,,,,,,,,,,,,,,,,,
gelu,python,"void at::native::vectorized_elementwise_kernel<(int)4, at::native::GeluCUDAKernelImpl(at::TensorIteratorBase &, at::native::GeluType)::[lambda() (instance 1)]::operator ()() const::[lambda() (instance 2)]::operator ()() const::[lambda(float) (instance 1)], std::array<char *, (unsigned long)2>>(int, T2, T3)",7.562,2026-09-10T01:15:58.566906,"3072,1,1","128,1,1",37,0,0,0,,,,,,,,,,,,,,,,,,,
gelu,python,"void at::native::elementwise_kernel<(int)128, (int)2, void at::native::gpu_kernel_impl_nocast<at::native::CUDAFunctor_add<float>>(at::TensorIteratorBase &, const T1 &)::[lambda(int) (instance 1)]>(int, T3)",8.172,2026-09-10T01:15:58.566915,"12288,1,1","128,1,1",16,0,0,0,,,,,,,,,,,,,,,,,,,
gelu,python,"void at::native::vectorized_elementwise_kernel<(int)4, at::native::GeluCUDAKernelImpl(at::TensorIteratorBase &, at::native::GeluType)::[lambda() (instance 1)]::operator ()() const::[lambda() (instance 2)]::operator ()() const::[lambda(float) (instance 1)], std::array<char *, (unsigned long)2>>(int, T2, T3)",7.529,2026-09-10T01:15:58.566923,"3072,1,1","128,1,1",37,0,0,0,,,,,,,,,,,,,,,,,,,
gelu,python,"void at::native::elementwise_kernel<(int)128, (int)2, void at::native::gpu_kernel_impl_nocast<at::native::CUDAFunctor_add<float>>(at::TensorIteratorBase &, const T1 &)::[lambda(int) (instance 1)]>(int, T3)",8.205,2026-09-10T01:15:58.566932,"12288,1,1","128,1,1",16,0,0,0,,,,,,,,,,,,,,,,,,,
gelu,python,"void at::native::vectorized_elementwise_kernel<(int)4, at::native::GeluCUDAKernelImpl(at::TensorIteratorBase &, at::native::GeluType)::[lambda() (instance 1)]::operator ()() const::[lambda() (instance 2)]::operator ()() const::[lambda(float) (instance 1)], std::array<char *, (unsigned long)2>>(int, T2, T3)",7.819,2026-09-10T01:15:58.566940,"3072,1,1","128,1,1",37,0,0,0,,,,,,,,,,,,,,,,,,,
gelu,python,"void at::native::elementwise_kernel<(int)128, (int)2, void at::native::gpu_kernel_impl_nocast<at::native::CUDAFunctor_add<float>>(at::TensorIteratorBase &, const T1 &)::[lambda(int) (instance 1)]>(int, T3)",8.204,2026-09-10T01:15:58.566949,"12288,1,1","128,1,1",16,0,0,0,,,,,,,,,,,,,,,,,,,
gelu,python,"void at::native::vectorized_elementwise_kernel<(int)4, at::native::GeluCUDAKernelImpl(at::TensorIteratorBase &, at::native::GeluType)::[lambda() (instance 1)]::operator ()() const::[lambda() (instance 2)]::operator ()() const::[lambda(float) (instance 1)], std::array<char *, (unsigned long)2>>(int, T2, T3)",8.011,2026-09-10T01:15:58.566957,"3072,1,1","128,1,1",37,0,0,0,,,,,,,,,,,,,,,,,,,
gelu,python,"void at::native::elementwise_kernel<(int)128, (int)2, void at::native::gpu_kernel_impl_nocast<at::native::CUDAFunctor_add<float>>(at::TensorIteratorBase &, const T1 &)::[lambda(int) (instance 1)]>(int, T3)",8.173,2026-09-10T01:15:58.566966,"12288,1,1","128,1,1",16,0,0,0,,,,,,,,,,,,,,,,,,,
gelu,python,"void at::native::vectorized_elementwise_kernel<(int)4, at::native::GeluCUDAKernelImpl(at::TensorIteratorBase &, at::native::GeluType)::[lambda() (instance 1)]::operator ()() const::[lambda() (instance 2)]::operator ()() const::[lambda(float) (instance 1)], std::array<char *, (unsigned long)2>>(int, T2, T3)",7.722,2026-09-10T01:15:58.566975,"3072,1,1","128,1,1",37,0,0,0,,,,,,,,,,,,,,,,,,,
gelu,python,"void at::native::elementwise_kernel<(int)128, (int)2, void at::native::gpu_kernel_impl_nocast<at::native::CUDAFunctor_add<float>>(at::TensorIteratorBase &, const T1 &)::[lambda(int) (instance 1)]>(int, T3)",8.172,2026-09-10T01:15:58.566983,"12288,1,1","128,1,1",16,0,0,0,,,,,,,,,,,,,,,,,,,
gelu,python,"void at::native::vectorized_elementwise_kernel<(int)4, at::native::GeluCUDAKernelImpl(at::TensorIteratorBase &, at::native::GeluType)::[lambda() (instance 1)]::operator ()() const::[lambda() (instance 2)]::operator ()() const::[lambda(float) (instance 1)], std::array<char *, (unsigned long)2>>(int, T2, T3)",7.626,2026-09-10T01:15:58.566992,"3072,1,1","128,1,1",37,0,0,0,,,,,,,,,,,,,,,,,,,
gelu,python,"void at::native::elementwise_kernel<(int)128, (int)2, void at::native::gpu_kernel_impl_nocast<at::native::CUDAFunctor_add<float>>(at::TensorIteratorBase &, const T1 &)::[lambda(int) (instance 1)]>(int, T3)",8.204,2026-09-10T01:15:58.567000,"12288,1,1","128,1,1",16,0,0,0,,,,,,,,,,,,,,,,,,,
gelu,python,"void at::native::vectorized_elementwise_kernel<(int)4, at::native::GeluCUDAKernelImpl(at::TensorIteratorBase &, at::native::GeluType)::[lambda() (instance 1)]::operator ()() const::[lambda() (instance 2)]::operator ()() const::[lambda(float) (instance 1)], std::array<char *, (unsigned long)2>>(int, T2, T3)",7.529,2026-09-10T01:15:58.567009,"3072,1,1","128,1,1",37,0,0,0,,,,,,,,,,,,,,,,,,,
gelu,python,"void at::native::elementwise_kernel<(int)128, (int)2, void at::native::gpu_kernel_impl_nocast<at::native::CUDAFunctor_add<float>>(at::TensorIteratorBase &, const T1 &)::[lambda(int) (instance 1)]>(int, T3)",8.205,2026-09-10T01:15:58.567017,"12288,1,1","128,1,1",16,0,0,0,,,,,,,,,,,,,,,,,,,
gelu,python,"void at::native::vectorized_elementwise_kernel<(int)4, at::native::GeluCUDAKernelImpl(at::TensorIteratorBase &, at::native::GeluType)::[lambda() (instance 1)]::operator ()() const::[lambda() (instance 2)]::operator ()() const::[lambda(float) (instance 1)], std::array<char *, (unsigned long)2>>(int, T2, T3)",7.561,2026-09-10T01:15:58.567026,"3072,1,1","128,1,1",37,0,0,0,,,,,,,,,,,,,,,,,,,
gelu,python,"void at::native::elementwise_kernel<(int)128, (int)2, void at::native::gpu_kernel_impl_nocast<at::native::CUDAFunctor_add<float>>(at::TensorIteratorBase &, const T1 &)::[lambda(int) (instance 1)]>(int, T3)",8.172,2026-09-10T01:15:58.567035,"12288,1,1","128,1,1",16,0,0,0,,,,,,,,,,,,,,,,,,,
gelu,python,"void at::native::vectorized_elementwise_kernel<(int)4, at::native::GeluCUDAKernelImpl(at::TensorIteratorBase &, at::native::GeluType)::[lambda() (instance 1)]::operator ()() const::[lambda() (instance 2)]::operator ()() const::[lambda(float) (instance 1)], std::array<char *, (unsigned long)2>>(int, T2, T3)",7.593,2026-09-10T01:15:58.567043,"3072,1,1","128,1,1",37,0,0,0,,,,,,,,,,,,,,,,,,,
gelu,python,"void at::native::elementwise_kernel<(int)128, (int)2, void at::native::gpu_kernel_impl_nocast<at::native::CUDAFunctor_add<float>>(at::TensorIteratorBase &, const T1 &)::[lambda(int) (instance 1)]>(int, T3)",8.237,2026-09-10T01:15:58.567052,"12288,1,1","128,1,1",16,0,0,0,,,,,,,,,,,,,,,,,,,
gelu,python,"void at::native::vectorized_elementwise_kernel<(int)4, at::native::GeluCUDAKernelImpl(at::TensorIteratorBase &, at::native::GeluType)::[lambda() (instance 1)]::operator ()() const::[lambda() (instance 2)]::operator ()() const::[lambda(float) (instance 1)], std::array<char *, (unsigned long)2>>(int, T2, T3)",7.464,2026-09-10T01:15:58.567060,"3072,1,1","128,1,1",37,0,0,0,,,,,,,,,,,,,,,,,,,
gelu,python,"void at::native::elementwise_kernel<(int)128, (int)2, void at::native::gpu_kernel_impl_nocast<at::native::CUDAFunctor_add<float>>(at::TensorIteratorBase &, const T1 &)::[lambda(int) (instance 1)]>(int, T3)",8.204,2026-09-10T01:15:58.567069,"12288,1,1","128,1,1",16,0,0,0,,,,,,,,,,,,,,,,,,,
gelu,python,"void at::native::vectorized_elementwise_kernel<(int)4, at::native::GeluCUDAKernelImpl(at::TensorIteratorBase &, at::native::GeluType)::[lambda() (instance 1)]::operator ()() const::[lambda() (instance 2)]::operator ()() const::[lambda(float) (instance 1)], std::array<char *, (unsigned long)2>>(int, T2, T3)",7.497,2026-09-10T01:15:58.567078,"3072,1,1","128,1,1",37,0,0,0,,,,,,,,,,,,,,,,,,,
gelu,python,"void at::native::elementwise_kernel<(int)128, (int)2, void at::native::gpu_kernel_impl_nocast<at::native::CUDAFunctor_add<float>>(at::TensorIteratorBase &, const T1 &)::[lambda(int) (instance 1)]>(int, T3)",8.173,2026-09-10T01:15:58.567086,"12288,1,1","128,1,1",16,0,0,0,,,,,,,,,,,,,,,,,,,
gelu,python,"void at::native::vectorized_elementwise_kernel<(int)4, at::native::GeluCUDAKernelImpl(at::TensorIteratorBase &, at::native::GeluType)::[lambda() (instance 1)]::operator ()() const::[lambda() (instance 2)]::operator ()() const::[lambda(float) (instance 1)], std::array<char *, (unsigned long)2>>(int, T2, T3)",7.529,2026-09-10T01:15:58.567095,"3072,1,1","128,1,1",37,0,0,0,,,,,,,,,,,,,,,,,,,
gelu,python,"void at::native::elementwise_kernel<(int)128, (int)2, void at::native::gpu_kernel_impl_nocast<at::native::CUDAFunctor_add<float>>(at::TensorIteratorBase &, const T1 &)::[lambda(int) (instance 1)]>(int, T3)",8.205,2026-09-10T01:15:58.567103,"12288,1,1","128,1,1",16,0,0,0,,,,,,,,,,,,,,,,,,,
gelu,python,"void at::native::vectorized_elementwise_kernel<(int)4, at::native::GeluCUDAKernelImpl(at::TensorIteratorBase &, at::native::GeluType)::[lambda() (instance 1)]::operator ()() const::[lambda() (instance 2)]::operator ()() const::[lambda(float) (instance 1)], std::array<char *, (unsigned long)2>>(int, T2, T3)",7.593,2026-09-10T01:15:58.567112,"3072,1,1","128,1,1",37,0,0,0,,,,,,,,,,,,,,,,,,,
gelu,python,"void at::native::elementwise_kernel<(int)128, (int)2, void at::native::gpu_kernel_impl_nocast<at::native::CUDAFunctor_add<float>>(at::TensorIteratorBase &, const T1 &)::[lambda(int) (instance 1)]>(int, T3)",8.173,2026-09-10T01:15:58.567120,"12288,1,1","128,1,1",16,0,0,0,,,,,,,,,,,,,,,,,,,
gelu,python,"void at::native::vectorized_elementwise_kernel<(int)4, at::native::GeluCUDAKernelImpl(at::TensorIteratorBase &, at::native::GeluType)::[lambda() (instance 1)]::operator ()() const::[lambda() (instance 2)]::operator ()() const::[lambda(float) (instance 1)], std::array<char *, (unsigned long)2>>(int, T2, T3)",7.562,2026-09-10T01:15:58.567129,"3072,1,1","128,1,1",37,0,0,0,,,,,,,,,,,,,,,,,,,
gelu,python,"void at::native::elementwise_kernel<(int)128, (int)2, void at::native::gpu_kernel_impl_nocast<at::native::CUDAFunctor_add<float>>(at::TensorIteratorBase &, const T1 &)::[lambda(int) (instance 1)]>(int, T3)",8.172,2026-09-10T01:15:58.567137,"12288,1,1","128,1,1",16,0,0,0,,,,,,,,,,,,,,,,,,,
gelu,python,"void at::native::vectorized_elementwise_kernel<(int)4, at::native::GeluCUDAKernelImpl(at::TensorIteratorBase &, at::native::GeluType)::[lambda() (instance 1)]::operator ()() const::[lambda() (instance 2)]::operator ()() const::[lambda(float) (instance 1)], std::array<char *, (unsigned long)2>>(int, T2, T3)",7.561,2026-09-10T01:15:58.567146,"3072,1,1","128,1,1",37,0,0,0,,,,,,,,,,,,,,,,,,,
gelu,python,"void at::native::elementwise_kernel<(int)128, (int)2, void at::native::gpu_kernel_impl_nocast<at::native::CUDAFunctor_add<float>>(at::TensorIteratorBase &, const T1 &)::[lambda(int) (instance 1)]>(int, T3)",8.172,2026-09-10T01:15:58.567154,"12288,1,1","128,1,1",16,0,0,0,,,,,,,,,,,,,,,,,,,
gelu,python,"void at::native::vectorized_elementwise_kernel<(int)4, at::native::GeluCUDAKernelImpl(at::TensorIteratorBase &, at::native::GeluType)::[lambda() (instance 1)]::operator ()() const::[lambda() (instance 2)]::operator ()() const::[lambda(float) (instance 1)], std::array<char *, (unsigned long)2>>(int, T2, T3)",7.464,2026-09-10T01:15:58.567163,"3072,1,1","128,1,1",37,0,0,0,,,,,,,,,,,,,,,,,,,
gelu,python,"void at::native::elementwise_kernel<(int)128, (int)2, void at::native::gpu_kernel_impl_nocast<at::native::CUDAFunctor_add<float>>(at::TensorIteratorBase &, const T1 &)::[lambda(int) (instance 1)]>(int, T3)",8.172,2026-09-10T01:15:58.567171,"12288,1,1","128,1,1",16,0,0,0,,,,,,,,,,,,,,,,,,,
gelu,python,"void at::native::vectorized_elementwise_kernel<(int)4, at::native::GeluCUDAKernelImpl(at::TensorIteratorBase &, at::native::GeluType)::[lambda() (instance 1)]::operator ()() const::[lambda() (instance 2)]::operator ()() const::[lambda(float) (instance 1)], std::array<char *, (unsigned long)2>>(int, T2, T3)",7.626,2026-09-10T01:15:58.567180,"3072,1,1","128,1,1",37,0,0,0,,,,,,,,,,,,,,,,,,,
gelu,python,"void at::native::elementwise_kernel<(int)128, (int)2, void at::native::gpu_kernel_impl_nocast<at::native::CUDAFunctor_add<float>>(at::TensorIteratorBase &, const T1 &)::[lambda(int) (instance 1)]>(int, T3)",8.173,2026-09-10T01:15:58.567189,"12288,1,1","128,1,1",16,0,0,0,,,,,,,,,,,,,,,,,,,
gelu,python,"void at::native::vectorized_elementwise_kernel<(int)4, at::native::GeluCUDAKernelImpl(at::TensorIteratorBase &, at::native::GeluType)::[lambda() (instance 1)]::operator ()() const::[lambda() (instance 2)]::operator ()() const::[lambda(float) (instance 1)], std::array<char *, (unsigned long)2>>(int, T2, T3)",7.593,2026-09-10T01:15:58.567198,"3072,1,1","128,1,1",37,0,0,0,,,,,,,,,,,,,,,,,,,
gelu,python,"void at::native::elementwise_kernel<(int)128, (int)2, void at::native::gpu_kernel_impl_nocast<at::native::CUDAFunctor_add<float>>(at::TensorIteratorBase &, const T1 &)::[lambda(int) (instance 1)]>(int, T3)",8.205,2026-09-10T01:15:58.567207,"12288,1,1","128,1,1",16,0,0,0,,,,,,,,,,,,,,,,,,,
gelu,python,"void at::native::vectorized_elementwise_kernel<(int)4, at::native::GeluCUDAKernelImpl(at::TensorIteratorBase &, at::native::GeluType)::[lambda() (instance 1)]::operator ()() const::[lambda() (instance 2)]::operator ()() const::[lambda(float) (instance 1)], std::array<char *, (unsigned long)2>>(int, T2, T3)",7.658,2026-09-10T01:15:58.567215,"3072,1,1","128,1,1",37,0,0,0,,,,,,,,,,,,,,,,,,,
gelu,python,"void at::native::elementwise_kernel<(int)128, (int)2, void at::native::gpu_kernel_impl_nocast<at::native::CUDAFunctor_add<float>>(at::TensorIteratorBase &, const T1 &)::[lambda(int) (instance 1)]>(int, T3)",8.172,2026-09-10T01:15:58.567224,"12288,1,1","128,1,1",16,0,0,0,,,,,,,,,,,,,,,,,,,
gelu,python,"void at::native::vectorized_elementwise_kernel<(int)4, at::native::GeluCUDAKernelImpl(at::TensorIteratorBase &, at::native::GeluType)::[lambda() (instance 1)]::operator ()() const::[lambda() (instance 2)]::operator ()() const::[lambda(float) (instance 1)], std::array<char *, (unsigned long)2>>(int, T2, T3)",7.787,2026-09-10T01:15:58.567232,"3072,1,1","128,1,1",37,0,0,0,,,,,,,,,,,,,,,,,,,
gelu,python,"void at::native::elementwise_kernel<(int)128, (int)2, void at::native::gpu_kernel_impl_nocast<at::native::CUDAFunctor_add<float>>(at::TensorIteratorBase &, const T1 &)::[lambda(int) (instance 1)]>(int, T3)",8.204,2026-09-10T01:15:58.567241,"12288,1,1","128,1,1",16,0,0,0,,,,,,,,,,,,,,,,,,,
gelu,python,"void at::native::vectorized_elementwise_kernel<(int)4, at::native::GeluCUDAKernelImpl(at::TensorIteratorBase &, at::native::GeluType)::[lambda() (instance 1)]::operator ()() const::[lambda() (instance 2)]::operator ()() const::[lambda(float) (instance 1)], std::array<char *, (unsigned long)2>>(int, T2, T3)",7.625,2026-09-10T01:15:58.567250,"3072,1,1","128,1,1",37,0,0,0,,,,,,,,,,,,,,,,,,,
gelu,python,"void at::native::elementwise_kernel<(int)128, (int)2, void at::native::gpu_kernel_impl_nocast<at::native::CUDAFunctor_add<float>>(at::TensorIteratorBase &, const T1 &)::[lambda(int) (instance 1)]>(int, T3)",8.205,2026-09-10T01:15:58.567258,"12288,1,1","128,1,1",16,0,0,0,,,,,,,,,,,,,,,,,,,
gelu,python,"void at::native::vectorized_elementwise_kernel<(int)4, at::native::GeluCUDAKernelImpl(at::TensorIteratorBase &, at::native::GeluType)::[lambda() (instance 1)]::operator ()() const::[lambda() (instance 2)]::operator ()() const::[lambda(float) (instance 1)], std::array<char *, (unsigned long)2>>(int, T2, T3)",7.754,2026-09-10T01:15:58.567267,"3072,1,1","128,1,1",37,0,0,0,,,,,,,,,,,,,,,,,,,
gelu,python,"void at::native::elementwise_kernel<(int)128, (int)2, void at::native::gpu_kernel_impl_nocast<at::native::CUDAFunctor_add<float>>(at::TensorIteratorBase &, const T1 &)::[lambda(int) (instance 1)]>(int, T3)",8.173,2026-09-10T01:15:58.567276,"12288,1,1","128,1,1",16,0,0,0,,,,,,,,,,,,,,,,,,,
gelu,python,"void at::native::vectorized_elementwise_kernel<(int)4, at::native::GeluCUDAKernelImpl(at::TensorIteratorBase &, at::native::GeluType)::[lambda() (instance 1)]::operator ()() const::[lambda() (instance 2)]::operator ()() const::[lambda(float) (instance 1)], std::array<char *, (unsigned long)2>>(int, T2, T3)",7.626,2026-09-10T01:15:58.567284,"3072,1,1","128,1,1",37,0,0,0,,,,,,,,,,,,,,,,,,,
gelu,python,"void at::native::elementwise_kernel<(int)128, (int)2, void at::native::gpu_kernel_impl_nocast<at::native::CUDAFunctor_add<float>>(at::TensorIteratorBase &, const T1 &)::[lambda(int) (instance 1)]>(int, T3)",8.205,2026-09-10T01:15:58.567293,"12288,1,1","128,1,1",16,0,0,0,,,,,,,,,,,,,,,,,,,
gelu,python,"void at::native::vectorized_elementwise_kernel<(int)4, at::native::GeluCUDAKernelImpl(at::TensorIteratorBase &, at::native::GeluType)::[lambda() (instance 1)]::operator ()() const::[lambda() (instance 2)]::operator ()() const::[lambda(float) (instance 1)], std::array<char *, (unsigned long)2>>(int, T2, T3)",7.85,2026-09-10T01:15:58.567302,"3072,1,1","128,1,1",37,0,0,0,,,,,,,,,,,,,,,,,,,
gelu,python,"void at::native::elementwise_kernel<(int)128, (int)2, void at::native::gpu_kernel_impl_nocast<at::native::CUDAFunctor_add<float>>(at::TensorIteratorBase &, const T1 &)::[lambda(int) (instance 1)]>(int, T3)",8.204,2026-09-10T01:15:58.567310,"12288,1,1","128,1,1",16,0,0,0,,,,,,,,,,,,,,,,,,,
gelu,python,"void at::native::vectorized_elementwise_kernel<(int)4, at::native::GeluCUDAKernelImpl(at::TensorIteratorBase &, at::native::GeluType)::[lambda() (instance 1)]::operator ()() const::[lambda() (instance 2)]::operator ()() const::[lambda(float) (instance 1)], std::array<char *, (unsigned long)2>>(int, T2, T3)",7.561,2026-09-10T01:15:58.567318,"3072,1,1","128,1,1",37,0,0,0,,,,,,,,,,,,,,,,,,,
gelu,python,"void at::native::elementwise_kernel<(int)128, (int)2, void at::native::gpu_kernel_impl_nocast<at::native::CUDAFunctor_add<float>>(at::TensorIteratorBase &, const T1 &)::[lambda(int) (instance 1)]>(int, T3)",8.172,2026-09-10T01:15:58.567327,"12288,1,1","128,1,1",16,0,0,0,,,,,,,,,,,,,,,,,,,
gelu,python,"void at::native::vectorized_elementwise_kernel<(int)4, at::native::GeluCUDAKernelImpl(at::TensorIteratorBase &, at::native::GeluType)::[lambda() (instance 1)]::operator ()() const::[lambda() (instance 2)]::operator ()() const::[lambda(float) (instance 1)], std::array<char *, (unsigned long)2>>(int, T2, T3)",7.658,2026-09-10T01:15:58.567335,"3072,1,1","128,1,1",37,0,0,0,,,,,,,,,,,,,,,,,,,
gelu,python,"void at::native::elementwise_kernel<(int)128, (int)2, void at::native::gpu_kernel_impl_nocast<at::native::CUDAFunctor_add<float>>(at::TensorIteratorBase &, const T1 &)::[lambda(int) (instance 1)]>(int, T3)",8.236,2026-09-10T01:15:58.567344,"12288,1,1","128,1,1",16,0,0,0,,,,,,,,,,,,,,,,,,,
gelu,python,"void at::native::vectorized_elementwise_kernel<(int)4, at::native::GeluCUDAKernelImpl(at::TensorIteratorBase &, at::native::GeluType)::[lambda() (instance 1)]::operator ()() const::[lambda() (instance 2)]::operator ()() const::[lambda(float) (instance 1)], std::array<char *, (unsigned long)2>>(int, T2, T3)",7.626,2026-09-10T01:15:58.567352,"3072,1,1","128,1,1",37,0,0,0,,,,,,,,,,,,,,,,,,,
gelu,python,"void at::native::elementwise_kernel<(int)128, (int)2, void at::native::gpu_kernel_impl_nocast<at::native::CUDAFunctor_add<float>>(at::TensorIteratorBase &, const T1 &)::[lambda(int) (instance 1)]>(int, T3)",8.205,2026-09-10T01:15:58.567361,"12288,1,1","128,1,1",16,0,0,0,,,,,,,,,,,,,,,,,,,
gelu,python,"void at::native::vectorized_elementwise_kernel<(int)4, at::native::GeluCUDAKernelImpl(at::TensorIteratorBase &, at::native::GeluType)::[lambda() (instance 1)]::operator ()() const::[lambda() (instance 2)]::operator ()() const::[lambda(float) (instance 1)], std::array<char *, (unsigned long)2>>(int, T2, T3)",7.658,2026-09-10T01:15:58.567370,"3072,1,1","128,1,1",37,0,0,0,,,,,,,,,,,,,,,,,,,
gelu,python,"void at::native::elementwise_kernel<(int)128, (int)2, void at::native::gpu_kernel_impl_nocast<at::native::CUDAFunctor_add<float>>(at::TensorIteratorBase &, const T1 &)::[lambda(int) (instance 1)]>(int, T3)",8.204,2026-09-10T01:15:58.567378,"12288,1,1","128,1,1",16,0,0,0,,,,,,,,,,,,,,,,,,,
gelu,python,"void at::native::vectorized_elementwise_kernel<(int)4, at::native::GeluCUDAKernelImpl(at::TensorIteratorBase &, at::native::GeluType)::[lambda() (instance 1)]::operator ()() const::[lambda() (instance 2)]::operator ()() const::[lambda(float) (instance 1)], std::array<char *, (unsigned long)2>>(int, T2, T3)",7.754,2026-09-10T01:15:58.567387,"3072,1,1","128,1,1",37,0,0,0,,,,,,,,,,,,,,,,,,,
gelu,python,"void at::native::elementwise_kernel<(int)128, (int)2, void at::native::gpu_kernel_impl_nocast<at::native::CUDAFunctor_add<float>>(at::TensorIteratorBase &, const T1 &)::[lambda(int) (instance 1)]>(int, T3)",8.237,2026-09-10T01:15:58.567396,"12288,1,1","128,1,1",16,0,0,0,,,,,,,,,,,,,,,,,,,
gelu,python,"void at::native::vectorized_elementwise_kernel<(int)4, at::native::GeluCUDAKernelImpl(at::TensorIteratorBase &, at::native::GeluType)::[lambda() (instance 1)]::operator ()() const::[lambda() (instance 2)]::operator ()() const::[lambda(float) (instance 1)], std::array<char *, (unsigned long)2>>(int, T2, T3)",7.69,2026-09-10T01:15:58.567404,"3072,1,1","128,1,1",37,0,0,0,,,,,,,,,,,,,,,,,,,
gelu,python,"void at::native::elementwise_kernel<(int)128, (int)2, void at::native::gpu_kernel_impl_nocast<at::native::CUDAFunctor_add<float>>(at::TensorIteratorBase &, const T1 &)::[lambda(int) (instance 1)]>(int, T3)",8.205,2026-09-10T01:15:58.567413,"12288,1,1","128,1,1",16,0,0,0,,,,,,,,,,,,,,,,,,,
gelu,python,"void at::native::vectorized_elementwise_kernel<(int)4, at::native::GeluCUDAKernelImpl(at::TensorIteratorBase &, at::native::GeluType)::[lambda() (instance 1)]::operator ()() const::[lambda() (instance 2)]::operator ()() const::[lambda(float) (instance 1)], std::array<char *, (unsigned long)2>>(int, T2, T3)",7.626,2026-09-10T01:15:58.567421,"3072,1,1","128,1,1",37,0,0,0,,,,,,,,,,,,,,,,,,,
gelu,python,"void at::native::elementwise_kernel<(int)128, (int)2, void at::native::gpu_kernel_impl_nocast<at::native::CUDAFunctor_add<float>>(at::TensorIteratorBase &, const T1 &)::[lambda(int) (instance 1)]>(int, T3)",8.173,2026-09-10T01:15:58.567429,"12288,1,1","128,1,1",16,0,0,0,,,,,,,,,,,,,,,,,,,
gelu,python,"void at::native::vectorized_elementwise_kernel<(int)4, at::native::GeluCUDAKernelImpl(at::TensorIteratorBase &, at::native::GeluType)::[lambda() (instance 1)]::operator ()() const::[lambda() (instance 2)]::operator ()() const::[lambda(float) (instance 1)], std::array<char *, (unsigned long)2>>(int, T2, T3)",7.594,2026-09-10T01:15:58.567438,"3072,1,1","128,1,1",37,0,0,0,,,,,,,,,,,,,,,,,,,
gelu,python,"void at::native::elementwise_kernel<(int)128, (int)2, void at::native::gpu_kernel_impl_nocast<at::native::CUDAFunctor_add<float>>(at::TensorIteratorBase &, const T1 &)::[lambda(int) (instance 1)]>(int, T3)",8.204,2026-09-10T01:15:58.567447,"12288,1,1","128,1,1",16,0,0,0,,,,,,,,,,,,,,,,,,,
gelu,python,"void at::native::vectorized_elementwise_kernel<(int)4, at::native::GeluCUDAKernelImpl(at::TensorIteratorBase &, at::native::GeluType)::[lambda() (instance 1)]::operator ()() const::[lambda() (instance 2)]::operator ()() const::[lambda(float) (instance 1)], std::array<char *, (unsigned long)2>>(int, T2, T3)",7.561,2026-09-10T01:15:58.567455,"3072,1,1","128,1,1",37,0,0,0,,,,,,,,,,,,,,,,,,,
gelu,python,"void at::native::elementwise_kernel<(int)128, (int)2, void at::native::gpu_kernel_impl_nocast<at::native::CUDAFunctor_add<float>>(at::TensorIteratorBase &, const T1 &)::[lambda(int) (instance 1)]>(int, T3)",8.173,2026-09-10T01:15:58.567464,"12288,1,1","128,1,1",16,0,0,0,,,,,,,,,,,,,,,,,,,
gelu,python,"void at::native::vectorized_elementwise_kernel<(int)4, at::native::GeluCUDAKernelImpl(at::TensorIteratorBase &, at::native::GeluType)::[lambda() (instance 1)]::operator ()() const::[lambda() (instance 2)]::operator ()() const::[lambda(float) (instance 1)], std::array<char *, (unsigned long)2>>(int, T2, T3)",7.657,2026-09-10T01:15:58.567472,"3072,1,1","128,1,1",37,0,0,0,,,,,,,,,,,,,,,,,,,
gelu,python,"void at::native::elementwise_kernel<(int)128, (int)2, void at::native::gpu_kernel_impl_nocast<at::native::CUDAFunctor_add<float>>(at::TensorIteratorBase &, const T1 &)::[lambda(int) (instance 1)]>(int, T3)",8.205,2026-09-10T01:15:58.567481,"12288,1,1","128,1,1",16,0,0,0,,,,,,,,,,,,,,,,,,,
gelu,python,"void at::native::vectorized_elementwise_kernel<(int)4, at::native::GeluCUDAKernelImpl(at::TensorIteratorBase &, at::native::GeluType)::[lambda() (instance 1)]::operator ()() const::[lambda() (instance 2)]::operator ()() const::[lambda(float) (instance 1)], std::array<char *, (unsigned long)2>>(int, T2, T3)",7.561,2026-09-10T01:15:58.567489,"3072,1,1","128,1,1",37,0,0,0,,,,,,,,,,,,,,,,,,,
gelu,python,"void at::native::elementwise_kernel<(int)128, (int)2, void at::native::gpu_kernel_impl_nocast<at::native::CUDAFunctor_add<float>>(at::TensorIteratorBase &, const T1 &)::[lambda(int) (instance 1)]>(int, T3)",8.236,2026-09-10T01:15:58.567497,"12288,1,1","128,1,1",16,0,0,0,,,,,,,,,,,,,,,,,,,
gelu,python,"void at::native::vectorized_elementwise_kernel<(int)4, at::native::GeluCUDAKernelImpl(at::TensorIteratorBase &, at::native::GeluType)::[lambda() (instance 1)]::operator ()() const::[lambda() (instance 2)]::operator ()() const::[lambda(float) (instance 1)], std::array<char *, (unsigned long)2>>(int, T2, T3)",7.561,2026-09-10T01:15:58.567506,"3072,1,1","128,1,1",37,0,0,0,,,,,,,,,,,,,,,,,,,
gelu,python,"void at::native::elementwise_kernel<(int)128, (int)2, void at::native::gpu_kernel_impl_nocast<at::native::CUDAFunctor_add<float>>(at::TensorIteratorBase &, const T1 &)::[lambda(int) (instance 1)]>(int, T3)",8.237,2026-09-10T01:15:58.567514,"12288,1,1","128,1,1",16,0,0,0,,,,,,,,,,,,,,,,,,,
gelu,python,"void at::native::vectorized_elementwise_kernel<(int)4, at::native::GeluCUDAKernelImpl(at::TensorIteratorBase &, at::native::GeluType)::[lambda() (instance 1)]::operator ()() const::[lambda() (instance 2)]::operator ()() const::[lambda(float) (instance 1)], std::array<char *, (unsigned long)2>>(int, T2, T3)",7.754,2026-09-10T01:15:58.567523,"3072,1,1","128,1,1",37,0,0,0,,,,,,,,,,,,,,,,,,,
gelu,python,"void at::native::elementwise_kernel<(int)128, (int)2, void at::native::gpu_kernel_impl_nocast<at::native::CUDAFunctor_add<float>>(at::TensorIteratorBase &, const T1 &)::[lambda(int) (instance 1)]>(int, T3)",8.173,2026-09-10T01:15:58.567531,"12288,1,1","128,1,1",16,0,0,0,,,,,,,,,,,,,,,,,,,
gelu,python,"void at::native::vectorized_elementwise_kernel<(int)4, at::native::GeluCUDAKernelImpl(at::TensorIteratorBase &, at::native::GeluType)::[lambda() (instance 1)]::operator ()() const::[lambda() (instance 2)]::operator ()() const::[lambda(float) (instance 1)], std::array<char *, (unsigned long)2>>(int, T2, T3)",7.561,2026-09-10T01:15:58.567539,"3072,1,1","128,1,1",37,0,0,0,,,,,,,,,,,,,,,,,,,
gelu,python,"void at::native::elementwise_kernel<(int)128, (int)2, void at::native::gpu_kernel_impl_nocast<at::native::CUDAFunctor_add<float>>(at::TensorIteratorBase &, const T1 &)::[lambda(int) (instance 1)]>(int, T3)",8.205,2026-09-10T01:15:58.567548,"12288,1,1","128,1,1",16,0,0,0,,,,,,,,,,,,,,,,,,,
gelu,python,"void at::native::vectorized_elementwise_kernel<(int)4, at::native::GeluCUDAKernelImpl(at::TensorIteratorBase &, at::native::GeluType)::[lambda() (instance 1)]::operator ()() const::[lambda() (instance 2)]::operator ()() const::[lambda(float) (instance 1)], std::array<char *, (unsigned long)2>>(int, T2, T3)",7.593,2026-09-10T01:15:58.567556,"3072,1,1","128,1,1",37,0,0,0,,,,,,,,,,,,,,,,,,,
gelu,python,"void at::native::elementwise_kernel<(int)128, (int)2, void at::native::gpu_kernel_impl_nocast<at::native::CUDAFunctor_add<float>>(at::TensorIteratorBase &, const T1 &)::[lambda(int) (instance 1)]>(int, T3)",8.173,2026-09-10T01:15:58.567565,"12288,1,1","128,1,1",16,0,0,0,,,,,,,,,,,,,,,,,,,
gelu,python,"void at::native::vectorized_elementwise_kernel<(int)4, at::native::GeluCUDAKernelImpl(at::TensorIteratorBase &, at::native::GeluType)::[lambda() (instance 1)]::operator ()() const::[lambda() (instance 2)]::operator ()() const::[lambda(float) (instance 1)], std::array<char *, (unsigned long)2>>(int, T2, T3)",7.722,2026-09-10T01:15:58.567573,"3072,1,1","128,1,1",37,0,0,0,,,,,,,,,,,,,,,,,,,
gelu,python,"void at::native::elementwise_kernel<(int)128, (int)2, void at::native::gpu_kernel_impl_nocast<at::native::CUDAFunctor_add<float>>(at::TensorIteratorBase &, const T1 &)::[lambda(int) (instance 1)]>(int, T3)",8.172,2026-09-10T01:15:58.567582,"12288,1,1","128,1,1",16,0,0,0,,,,,,,,,,,,,,,,,,,
gelu,python,"void at::native::vectorized_elementwise_kernel<(int)4, at::native::GeluCUDAKernelImpl(at::TensorIteratorBase &, at::native::GeluType)::[lambda() (instance 1)]::operator ()() const::[lambda() (instance 2)]::operator ()() const::[lambda(float) (instance 1)], std::array<char *, (unsigned long)2>>(int, T2, T3)",7.465,2026-09-10T01:15:58.567590,"3072,1,1","128,1,1",37,0,0,0,,,,,,,,,,,,,,,,,,,
gelu,python,"void at::native::elementwise_kernel<(int)128, (int)2, void at::native::gpu_kernel_impl_nocast<at::native::CUDAFunctor_add<float>>(at::TensorIteratorBase &, const T1 &)::[lambda(int) (instance 1)]>(int, T3)",8.205,2026-09-10T01:15:58.567599,"12288,1,1","128,1,1",16,0,0,0,,,,,,,,,,,,,,,,,,,
gelu,python,"void at::native::vectorized_elementwise_kernel<(int)4, at::native::GeluCUDAKernelImpl(at::TensorIteratorBase &, at::native::GeluType)::[lambda() (instance 1)]::operator ()() const::[lambda() (instance 2)]::operator ()() const::[lambda(float) (instance 1)], std::array<char *, (unsigned long)2>>(int, T2, T3)",15.862,2026-09-10T01:15:58.567607,"3072,1,1","128,1,1",37,0,0,0,,,,,,,,,,,,,,,,,,,
gelu,python,"void at::native::elementwise_kernel<(int)128, (int)2, void at::native::gpu_kernel_impl_nocast<at::native::CUDAFunctor_add<float>>(at::TensorIteratorBase &, const T1 &)::[lambda(int) (instance 1)]>(int, T3)",16.216,2026-09-10T01:15:58.567616,"12288,1,1","128,1,1",16,0,0,0,,,,,,,,,,,,,,,,,,,
gelu,python,"void at::native::vectorized_elementwise_kernel<(int)4, at::native::GeluCUDAKernelImpl(at::TensorIteratorBase &, at::native::GeluType)::[lambda() (instance 1)]::operator ()() const::[lambda() (instance 2)]::operator ()() const::[lambda(float) (instance 1)], std::array<char *, (unsigned long)2>>(int, T2, T3)",7.658,2026-09-10T01:15:58.567624,"3072,1,1","128,1,1",37,0,0,0,,,,,,,,,,,,,,,,,,,
gelu,python,"void at::native::elementwise_kernel<(int)128, (int)2, void at::native::gpu_kernel_impl_nocast<at::native::CUDAFunctor_add<float>>(at::TensorIteratorBase &, const T1 &)::[lambda(int) (instance 1)]>(int, T3)",8.237,2026-09-10T01:15:58.567633,"12288,1,1","128,1,1",16,0,0,0,,,,,,,,,,,,,,,,,,,
gelu,python,"void at::native::vectorized_elementwise_kernel<(int)4, at::native::GeluCUDAKernelImpl(at::TensorIteratorBase &, at::native::GeluType)::[lambda() (instance 1)]::operator ()() const::[lambda() (instance 2)]::operator ()() const::[lambda(float) (instance 1)], std::array<char *, (unsigned long)2>>(int, T2, T3)",7.561,2026-09-10T01:15:58.567642,"3072,1,1","128,1,1",37,0,0,0,,,,,,,,,,,,,,,,,,,
gelu,python,"void at::native::elementwise_kernel<(int)128, (int)2, void at::native::gpu_kernel_impl_nocast<at::native::CUDAFunctor_add<float>>(at::TensorIteratorBase &, const T1 &)::[lambda(int) (instance 1)]>(int, T3)",8.14,2026-09-10T01:15:58.567650,"12288,1,1","128,1,1",16,0,0,0,,,,,,,,,,,,,,,,,,,
gelu,python,"void at::native::vectorized_elementwise_kernel<(int)4, at::native::GeluCUDAKernelImpl(at::TensorIteratorBase &, at::native::GeluType)::[lambda() (instance 1)]::operator ()() const::[lambda() (instance 2)]::operator ()() const::[lambda(float) (instance 1)], std::array<char *, (unsigned long)2>>(int, T2, T3)",7.561,2026-09-10T01:15:58.567661,"3072,1,1","128,1,1",37,0,0,0,,,,,,,,,,,,,,,,,,,
layernorm,rust,layer_norm,23.922,2026-09-10T01:15:59.849980,"4096,1,1","256,1,1",27,1024,1024,0,,,,,,,,,,,,,,,,,,,
layernorm,rust,layer_norm,18.592,2026-09-10T01:15:59.849997,"4096,1,1","256,1,1",27,1024,1024,0,,,,,,,,,,,,,,,,,,,
layernorm,rust,layer_norm,18.752,2026-09-10T01:15:59.850007,"4096,1,1","256,1,1",27,1024,1024,0,,,,,,,,,,,,,,,,,,,
layernorm,rust,layer_norm,18.72,2026-09-10T01:15:59.850017,"4096,1,1","256,1,1",27,1024,1024,0,,,,,,,,,,,,,,,,,,,
layernorm,rust,layer_norm,18.752,2026-09-10T01:15:59.850026,"4096,1,1","256,1,1",27,1024,1024,0,,,,,,,,,,,,,,,,,,,
layernorm,rust,layer_norm,18.689,2026-09-10T01:15:59.850034,"4096,1,1","256,1,1",27,1024,1024,0,,,,,,,,,,,,,,,,,,,
layernorm,rust,layer_norm,18.784,2026-09-10T01:15:59.850043,"4096,1,1","256,1,1",27,1024,1024,0,,,,,,,,,,,,,,,,,,,
layernorm,rust,layer_norm,18.752,2026-09-10T01:15:59.850052,"4096,1,1","256,1,1",27,1024,1024,0,,,,,,,,,,,,,,,,,,,
layernorm,rust,layer_norm,18.785,2026-09-10T01:15:59.850060,"4096,1,1","256,1,1",27,1024,1024,0,,,,,,,,,,,,,,,,,,,
layernorm,rust,layer_norm,18.752,2026-09-10T01:15:59.850069,"4096,1,1","256,1,1",27,1024,1024,0,,,,,,,,,,,,,,,,,,,
layernorm,rust,layer_norm,18.721,2026-09-10T01:15:59.850078,"4096,1,1","256,1,1",27,1024,1024,0,,,,,,,,,,,,,,,,,,,
layernorm,rust,layer_norm,18.624,2026-09-10T01:15:59.850087,"4096,1,1","256,1,1",27,1024,1024,0,,,,,,,,,,,,,,,,,,,
layernorm,rust,layer_norm,18.656,2026-09-10T01:15:59.850095,"4096,1,1","256,1,1",27,1024,1024,0,,,,,,,,,,,,,,,,,,,
layernorm,rust,layer_norm,18.72,2026-09-10T01:15:59.850104,"4096,1,1","256,1,1",27,1024,1024,0,,,,,,,,,,,,,,,,,,,
layernorm,rust,layer_norm,18.656,2026-09-10T01:15:59.850113,"4096,1,1","256,1,1",27,1024,1024,0,,,,,,,,,,,,,,,,,,,
layernorm,rust,layer_norm,18.753,2026-09-10T01:15:59.850121,"4096,1,1","256,1,1",27,1024,1024,0,,,,,,,,,,,,,,,,,,,
layernorm,rust,layer_norm,18.689,2026-09-10T01:15:59.850130,"4096,1,1","256,1,1",27,1024,1024,0,,,,,,,,,,,,,,,,,,,
layernorm,rust,layer_norm,18.624,2026-09-10T01:15:59.850139,"4096,1,1","256,1,1",27,1024,1024,0,,,,,,,,,,,,,,,,,,,
layernorm,rust,layer_norm,18.592,2026-09-10T01:15:59.850147,"4096,1,1","256,1,1",27,1024,1024,0,,,,,,,,,,,,,,,,,,,
layernorm,rust,layer_norm,18.753,2026-09-10T01:15:59.850156,"4096,1,1","256,1,1",27,1024,1024,0,,,,,,,,,,,,,,,,,,,
layernorm,rust,layer_norm,18.623,2026-09-10T01:15:59.850164,"4096,1,1","256,1,1",27,1024,1024,0,,,,,,,,,,,,,,,,,,,
layernorm,rust,layer_norm,18.656,2026-09-10T01:15:59.850173,"4096,1,1","256,1,1",27,1024,1024,0,,,,,,,,,,,,,,,,,,,
layernorm,rust,layer_norm,18.624,2026-09-10T01:15:59.850182,"4096,1,1","256,1,1",27,1024,1024,0,,,,,,,,,,,,,,,,,,,
layernorm,rust,layer_norm,18.72,2026-09-10T01:15:59.850191,"4096,1,1","256,1,1",27,1024,1024,0,,,,,,,,,,,,,,,,,,,
layernorm,rust,layer_norm,18.592,2026-09-10T01:15:59.850199,"4096,1,1","256,1,1",27,1024,1024,0,,,,,,,,,,,,,,,,,,,
layernorm,rust,layer_norm,18.688,2026-09-10T01:15:59.850208,"4096,1,1","256,1,1",27,1024,1024,0,,,,,,,,,,,,,,,,,,,
layernorm,rust,layer_norm,18.721,2026-09-10T01:15:59.850216,"4096,1,1","256,1,1",27,1024,1024,0,,,,,,,,,,,,,,,,,,,
layernorm,rust,layer_norm,18.624,2026-09-10T01:15:59.850225,"4096,1,1","256,1,1",27,1024,1024,0,,,,,,,,,,,,,,,,,,,
layernorm,rust,layer_norm,18.945,2026-09-10T01:15:59.850234,"4096,1,1","256,1,1",27,1024,1024,0,,,,,,,,,,,,,,,,,,,
layernorm,rust,layer_norm,18.785,2026-09-10T01:15:59.850242,"4096,1,1","256,1,1",27,1024,1024,0,,,,,,,,,,,,,,,,,,,
layernorm,rust,layer_norm,18.72,2026-09-10T01:15:59.850251,"4096,1,1","256,1,1",27,1024,1024,0,,,,,,,,,,,,,,,,,,,
layernorm,rust,layer_norm,18.623,2026-09-10T01:15:59.850259,"4096,1,1","256,1,1",27,1024,1024,0,,,,,,,,,,,,,,,,,,,
layernorm,rust,layer_norm,18.464,2026-09-10T01:15:59.850268,"4096,1,1","256,1,1",27,1024,1024,0,,,,,,,,,,,,,,,,,,,
layernorm,rust,layer_norm,18.463,2026-09-10T01:15:59.850277,"4096,1,1","256,1,1",27,1024,1024,0,,,,,,,,,,,,,,,,,,,
layernorm,rust,layer_norm,18.56,2026-09-10T01:15:59.850285,"4096,1,1","256,1,1",27,1024,1024,0,,,,,,,,,,,,,,,,,,,
layernorm,rust,layer_norm,18.656,2026-09-10T01:15:59.850294,"4096,1,1","256,1,1",27,1024,1024,0,,,,,,,,,,,,,,,,,,,
layernorm,rust,layer_norm,18.527,2026-09-10T01:15:59.850303,"4096,1,1","256,1,1",27,1024,1024,0,,,,,,,,,,,,,,,,,,,
layernorm,rust,layer_norm,18.527,2026-09-10T01:15:59.850311,"4096,1,1","256,1,1",27,1024,1024,0,,,,,,,,,,,,,,,,,,,
layernorm,rust,layer_norm,18.559,2026-09-10T01:15:59.850320,"4096,1,1","256,1,1",27,1024,1024,0,,,,,,,,,,,,,,,,,,,
layernorm,rust,layer_norm,18.528,2026-09-10T01:15:59.850329,"4096,1,1","256,1,1",27,1024,1024,0,,,,,,,,,,,,,,,,,,,
layernorm,rust,layer_norm,18.592,2026-09-10T01:15:59.850338,"4096,1,1","256,1,1",27,1024,1024,0,,,,,,,,,,,,,,,,,,,
layernorm,rust,layer_norm,18.495,2026-09-10T01:15:59.850347,"4096,1,1","256,1,1",27,1024,1024,0,,,,,,,,,,,,,,,,,,,
layernorm,rust,layer_norm,18.688,2026-09-10T01:15:59.850355,"4096,1,1","256,1,1",27,1024,1024,0,,,,,,,,,,,,,,,,,,,
layernorm,rust,layer_norm,18.464,2026-09-10T01:15:59.850364,"4096,1,1","256,1,1",27,1024,1024,0,,,,,,,,,,,,,,,,,,,
layernorm,rust,layer_norm,18.495,2026-09-10T01:15:59.850372,"4096,1,1","256,1,1",27,1024,1024,0,,,,,,,,,,,,,,,,,,,
layernorm,rust,layer_norm,18.496,2026-09-10T01:15:59.850381,"4096,1,1","256,1,1",27,1024,1024,0,,,,,,,,,,,,,,,,,,,
layernorm,rust,layer_norm,18.72,2026-09-10T01:15:59.850389,"4096,1,1","256,1,1",27,1024,1024,0,,,,,,,,,,,,,,,,,,,
layernorm,rust,layer_norm,18.463,2026-09-10T01:15:59.850398,"4096,1,1","256,1,1",27,1024,1024,0,,,,,,,,,,,,,,,,,,,
layernorm,rust,layer_norm,18.559,2026-09-10T01:15:59.850407,"4096,1,1","256,1,1",27,1024,1024,0,,,,,,,,,,,,,,,,,,,
layernorm,rust,layer_norm,18.592,2026-09-10T01:15:59.850416,"4096,1,1","256,1,1",27,1024,1024,0,,,,,,,,,,,,,,,,,,,
layernorm,rust,layer_norm,18.624,2026-09-10T01:15:59.850424,"4096,1,1","256,1,1",27,1024,1024,0,,,,,,,,,,,,,,,,,,,
layernorm,rust,layer_norm,18.56,2026-09-10T01:15:59.850433,"4096,1,1","256,1,1",27,1024,1024,0,,,,,,,,,,,,,,,,,,,
layernorm,rust,layer_norm,18.495,2026-09-10T01:15:59.850441,"4096,1,1","256,1,1",27,1024,1024,0,,,,,,,,,,,,,,,,,,,
layernorm,rust,layer_norm,18.592,2026-09-10T01:15:59.850450,"4096,1,1","256,1,1",27,1024,1024,0,,,,,,,,,,,,,,,,,,,
layernorm,rust,layer_norm,18.528,2026-09-10T01:15:59.850459,"4096,1,1","256,1,1",27,1024,1024,0,,,,,,,,,,,,,,,,,,,
layernorm,rust,layer_norm,18.496,2026-09-10T01:15:59.850468,"4096,1,1","256,1,1",27,1024,1024,0,,,,,,,,,,,,,,,,,,,
layernorm,rust,layer_norm,18.528,2026-09-10T01:15:59.850476,"4096,1,1","256,1,1",27,1024,1024,0,,,,,,,,,,,,,,,,,,,
layernorm,rust,layer_norm,18.527,2026-09-10T01:15:59.850485,"4096,1,1","256,1,1",27,1024,1024,0,,,,,,,,,,,,,,,,,,,
layernorm,rust,layer_norm,18.496,2026-09-10T01:15:59.850494,"4096,1,1","256,1,1",27,1024,1024,0,,,,,,,,,,,,,,,,,,,
layernorm,rust,layer_norm,18.591,2026-09-10T01:15:59.850502,"4096,1,1","256,1,1",27,1024,1024,0,,,,,,,,,,,,,,,,,,,
layernorm,rust,layer_norm,18.527,2026-09-10T01:15:59.850511,"4096,1,1","256,1,1",27,1024,1024,0,,,,,,,,,,,,,,,,,,,
layernorm,rust,layer_norm,18.527,2026-09-10T01:15:59.850519,"4096,1,1","256,1,1",27,1024,1024,0,,,,,,,,,,,,,,,,,,,
layernorm,rust,layer_norm,18.463,2026-09-10T01:15:59.850528,"4096,1,1","256,1,1",27,1024,1024,0,,,,,,,,,,,,,,,,,,,
layernorm,rust,layer_norm,18.591,2026-09-10T01:15:59.850536,"4096,1,1","256,1,1",27,1024,1024,0,,,,,,,,,,,,,,,,,,,
layernorm,rust,layer_norm,18.496,2026-09-10T01:15:59.850545,"4096,1,1","256,1,1",27,1024,1024,0,,,,,,,,,,,,,,,,,,,
layernorm,rust,layer_norm,18.527,2026-09-10T01:15:59.850554,"4096,1,1","256,1,1",27,1024,1024,0,,,,,,,,,,,,,,,,,,,
layernorm,rust,layer_norm,18.559,2026-09-10T01:15:59.850562,"4096,1,1","256,1,1",27,1024,1024,0,,,,,,,,,,,,,,,,,,,
layernorm,rust,layer_norm,18.463,2026-09-10T01:15:59.850571,"4096,1,1","256,1,1",27,1024,1024,0,,,,,,,,,,,,,,,,,,,
layernorm,rust,layer_norm,18.495,2026-09-10T01:15:59.850580,"4096,1,1","256,1,1",27,1024,1024,0,,,,,,,,,,,,,,,,,,,
layernorm,rust,layer_norm,18.56,2026-09-10T01:15:59.850588,"4096,1,1","256,1,1",27,1024,1024,0,,,,,,,,,,,,,,,,,,,
layernorm,rust,layer_norm,18.591,2026-09-10T01:15:59.850597,"4096,1,1","256,1,1",27,1024,1024,0,,,,,,,,,,,,,,,,,,,
layernorm,rust,layer_norm,18.496,2026-09-10T01:15:59.850605,"4096,1,1","256,1,1",27,1024,1024,0,,,,,,,,,,,,,,,,,,,
layernorm,rust,layer_norm,18.528,2026-09-10T01:15:59.850614,"4096,1,1","256,1,1",27,1024,1024,0,,,,,,,,,,,,,,,,,,,
layernorm,rust,layer_norm,18.656,2026-09-10T01:15:59.850622,"4096,1,1","256,1,1",27,1024,1024,0,,,,,,,,,,,,,,,,,,,
layernorm,rust,layer_norm,18.464,2026-09-10T01:15:59.850631,"4096,1,1","256,1,1",27,1024,1024,0,,,,,,,,,,,,,,,,,,,
layernorm,rust,layer_norm,18.431,2026-09-10T01:15:59.850640,"4096,1,1","256,1,1",27,1024,1024,0,,,,,,,,,,,,,,,,,,,
layernorm,rust,layer_norm,18.591,2026-09-10T01:15:59.850648,"4096,1,1","256,1,1",27,1024,1024,0,,,,,,,,,,,,,,,,,,,
layernorm,rust,layer_norm,18.56,2026-09-10T01:15:59.850657,"4096,1,1","256,1,1",27,1024,1024,0,,,,,,,,,,,,,,,,,,,
layernorm,rust,layer_norm,18.495,2026-09-10T01:15:59.850666,"4096,1,1","256,1,1",27,1024,1024,0,,,,,,,,,,,,,,,,,,,
layernorm,rust,layer_norm,18.527,2026-09-10T01:15:59.850674,"4096,1,1","256,1,1",27,1024,1024,0,,,,,,,,,,,,,,,,,,,
layernorm,rust,layer_norm,18.688,2026-09-10T01:15:59.850683,"4096,1,1","256,1,1",27,1024,1024,0,,,,,,,,,,,,,,,,,,,
layernorm,rust,layer_norm,18.495,2026-09-10T01:15:59.850691,"4096,1,1","256,1,1",27,1024,1024,0,,,,,,,,,,,,,,,,,,,
layernorm,rust,layer_norm,18.56,2026-09-10T01:15:59.850700,"4096,1,1","256,1,1",27,1024,1024,0,,,,,,,,,,,,,,,,,,,
layernorm,rust,layer_norm,18.431,2026-09-10T01:15:59.850709,"4096,1,1","256,1,1",27,1024,1024,0,,,,,,,,,,,,,,,,,,,
layernorm,rust,layer_norm,18.528,2026-09-10T01:15:59.850717,"4096,1,1","256,1,1",27,1024,1024,0,,,,,,,,,,,,,,,,,,,
layernorm,rust,layer_norm,18.527,2026-09-10T01:15:59.850726,"4096,1,1","256,1,1",27,1024,1024,0,,,,,,,,,,,,,,,,,,,
layernorm,rust,layer_norm,18.399,2026-09-10T01:15:59.850735,"4096,1,1","256,1,1",27,1024,1024,0,,,,,,,,,,,,,,,,,,,
layernorm,rust,layer_norm,18.431,2026-09-10T01:15:59.850743,"4096,1,1","256,1,1",27,1024,1024,0,,,,,,,,,,,,,,,,,,,
layernorm,rust,layer_norm,18.464,2026-09-10T01:15:59.850752,"4096,1,1","256,1,1",27,1024,1024,0,,,,,,,,,,,,,,,,,,,
layernorm,rust,layer_norm,18.463,2026-09-10T01:15:59.850760,"4096,1,1","256,1,1",27,1024,1024,0,,,,,,,,,,,,,,,,,,,
layernorm,rust,layer_norm,18.56,2026-09-10T01:15:59.850769,"4096,1,1","256,1,1",27,1024,1024,0,,,,,,,,,,,,,,,,,,,
layernorm,rust,layer_norm,18.495,2026-09-10T01:15:59.850778,"4096,1,1","256,1,1",27,1024,1024,0,,,,,,,,,,,,,,,,,,,
layernorm,rust,layer_norm,18.495,2026-09-10T01:15:59.850786,"4096,1,1","256,1,1",27,1024,1024,0,,,,,,,,,,,,,,,,,,,
layernorm,rust,layer_norm,18.495,2026-09-10T01:15:59.850796,"4096,1,1","256,1,1",27,1024,1024,0,,,,,,,,,,,,,,,,,,,
layernorm,rust,layer_norm,18.56,2026-09-10T01:15:59.850804,"4096,1,1","256,1,1",27,1024,1024,0,,,,,,,,,,,,,,,,,,,
layernorm,rust,layer_norm,18.592,2026-09-10T01:15:59.850813,"4096,1,1","256,1,1",27,1024,1024,0,,,,,,,,,,,,,,,,,,,
layernorm,rust,layer_norm,18.463,2026-09-10T01:15:59.850821,"4096,1,1","256,1,1",27,1024,1024,0,,,,,,,,,,,,,,,,,,,
layernorm,rust,layer_norm,18.495,2026-09-10T01:15:59.850830,"4096,1,1","256,1,1",27,1024,1024,0,,,,,,,,,,,,,,,,,,,
layernorm,rust,layer_norm,18.463,2026-09-10T01:15:59.850838,"4096,1,1","256,1,1",27,1024,1024,0,,,,,,,,,,,,,,,,,,,
layernorm,rust,layer_norm,18.495,2026-09-10T01:15:59.850849,"4096,1,1","256,1,1",27,1024,1024,0,,,,,,,,,,,,,,,,,,,
layernorm,python,"void at::native::<unnamed>::vectorized_layer_norm_kernel<float, float, (bool)0>(int, T2, const T1 *, const T1 *, const T1 *, T2 *, T2 *, T1 *)",17.761,2026-09-10T01:16:02.147635,"4096,1,1","32,4,1",37,24,0,24,,,,,,,,,,,,,,,,,,,
layernorm,python,"void at::native::<unnamed>::vectorized_layer_norm_kernel<float, float, (bool)0>(int, T2, const T1 *, const T1 *, const T1 *, T2 *, T2 *, T1 *)",11.414,2026-09-10T01:16:02.147652,"4096,1,1","32,4,1",37,24,0,24,,,,,,,,,,,,,,,,,,,
layernorm,python,"void at::native::<unnamed>::vectorized_layer_norm_kernel<float, float, (bool)0>(int, T2, const T1 *, const T1 *, const T1 *, T2 *, T2 *, T1 *)",11.286,2026-09-10T01:16:02.147661,"4096,1,1","32,4,1",37,24,0,24,,,,,,,,,,,,,,,,,,,
layernorm,python,"void at::native::<unnamed>::vectorized_layer_norm_kernel<float, float, (bool)0>(int, T2, const T1 *, const T1 *, const T1 *, T2 *, T2 *, T1 *)",11.318,2026-09-10T01:16:02.147670,"4096,1,1","32,4,1",37,24,0,24,,,,,,,,,,,,,,,,,,,
layernorm,python,"void at::native::<unnamed>::vectorized_layer_norm_kernel<float, float, (bool)0>(int, T2, const T1 *, const T1 *, const T1 *, T2 *, T2 *, T1 *)",11.285,2026-09-10T01:16:02.147679,"4096,1,1","32,4,1",37,24,0,24,,,,,,,,,,,,,,,,,,,
layernorm,python,"void at::native::<unnamed>::vectorized_layer_norm_kernel<float, float, (bool)0>(int, T2, const T1 *, const T1 *, const T1 *, T2 *, T2 *, T1 *)",11.349,2026-09-10T01:16:02.147688,"4096,1,1","32,4,1",37,24,0,24,,,,,,,,,,,,,,,,,,,
layernorm,python,"void at::native::<unnamed>::vectorized_layer_norm_kernel<float, float, (bool)0>(int, T2, const T1 *, const T1 *, const T1 *, T2 *, T2 *, T1 *)",11.189,2026-09-10T01:16:02.147697,"4096,1,1","32,4,1",37,24,0,24,,,,,,,,,,,,,,,,,,,
layernorm,python,"void at::native::<unnamed>::vectorized_layer_norm_kernel<float, float, (bool)0>(int, T2, const T1 *, const T1 *, const T1 *, T2 *, T2 *, T1 *)",11.093,2026-09-10T01:16:02.147706,"4096,1,1","32,4,1",37,24,0,24,,,,,,,,,,,,,,,,,,,
layernorm,python,"void at::native::<unnamed>::vectorized_layer_norm_kernel<float, float, (bool)0>(int, T2, const T1 *, const T1 *, const T1 *, T2 *, T2 *, T1 *)",11.222,2026-09-10T01:16:02.147715,"4096,1,1","32,4,1",37,24,0,24,,,,,,,,,,,,,,,,,,,
layernorm,python,"void at::native::<unnamed>::vectorized_layer_norm_kernel<float, float, (bool)0>(int, T2, const T1 *, const T1 *, const T1 *, T2 *, T2 *, T1 *)",11.125,2026-09-10T01:16:02.147724,"4096,1,1","32,4,1",37,24,0,24,,,,,,,,,,,,,,,,,,,
layernorm,python,"void at::native::<unnamed>::vectorized_layer_norm_kernel<float, float, (bool)0>(int, T2, const T1 *, const T1 *, const T1 *, T2 *, T2 *, T1 *)",11.221,2026-09-10T01:16:02.147732,"4096,1,1","32,4,1",37,24,0,24,,,,,,,,,,,,,,,,,,,
layernorm,python,"void at::native::<unnamed>::vectorized_layer_norm_kernel<float, float, (bool)0>(int, T2, const T1 *, const T1 *, const T1 *, T2 *, T2 *, T1 *)",11.254,2026-09-10T01:16:02.147741,"4096,1,1","32,4,1",37,24,0,24,,,,,,,,,,,,,,,,,,,
layernorm,python,"void at::native::<unnamed>::vectorized_layer_norm_kernel<float, float, (bool)0>(int, T2, const T1 *, const T1 *, const T1 *, T2 *, T2 *, T1 *)",11.318,2026-09-10T01:16:02.147750,"4096,1,1","32,4,1",37,24,0,24,,,,,,,,,,,,,,,,,,,
layernorm,python,"void at::native::<unnamed>::vectorized_layer_norm_kernel<float, float, (bool)0>(int, T2, const T1 *, const T1 *, const T1 *, T2 *, T2 *, T1 *)",11.317,2026-09-10T01:16:02.147758,"4096,1,1","32,4,1",37,24,0,24,,,,,,,,,,,,,,,,,,,
layernorm,python,"void at::native::<unnamed>::vectorized_layer_norm_kernel<float, float, (bool)0>(int, T2, const T1 *, const T1 *, const T1 *, T2 *, T2 *, T1 *)",11.125,2026-09-10T01:16:02.147766,"4096,1,1","32,4,1",37,24,0,24,,,,,,,,,,,,,,,,,,,
layernorm,python,"void at::native::<unnamed>::vectorized_layer_norm_kernel<float, float, (bool)0>(int, T2, const T1 *, const T1 *, const T1 *, T2 *, T2 *, T1 *)",11.189,2026-09-10T01:16:02.147779,"4096,1,1","32,4,1",37,24,0,24,,,,,,,,,,,,,,,,,,,
layernorm,python,"void at::native::<unnamed>::vectorized_layer_norm_kernel<float, float, (bool)0>(int, T2, const T1 *, const T1 *, const T1 *, T2 *, T2 *, T1 *)",11.349,2026-09-10T01:16:02.147787,"4096,1,1","32,4,1",37,24,0,24,,,,,,,,,,,,,,,,,,,
layernorm,python,"void at::native::<unnamed>::vectorized_layer_norm_kernel<float, float, (bool)0>(int, T2, const T1 *, const T1 *, const T1 *, T2 *, T2 *, T1 *)",11.189,2026-09-10T01:16:02.147796,"4096,1,1","32,4,1",37,24,0,24,,,,,,,,,,,,,,,,,,,
layernorm,python,"void at::native::<unnamed>::vectorized_layer_norm_kernel<float, float, (bool)0>(int, T2, const T1 *, const T1 *, const T1 *, T2 *, T2 *, T1 *)",11.254,2026-09-10T01:16:02.147805,"4096,1,1","32,4,1",37,24,0,24,,,,,,,,,,,,,,,,,,,
layernorm,python,"void at::native::<unnamed>::vectorized_layer_norm_kernel<float, float, (bool)0>(int, T2, const T1 *, const T1 *, const T1 *, T2 *, T2 *, T1 *)",11.221,2026-09-10T01:16:02.147813,"4096,1,1","32,4,1",37,24,0,24,,,,,,,,,,,,,,,,,,,
layernorm,python,"void at::native::<unnamed>::vectorized_layer_norm_kernel<float, float, (bool)0>(int, T2, const T1 *, const T1 *, const T1 *, T2 *, T2 *, T1 *)",11.189,2026-09-10T01:16:02.147822,"4096,1,1","32,4,1",37,24,0,24,,,,,,,,,,,,,,,,,,,
layernorm,python,"void at::native::<unnamed>::vectorized_layer_norm_kernel<float, float, (bool)0>(int, T2, const T1 *, const T1 *, const T1 *, T2 *, T2 *, T1 *)",11.349,2026-09-10T01:16:02.147830,"4096,1,1","32,4,1",37,24,0,24,,,,,,,,,,,,,,,,,,,
layernorm,python,"void at::native::<unnamed>::vectorized_layer_norm_kernel<float, float, (bool)0>(int, T2, const T1 *, const T1 *, const T1 *, T2 *, T2 *, T1 *)",11.285,2026-09-10T01:16:02.147838,"4096,1,1","32,4,1",37,24,0,24,,,,,,,,,,,,,,,,,,,
layernorm,python,"void at::native::<unnamed>::vectorized_layer_norm_kernel<float, float, (bool)0>(int, T2, const T1 *, const T1 *, const T1 *, T2 *, T2 *, T1 *)",11.19,2026-09-10T01:16:02.147847,"4096,1,1","32,4,1",37,24,0,24,,,,,,,,,,,,,,,,,,,
layernorm,python,"void at::native::<unnamed>::vectorized_layer_norm_kernel<float, float, (bool)0>(int, T2, const T1 *, const T1 *, const T1 *, T2 *, T2 *, T1 *)",11.286,2026-09-10T01:16:02.147856,"4096,1,1","32,4,1",37,24,0,24,,,,,,,,,,,,,,,,,,,
layernorm,python,"void at::native::<unnamed>::vectorized_layer_norm_kernel<float, float, (bool)0>(int, T2, const T1 *, const T1 *, const T1 *, T2 *, T2 *, T1 *)",11.285,2026-09-10T01:16:02.147864,"4096,1,1","32,4,1",37,24,0,24,,,,,,,,,,,,,,,,,,,
layernorm,python,"void at::native::<unnamed>::vectorized_layer_norm_kernel<float, float, (bool)0>(int, T2, const T1 *, const T1 *, const T1 *, T2 *, T2 *, T1 *)",11.253,2026-09-10T01:16:02.147873,"4096,1,1","32,4,1",37,24,0,24,,,,,,,,,,,,,,,,,,,
layernorm,python,"void at::native::<unnamed>::vectorized_layer_norm_kernel<float, float, (bool)0>(int, T2, const T1 *, const T1 *, const T1 *, T2 *, T2 *, T1 *)",11.286,2026-09-10T01:16:02.147881,"4096,1,1","32,4,1",37,24,0,24,,,,,,,,,,,,,,,,,,,
layernorm,python,"void at::native::<unnamed>::vectorized_layer_norm_kernel<float, float, (bool)0>(int, T2, const T1 *, const T1 *, const T1 *, T2 *, T2 *, T1 *)",11.317,2026-09-10T01:16:02.147890,"4096,1,1","32,4,1",37,24,0,24,,,,,,,,,,,,,,,,,,,
layernorm,python,"void at::native::<unnamed>::vectorized_layer_norm_kernel<float, float, (bool)0>(int, T2, const T1 *, const T1 *, const T1 *, T2 *, T2 *, T1 *)",11.446,2026-09-10T01:16:02.147898,"4096,1,1","32,4,1",37,24,0,24,,,,,,,,,,,,,,,,,,,
layernorm,python,"void at::native::<unnamed>::vectorized_layer_norm_kernel<float, float, (bool)0>(int, T2, const T1 *, const T1 *, const T1 *, T2 *, T2 *, T1 *)",11.318,2026-09-10T01:16:02.147907,"4096,1,1","32,4,1",37,24,0,24,,,,,,,,,,,,,,,,,,,
layernorm,python,"void at::native::<unnamed>::vectorized_layer_norm_kernel<float, float, (bool)0>(int, T2, const T1 *, const T1 *, const T1 *, T2 *, T2 *, T1 *)",11.35,2026-09-10T01:16:02.147915,"4096,1,1","32,4,1",37,24,0,24,,,,,,,,,,,,,,,,,,,
layernorm,python,"void at::native::<unnamed>::vectorized_layer_norm_kernel<float, float, (bool)0>(int, T2, const T1 *, const T1 *, const T1 *, T2 *, T2 *, T1 *)",11.253,2026-09-10T01:16:02.147924,"4096,1,1","32,4,1",37,24,0,24,,,,,,,,,,,,,,,,,,,
layernorm,python,"void at::native::<unnamed>::vectorized_layer_norm_kernel<float, float, (bool)0>(int, T2, const T1 *, const T1 *, const T1 *, T2 *, T2 *, T1 *)",11.318,2026-09-10T01:16:02.147932,"4096,1,1","32,4,1",37,24,0,24,,,,,,,,,,,,,,,,,,,
layernorm,python,"void at::native::<unnamed>::vectorized_layer_norm_kernel<float, float, (bool)0>(int, T2, const T1 *, const T1 *, const T1 *, T2 *, T2 *, T1 *)",11.253,2026-09-10T01:16:02.147941,"4096,1,1","32,4,1",37,24,0,24,,,,,,,,,,,,,,,,,,,
layernorm,python,"void at::native::<unnamed>::vectorized_layer_norm_kernel<float, float, (bool)0>(int, T2, const T1 *, const T1 *, const T1 *, T2 *, T2 *, T1 *)",11.318,2026-09-10T01:16:02.147949,"4096,1,1","32,4,1",37,24,0,24,,,,,,,,,,,,,,,,,,,
layernorm,python,"void at::native::<unnamed>::vectorized_layer_norm_kernel<float, float, (bool)0>(int, T2, const T1 *, const T1 *, const T1 *, T2 *, T2 *, T1 *)",11.318,2026-09-10T01:16:02.147958,"4096,1,1","32,4,1",37,24,0,24,,,,,,,,,,,,,,,,,,,
layernorm,python,"void at::native::<unnamed>::vectorized_layer_norm_kernel<float, float, (bool)0>(int, T2, const T1 *, const T1 *, const T1 *, T2 *, T2 *, T1 *)",11.253,2026-09-10T01:16:02.147966,"4096,1,1","32,4,1",37,24,0,24,,,,,,,,,,,,,,,,,,,
layernorm,python,"void at::native::<unnamed>::vectorized_layer_norm_kernel<float, float, (bool)0>(int, T2, const T1 *, const T1 *, const T1 *, T2 *, T2 *, T1 *)",11.157,2026-09-10T01:16:02.147975,"4096,1,1","32,4,1",37,24,0,24,,,,,,,,,,,,,,,,,,,
layernorm,python,"void at::native::<unnamed>::vectorized_layer_norm_kernel<float, float, (bool)0>(int, T2, const T1 *, const T1 *, const T1 *, T2 *, T2 *, T1 *)",11.189,2026-09-10T01:16:02.147983,"4096,1,1","32,4,1",37,24,0,24,,,,,,,,,,,,,,,,,,,
layernorm,python,"void at::native::<unnamed>::vectorized_layer_norm_kernel<float, float, (bool)0>(int, T2, const T1 *, const T1 *, const T1 *, T2 *, T2 *, T1 *)",11.189,2026-09-10T01:16:02.147992,"4096,1,1","32,4,1",37,24,0,24,,,,,,,,,,,,,,,,,,,
layernorm,python,"void at::native::<unnamed>::vectorized_layer_norm_kernel<float, float, (bool)0>(int, T2, const T1 *, const T1 *, const T1 *, T2 *, T2 *, T1 *)",11.221,2026-09-10T01:16:02.148001,"4096,1,1","32,4,1",37,24,0,24,,,,,,,,,,,,,,,,,,,
layernorm,python,"void at::native::<unnamed>::vectorized_layer_norm_kernel<float, float, (bool)0>(int, T2, const T1 *, const T1 *, const T1 *, T2 *, T2 *, T1 *)",11.221,2026-09-10T01:16:02.148009,"4096,1,1","32,4,1",37,24,0,24,,,,,,,,,,,,,,,,,,,
layernorm,python,"void at::native::<unnamed>::vectorized_layer_norm_kernel<float, float, (bool)0>(int, T2, const T1 *, const T1 *, const T1 *, T2 *, T2 *, T1 *)",11.317,2026-09-10T01:16:02.148018,"4096,1,1","32,4,1",37,24,0,24,,,,,,,,,,,,,,,,,,,
layernorm,python,"void at::native::<unnamed>::vectorized_layer_norm_kernel<float, float, (bool)0>(int, T2, const T1 *, const T1 *, const T1 *, T2 *, T2 *, T1 *)",11.285,2026-09-10T01:16:02.148026,"4096,1,1","32,4,1",37,24,0,24,,,,,,,,,,,,,,,,,,,
layernorm,python,"void at::native::<unnamed>::vectorized_layer_norm_kernel<float, float, (bool)0>(int, T2, const T1 *, const T1 *, const T1 *, T2 *, T2 *, T1 *)",11.221,2026-09-10T01:16:02.148035,"4096,1,1","32,4,1",37,24,0,24,,,,,,,,,,,,,,,,,,,
layernorm,python,"void at::native::<unnamed>::vectorized_layer_norm_kernel<float, float, (bool)0>(int, T2, const T1 *, const T1 *, const T1 *, T2 *, T2 *, T1 *)",11.189,2026-09-10T01:16:02.148043,"4096,1,1","32,4,1",37,24,0,24,,,,,,,,,,,,,,,,,,,
layernorm,python,"void at::native::<unnamed>::vectorized_layer_norm_kernel<float, float, (bool)0>(int, T2, const T1 *, const T1 *, const T1 *, T2 *, T2 *, T1 *)",11.19,2026-09-10T01:16:02.148052,"4096,1,1","32,4,1",37,24,0,24,,,,,,,,,,,,,,,,,,,
layernorm,python,"void at::native::<unnamed>::vectorized_layer_norm_kernel<float, float, (bool)0>(int, T2, const T1 *, const T1 *, const T1 *, T2 *, T2 *, T1 *)",11.35,2026-09-10T01:16:02.148061,"4096,1,1","32,4,1",37,24,0,24,,,,,,,,,,,,,,,,,,,
layernorm,python,"void at::native::<unnamed>::vectorized_layer_norm_kernel<float, float, (bool)0>(int, T2, const T1 *, const T1 *, const T1 *, T2 *, T2 *, T1 *)",11.381,2026-09-10T01:16:02.148070,"4096,1,1","32,4,1",37,24,0,24,,,,,,,,,,,,,,,,,,,
layernorm,python,"void at::native::<unnamed>::vectorized_layer_norm_kernel<float, float, (bool)0>(int, T2, const T1 *, const T1 *, const T1 *, T2 *, T2 *, T1 *)",11.285,2026-09-10T01:16:02.148079,"4096,1,1","32,4,1",37,24,0,24,,,,,,,,,,,,,,,,,,,
layernorm,python,"void at::native::<unnamed>::vectorized_layer_norm_kernel<float, float, (bool)0>(int, T2, const T1 *, const T1 *, const T1 *, T2 *, T2 *, T1 *)",11.382,2026-09-10T01:16:02.148087,"4096,1,1","32,4,1",37,24,0,24,,,,,,,,,,,,,,,,,,,
layernorm,python,"void at::native::<unnamed>::vectorized_layer_norm_kernel<float, float, (bool)0>(int, T2, const T1 *, const T1 *, const T1 *, T2 *, T2 *, T1 *)",11.157,2026-09-10T01:16:02.148096,"4096,1,1","32,4,1",37,24,0,24,,,,,,,,,,,,,,,,,,,
layernorm,python,"void at::native::<unnamed>::vectorized_layer_norm_kernel<float, float, (bool)0>(int, T2, const T1 *, const T1 *, const T1 *, T2 *, T2 *, T1 *)",11.221,2026-09-10T01:16:02.148104,"4096,1,1","32,4,1",37,24,0,24,,,,,,,,,,,,,,,,,,,
layernorm,python,"void at::native::<unnamed>::vectorized_layer_norm_kernel<float, float, (bool)0>(int, T2, const T1 *, const T1 *, const T1 *, T2 *, T2 *, T1 *)",11.413,2026-09-10T01:16:02.148113,"4096,1,1","32,4,1",37,24,0,24,,,,,,,,,,,,,,,,,,,
layernorm,python,"void at::native::<unnamed>::vectorized_layer_norm_kernel<float, float, (bool)0>(int, T2, const T1 *, const T1 *, const T1 *, T2 *, T2 *, T1 *)",11.285,2026-09-10T01:16:02.148121,"4096,1,1","32,4,1",37,24,0,24,,,,,,,,,,,,,,,,,,,
layernorm,python,"void at::native::<unnamed>::vectorized_layer_norm_kernel<float, float, (bool)0>(int, T2, const T1 *, const T1 *, const T1 *, T2 *, T2 *, T1 *)",11.253,2026-09-10T01:16:02.148130,"4096,1,1","32,4,1",37,24,0,24,,,,,,,,,,,,,,,,,,,
layernorm,python,"void at::native::<unnamed>::vectorized_layer_norm_kernel<float, float, (bool)0>(int, T2, const T1 *, const T1 *, const T1 *, T2 *, T2 *, T1 *)",11.253,2026-09-10T01:16:02.148138,"4096,1,1","32,4,1",37,24,0,24,,,,,,,,,,,,,,,,,,,
layernorm,python,"void at::native::<unnamed>::vectorized_layer_norm_kernel<float, float, (bool)0>(int, T2, const T1 *, const T1 *, const T1 *, T2 *, T2 *, T1 *)",11.221,2026-09-10T01:16:02.148146,"4096,1,1","32,4,1",37,24,0,24,,,,,,,,,,,,,,,,,,,
layernorm,python,"void at::native::<unnamed>::vectorized_layer_norm_kernel<float, float, (bool)0>(int, T2, const T1 *, const T1 *, const T1 *, T2 *, T2 *, T1 *)",11.125,2026-09-10T01:16:02.148155,"4096,1,1","32,4,1",37,24,0,24,,,,,,,,,,,,,,,,,,,
layernorm,python,"void at::native::<unnamed>::vectorized_layer_norm_kernel<float, float, (bool)0>(int, T2, const T1 *, const T1 *, const T1 *, T2 *, T2 *, T1 *)",11.253,2026-09-10T01:16:02.148164,"4096,1,1","32,4,1",37,24,0,24,,,,,,,,,,,,,,,,,,,
layernorm,python,"void at::native::<unnamed>::vectorized_layer_norm_kernel<float, float, (bool)0>(int, T2, const T1 *, const T1 *, const T1 *, T2 *, T2 *, T1 *)",11.158,2026-09-10T01:16:02.148172,"4096,1,1","32,4,1",37,24,0,24,,,,,,,,,,,,,,,,,,,
layernorm,python,"void at::native::<unnamed>::vectorized_layer_norm_kernel<float, float, (bool)0>(int, T2, const T1 *, const T1 *, const T1 *, T2 *, T2 *, T1 *)",11.253,2026-09-10T01:16:02.148181,"4096,1,1","32,4,1",37,24,0,24,,,,,,,,,,,,,,,,,,,
layernorm,python,"void at::native::<unnamed>::vectorized_layer_norm_kernel<float, float, (bool)0>(int, T2, const T1 *, const T1 *, const T1 *, T2 *, T2 *, T1 *)",11.285,2026-09-10T01:16:02.148189,"4096,1,1","32,4,1",37,24,0,24,,,,,,,,,,,,,,,,,,,
layernorm,python,"void at::native::<unnamed>::vectorized_layer_norm_kernel<float, float, (bool)0>(int, T2, const T1 *, const T1 *, const T1 *, T2 *, T2 *, T1 *)",11.189,2026-09-10T01:16:02.148198,"4096,1,1","32,4,1",37,24,0,24,,,,,,,,,,,,,,,,,,,
layernorm,python,"void at::native::<unnamed>::vectorized_layer_norm_kernel<float, float, (bool)0>(int, T2, const T1 *, const T1 *, const T1 *, T2 *, T2 *, T1 *)",11.349,2026-09-10T01:16:02.148206,"4096,1,1","32,4,1",37,24,0,24,,,,,,,,,,,,,,,,,,,
layernorm,python,"void at::native::<unnamed>::vectorized_layer_norm_kernel<float, float, (bool)0>(int, T2, const T1 *, const T1 *, const T1 *, T2 *, T2 *, T1 *)",11.221,2026-09-10T01:16:02.148215,"4096,1,1","32,4,1",37,24,0,24,,,,,,,,,,,,,,,,,,,
layernorm,python,"void at::native::<unnamed>::vectorized_layer_norm_kernel<float, float, (bool)0>(int, T2, const T1 *, const T1 *, const T1 *, T2 *, T2 *, T1 *)",11.221,2026-09-10T01:16:02.148223,"4096,1,1","32,4,1",37,24,0,24,,,,,,,,,,,,,,,,,,,
layernorm,python,"void at::native::<unnamed>::vectorized_layer_norm_kernel<float, float, (bool)0>(int, T2, const T1 *, const T1 *, const T1 *, T2 *, T2 *, T1 *)",11.317,2026-09-10T01:16:02.148232,"4096,1,1","32,4,1",37,24,0,24,,,,,,,,,,,,,,,,,,,
layernorm,python,"void at::native::<unnamed>::vectorized_layer_norm_kernel<float, float, (bool)0>(int, T2, const T1 *, const T1 *, const T1 *, T2 *, T2 *, T1 *)",11.221,2026-09-10T01:16:02.148241,"4096,1,1","32,4,1",37,24,0,24,,,,,,,,,,,,,,,,,,,
layernorm,python,"void at::native::<unnamed>::vectorized_layer_norm_kernel<float, float, (bool)0>(int, T2, const T1 *, const T1 *, const T1 *, T2 *, T2 *, T1 *)",11.19,2026-09-10T01:16:02.148250,"4096,1,1","32,4,1",37,24,0,24,,,,,,,,,,,,,,,,,,,
layernorm,python,"void at::native::<unnamed>::vectorized_layer_norm_kernel<float, float, (bool)0>(int, T2, const T1 *, const T1 *, const T1 *, T2 *, T2 *, T1 *)",11.349,2026-09-10T01:16:02.148258,"4096,1,1","32,4,1",37,24,0,24,,,,,,,,,,,,,,,,,,,
layernorm,python,"void at::native::<unnamed>::vectorized_layer_norm_kernel<float, float, (bool)0>(int, T2, const T1 *, const T1 *, const T1 *, T2 *, T2 *, T1 *)",11.318,2026-09-10T01:16:02.148267,"4096,1,1","32,4,1",37,24,0,24,,,,,,,,,,,,,,,,,,,
layernorm,python,"void at::native::<unnamed>::vectorized_layer_norm_kernel<float, float, (bool)0>(int, T2, const T1 *, const T1 *, const T1 *, T2 *, T2 *, T1 *)",11.189,2026-09-10T01:16:02.148275,"4096,1,1","32,4,1",37,24,0,24,,,,,,,,,,,,,,,,,,,
layernorm,python,"void at::native::<unnamed>::vectorized_layer_norm_kernel<float, float, (bool)0>(int, T2, const T1 *, const T1 *, const T1 *, T2 *, T2 *, T1 *)",11.253,2026-09-10T01:16:02.148284,"4096,1,1","32,4,1",37,24,0,24,,,,,,,,,,,,,,,,,,,
layernorm,python,"void at::native::<unnamed>::vectorized_layer_norm_kernel<float, float, (bool)0>(int, T2, const T1 *, const T1 *, const T1 *, T2 *, T2 *, T1 *)",11.221,2026-09-10T01:16:02.148292,"4096,1,1","32,4,1",37,24,0,24,,,,,,,,,,,,,,,,,,,
layernorm,python,"void at::native::<unnamed>::vectorized_layer_norm_kernel<float, float, (bool)0>(int, T2, const T1 *, const T1 *, const T1 *, T2 *, T2 *, T1 *)",11.253,2026-09-10T01:16:02.148300,"4096,1,1","32,4,1",37,24,0,24,,,,,,,,,,,,,,,,,,,
layernorm,python,"void at::native::<unnamed>::vectorized_layer_norm_kernel<float, float, (bool)0>(int, T2, const T1 *, const T1 *, const T1 *, T2 *, T2 *, T1 *)",11.286,2026-09-10T01:16:02.148309,"4096,1,1","32,4,1",37,24,0,24,,,,,,,,,,,,,,,,,,,
layernorm,python,"void at::native::<unnamed>::vectorized_layer_norm_kernel<float, float, (bool)0>(int, T2, const T1 *, const T1 *, const T1 *, T2 *, T2 *, T1 *)",11.286,2026-09-10T01:16:02.148318,"4096,1,1","32,4,1",37,24,0,24,,,,,,,,,,,,,,,,,,,
layernorm,python,"void at::native::<unnamed>::vectorized_layer_norm_kernel<float, float, (bool)0>(int, T2, const T1 *, const T1 *, const T1 *, T2 *, T2 *, T1 *)",11.318,2026-09-10T01:16:02.148327,"4096,1,1","32,4,1",37,24,0,24,,,,,,,,,,,,,,,,,,,
layernorm,python,"void at::native::<unnamed>::vectorized_layer_norm_kernel<float, float, (bool)0>(int, T2, const T1 *, const T1 *, const T1 *, T2 *, T2 *, T1 *)",11.285,2026-09-10T01:16:02.148336,"4096,1,1","32,4,1",37,24,0,24,,,,,,,,,,,,,,,,,,,
layernorm,python,"void at::native::<unnamed>::vectorized_layer_norm_kernel<float, float, (bool)0>(int, T2, const T1 *, const T1 *, const T1 *, T2 *, T2 *, T1 *)",11.285,2026-09-10T01:16:02.148344,"4096,1,1","32,4,1",37,24,0,24,,,,,,,,,,,,,,,,,,,
layernorm,python,"void at::native::<unnamed>::vectorized_layer_norm_kernel<float, float, (bool)0>(int, T2, const T1 *, const T1 *, const T1 *, T2 *, T2 *, T1 *)",11.317,2026-09-10T01:16:02.148353,"4096,1,1","32,4,1",37,24,0,24,,,,,,,,,,,,,,,,,,,
layernorm,python,"void at::native::<unnamed>::vectorized_layer_norm_kernel<float, float, (bool)0>(int, T2, const T1 *, const T1 *, const T1 *, T2 *, T2 *, T1 *)",11.286,2026-09-10T01:16:02.148361,"4096,1,1","32,4,1",37,24,0,24,,,,,,,,,,,,,,,,,,,
layernorm,python,"void at::native::<unnamed>::vectorized_layer_norm_kernel<float, float, (bool)0>(int, T2, const T1 *, const T1 *, const T1 *, T2 *, T2 *, T1 *)",11.222,2026-09-10T01:16:02.148370,"4096,1,1","32,4,1",37,24,0,24,,,,,,,,,,,,,,,,,,,
layernorm,python,"void at::native::<unnamed>::vectorized_layer_norm_kernel<float, float, (bool)0>(int, T2, const T1 *, const T1 *, const T1 *, T2 *, T2 *, T1 *)",11.157,2026-09-10T01:16:02.148378,"4096,1,1","32,4,1",37,24,0,24,,,,,,,,,,,,,,,,,,,
layernorm,python,"void at::native::<unnamed>::vectorized_layer_norm_kernel<float, float, (bool)0>(int, T2, const T1 *, const T1 *, const T1 *, T2 *, T2 *, T1 *)",11.317,2026-09-10T01:16:02.148387,"4096,1,1","32,4,1",37,24,0,24,,,,,,,,,,,,,,,,,,,
layernorm,python,"void at::native::<unnamed>::vectorized_layer_norm_kernel<float, float, (bool)0>(int, T2, const T1 *, const T1 *, const T1 *, T2 *, T2 *, T1 *)",11.221,2026-09-10T01:16:02.148395,"4096,1,1","32,4,1",37,24,0,24,,,,,,,,,,,,,,,,,,,
layernorm,python,"void at::native::<unnamed>::vectorized_layer_norm_kernel<float, float, (bool)0>(int, T2, const T1 *, const T1 *, const T1 *, T2 *, T2 *, T1 *)",11.189,2026-09-10T01:16:02.148404,"4096,1,1","32,4,1",37,24,0,24,,,,,,,,,,,,,,,,,,,
layernorm,python,"void at::native::<unnamed>::vectorized_layer_norm_kernel<float, float, (bool)0>(int, T2, const T1 *, const T1 *, const T1 *, T2 *, T2 *, T1 *)",11.318,2026-09-10T01:16:02.148412,"4096,1,1","32,4,1",37,24,0,24,,,,,,,,,,,,,,,,,,,
layernorm,python,"void at::native::<unnamed>::vectorized_layer_norm_kernel<float, float, (bool)0>(int, T2, const T1 *, const T1 *, const T1 *, T2 *, T2 *, T1 *)",11.349,2026-09-10T01:16:02.148421,"4096,1,1","32,4,1",37,24,0,24,,,,,,,,,,,,,,,,,,,
layernorm,python,"void at::native::<unnamed>::vectorized_layer_norm_kernel<float, float, (bool)0>(int, T2, const T1 *, const T1 *, const T1 *, T2 *, T2 *, T1 *)",11.285,2026-09-10T01:16:02.148429,"4096,1,1","32,4,1",37,24,0,24,,,,,,,,,,,,,,,,,,,
layernorm,python,"void at::native::<unnamed>::vectorized_layer_norm_kernel<float, float, (bool)0>(int, T2, const T1 *, const T1 *, const T1 *, T2 *, T2 *, T1 *)",11.221,2026-09-10T01:16:02.148438,"4096,1,1","32,4,1",37,24,0,24,,,,,,,,,,,,,,,,,,,
layernorm,python,"void at::native::<unnamed>::vectorized_layer_norm_kernel<float, float, (bool)0>(int, T2, const T1 *, const T1 *, const T1 *, T2 *, T2 *, T1 *)",11.253,2026-09-10T01:16:02.148447,"4096,1,1","32,4,1",37,24,0,24,,,,,,,,,,,,,,,,,,,
layernorm,python,"void at::native::<unnamed>::vectorized_layer_norm_kernel<float, float, (bool)0>(int, T2, const T1 *, const T1 *, const T1 *, T2 *, T2 *, T1 *)",11.413,2026-09-10T01:16:02.148455,"4096,1,1","32,4,1",37,24,0,24,,,,,,,,,,,,,,,,,,,
layernorm,python,"void at::native::<unnamed>::vectorized_layer_norm_kernel<float, float, (bool)0>(int, T2, const T1 *, const T1 *, const T1 *, T2 *, T2 *, T1 *)",11.286,2026-09-10T01:16:02.148464,"4096,1,1","32,4,1",37,24,0,24,,,,,,,,,,,,,,,,,,,
layernorm,python,"void at::native::<unnamed>::vectorized_layer_norm_kernel<float, float, (bool)0>(int, T2, const T1 *, const T1 *, const T1 *, T2 *, T2 *, T1 *)",11.222,2026-09-10T01:16:02.148472,"4096,1,1","32,4,1",37,24,0,24,,,,,,,,,,,,,,,,,,,
layernorm,python,"void at::native::<unnamed>::vectorized_layer_norm_kernel<float, float, (bool)0>(int, T2, const T1 *, const T1 *, const T1 *, T2 *, T2 *, T1 *)",11.189,2026-09-10T01:16:02.148481,"4096,1,1","32,4,1",37,24,0,24,,,,,,,,,,,,,,,,,,,
layernorm,python,"void at::native::<unnamed>::vectorized_layer_norm_kernel<float, float, (bool)0>(int, T2, const T1 *, const T1 *, const T1 *, T2 *, T2 *, T1 *)",11.189,2026-09-10T01:16:02.148489,"4096,1,1","32,4,1",37,24,0,24,,,,,,,,,,,,,,,,,,,
layernorm,python,"void at::native::<unnamed>::vectorized_layer_norm_kernel<float, float, (bool)0>(int, T2, const T1 *, const T1 *, const T1 *, T2 *, T2 *, T1 *)",11.188,2026-09-10T01:16:02.148499,"4096,1,1","32,4,1",37,24,0,24,,,,,,,,,,,,,,,,,,,
triangle,rust,triangle,115.527,2026-09-10T01:16:03.426472,"2048,1,1","256,1,1",30,0,0,0,,,,,,,,,,,,,,,,,,,
triangle,rust,triangle,81.087,2026-09-10T01:16:03.426489,"2048,1,1","256,1,1",30,0,0,0,,,,,,,,,,,,,,,,,,,
triangle,rust,triangle,79.837,2026-09-10T01:16:03.426500,"2048,1,1","256,1,1",30,0,0,0,,,,,,,,,,,,,,,,,,,
triangle,rust,triangle,80.959,2026-09-10T01:16:03.426510,"2048,1,1","256,1,1",30,0,0,0,,,,,,,,,,,,,,,,,,,
triangle,rust,triangle,80.382,2026-09-10T01:16:03.426519,"2048,1,1","256,1,1",30,0,0,0,,,,,,,,,,,,,,,,,,,
triangle,rust,triangle,80.414,2026-09-10T01:16:03.426528,"2048,1,1","256,1,1",30,0,0,0,,,,,,,,,,,,,,,,,,,
triangle,rust,triangle,80.254,2026-09-10T01:16:03.426537,"2048,1,1","256,1,1",30,0,0,0,,,,,,,,,,,,,,,,,,,
triangle,rust,triangle,80.029,2026-09-10T01:16:03.426545,"2048,1,1","256,1,1",30,0,0,0,,,,,,,,,,,,,,,,,,,
triangle,rust,triangle,80.351,2026-09-10T01:16:03.426554,"2048,1,1","256,1,1",30,0,0,0,,,,,,,,,,,,,,,,,,,
triangle,rust,triangle,79.934,2026-09-10T01:16:03.426563,"2048,1,1","256,1,1",30,0,0,0,,,,,,,,,,,,,,,,,,,
triangle,rust,triangle,80.158,2026-09-10T01:16:03.426572,"2048,1,1","256,1,1",30,0,0,0,,,,,,,,,,,,,,,,,,,
triangle,rust,triangle,79.869,2026-09-10T01:16:03.426581,"2048,1,1","256,1,1",30,0,0,0,,,,,,,,,,,,,,,,,,,
triangle,rust,triangle,81.247,2026-09-10T01:16:03.426589,"2048,1,1","256,1,1",30,0,0,0,,,,,,,,,,,,,,,,,,,
triangle,rust,triangle,80.959,2026-09-10T01:16:03.426598,"2048,1,1","256,1,1",30,0,0,0,,,,,,,,,,,,,,,,,,,
triangle,rust,triangle,80.478,2026-09-10T01:16:03.426607,"2048,1,1","256,1,1",30,0,0,0,,,,,,,,,,,,,,,,,,,
triangle,rust,triangle,80.766,2026-09-10T01:16:03.426616,"2048,1,1","256,1,1",30,0,0,0,,,,,,,,,,,,,,,,,,,
triangle,rust,triangle,80.703,2026-09-10T01:16:03.426624,"2048,1,1","256,1,1",30,0,0,0,,,,,,,,,,,,,,,,,,,
triangle,rust,triangle,80.83,2026-09-10T01:16:03.426633,"2048,1,1","256,1,1",30,0,0,0,,,,,,,,,,,,,,,,,,,
triangle,rust,triangle,80.799,2026-09-10T01:16:03.426642,"2048,1,1","256,1,1",30,0,0,0,,,,,,,,,,,,,,,,,,,
triangle,rust,triangle,80.414,2026-09-10T01:16:03.426650,"2048,1,1","256,1,1",30,0,0,0,,,,,,,,,,,,,,,,,,,
triangle,rust,triangle,80.318,2026-09-10T01:16:03.426659,"2048,1,1","256,1,1",30,0,0,0,,,,,,,,,,,,,,,,,,,
triangle,rust,triangle,80.35,2026-09-10T01:16:03.426668,"2048,1,1","256,1,1",30,0,0,0,,,,,,,,,,,,,,,,,,,
triangle,rust,triangle,79.453,2026-09-10T01:16:03.426676,"2048,1,1","256,1,1",30,0,0,0,,,,,,,,,,,,,,,,,,,
triangle,rust,triangle,79.773,2026-09-10T01:16:03.426685,"2048,1,1","256,1,1",30,0,0,0,,,,,,,,,,,,,,,,,,,
triangle,rust,triangle,80.094,2026-09-10T01:16:03.426694,"2048,1,1","256,1,1",30,0,0,0,,,,,,,,,,,,,,,,,,,
triangle,rust,triangle,80.574,2026-09-10T01:16:03.426702,"2048,1,1","256,1,1",30,0,0,0,,,,,,,,,,,,,,,,,,,
triangle,rust,triangle,79.934,2026-09-10T01:16:03.426711,"2048,1,1","256,1,1",30,0,0,0,,,,,,,,,,,,,,,,,,,
triangle,rust,triangle,79.869,2026-09-10T01:16:03.426720,"2048,1,1","256,1,1",30,0,0,0,,,,,,,,,,,,,,,,,,,
triangle,rust,triangle,80.125,2026-09-10T01:16:03.426728,"2048,1,1","256,1,1",30,0,0,0,,,,,,,,,,,,,,,,,,,
triangle,rust,triangle,80.094,2026-09-10T01:16:03.426737,"2048,1,1","256,1,1",30,0,0,0,,,,,,,,,,,,,,,,,,,
triangle,rust,triangle,80.158,2026-09-10T01:16:03.426746,"2048,1,1","256,1,1",30,0,0,0,,,,,,,,,,,,,,,,,,,
triangle,rust,triangle,79.357,2026-09-10T01:16:03.426754,"2048,1,1","256,1,1",30,0,0,0,,,,,,,,,,,,,,,,,,,
triangle,rust,triangle,79.582,2026-09-10T01:16:03.426763,"2048,1,1","256,1,1",30,0,0,0,,,,,,,,,,,,,,,,,,,
triangle,rust,triangle,79.773,2026-09-10T01:16:03.426771,"2048,1,1","256,1,1",30,0,0,0,,,,,,,,,,,,,,,,,,,
triangle,rust,triangle,80.03,2026-09-10T01:16:03.426780,"2048,1,1","256,1,1",30,0,0,0,,,,,,,,,,,,,,,,,,,
triangle,rust,triangle,79.965,2026-09-10T01:16:03.426788,"2048,1,1","256,1,1",30,0,0,0,,,,,,,,,,,,,,,,,,,
triangle,rust,triangle,80.478,2026-09-10T01:16:03.426797,"2048,1,1","256,1,1",30,0,0,0,,,,,,,,,,,,,,,,,,,
triangle,rust,triangle,79.997,2026-09-10T01:16:03.426806,"2048,1,1","256,1,1",30,0,0,0,,,,,,,,,,,,,,,,,,,
triangle,rust,triangle,80.19,2026-09-10T01:16:03.426814,"2048,1,1","256,1,1",30,0,0,0,,,,,,,,,,,,,,,,,,,
triangle,rust,triangle,80.03,2026-09-10T01:16:03.426823,"2048,1,1","256,1,1",30,0,0,0,,,,,,,,,,,,,,,,,,,
triangle,rust,triangle,79.901,2026-09-10T01:16:03.426831,"2048,1,1","256,1,1",30,0,0,0,,,,,,,,,,,,,,,,,,,
triangle,rust,triangle,79.517,2026-09-10T01:16:03.426841,"2048,1,1","256,1,1",30,0,0,0,,,,,,,,,,,,,,,,,,,
triangle,rust,triangle,80.318,2026-09-10T01:16:03.426849,"2048,1,1","256,1,1",30,0,0,0,,,,,,,,,,,,,,,,,,,
triangle,rust,triangle,80.03,2026-09-10T01:16:03.426858,"2048,1,1","256,1,1",30,0,0,0,,,,,,,,,,,,,,,,,,,
triangle,rust,triangle,80.446,2026-09-10T01:16:03.426867,"2048,1,1","256,1,1",30,0,0,0,,,,,,,,,,,,,,,,,,,
triangle,rust,triangle,79.613,2026-09-10T01:16:03.426875,"2048,1,1","256,1,1",30,0,0,0,,,,,,,,,,,,,,,,,,,
triangle,rust,triangle,80.382,2026-09-10T01:16:03.426884,"2048,1,1","256,1,1",30,0,0,0,,,,,,,,,,,,,,,,,,,
triangle,rust,triangle,80.061,2026-09-10T01:16:03.426892,"2048,1,1","256,1,1",30,0,0,0,,,,,,,,,,,,,,,,,,,
triangle,rust,triangle,115.495,2026-09-10T01:16:03.426901,"2048,1,1","256,1,1",30,0,0,0,,,,,,,,,,,,,,,,,,,
triangle,rust,triangle,80.286,2026-09-10T01:16:03.426910,"2048,1,1","256,1,1",30,0,0,0,,,,,,,,,,,,,,,,,,,
triangle,rust,triangle,79.613,2026-09-10T01:16:03.426918,"2048,1,1","256,1,1",30,0,0,0,,,,,,,,,,,,,,,,,,,
triangle,rust,triangle,79.806,2026-09-10T01:16:03.426927,"2048,1,1","256,1,1",30,0,0,0,,,,,,,,,,,,,,,,,,,
triangle,rust,triangle,79.677,2026-09-10T01:16:03.426935,"2048,1,1","256,1,1",30,0,0,0,,,,,,,,,,,,,,,,,,,
triangle,rust,triangle,79.805,2026-09-10T01:16:03.426944,"2048,1,1","256,1,1",30,0,0,0,,,,,,,,,,,,,,,,,,,
triangle,rust,triangle,79.965,2026-09-10T01:16:03.426953,"2048,1,1","256,1,1",30,0,0,0,,,,,,,,,,,,,,,,,,,
triangle,rust,triangle,80.03,2026-09-10T01:16:03.426961,"2048,1,1","256,1,1",30,0,0,0,,,,,,,,,,,,,,,,,,,
triangle,rust,triangle,79.549,2026-09-10T01:16:03.426970,"2048,1,1","256,1,1",30,0,0,0,,,,,,,,,,,,,,,,,,,
triangle,rust,triangle,80.093,2026-09-10T01:16:03.426978,"2048,1,1","256,1,1",30,0,0,0,,,,,,,,,,,,,,,,,,,
triangle,rust,triangle,80.671,2026-09-10T01:16:03.426987,"2048,1,1","256,1,1",30,0,0,0,,,,,,,,,,,,,,,,,,,
triangle,rust,triangle,79.773,2026-09-10T01:16:03.426995,"2048,1,1","256,1,1",30,0,0,0,,,,,,,,,,,,,,,,,,,
triangle,rust,triangle,80.222,2026-09-10T01:16:03.427004,"2048,1,1","256,1,1",30,0,0,0,,,,,,,,,,,,,,,,,,,
triangle,rust,triangle,80.35,2026-09-10T01:16:03.427013,"2048,1,1","256,1,1",30,0,0,0,,,,,,,,,,,,,,,,,,,
triangle,rust,triangle,80.286,2026-09-10T01:16:03.427021,"2048,1,1","256,1,1",30,0,0,0,,,,,,,,,,,,,,,,,,,
triangle,rust,triangle,79.934,2026-09-10T01:16:03.427030,"2048,1,1","256,1,1",30,0,0,0,,,,,,,,,,,,,,,,,,,
triangle,rust,triangle,80.03,2026-09-10T01:16:03.427038,"2048,1,1","256,1,1",30,0,0,0,,,,,,,,,,,,,,,,,,,
triangle,rust,triangle,80.286,2026-09-10T01:16:03.427047,"2048,1,1","256,1,1",30,0,0,0,,,,,,,,,,,,,,,,,,,
triangle,rust,triangle,80.158,2026-09-10T01:16:03.427056,"2048,1,1","256,1,1",30,0,0,0,,,,,,,,,,,,,,,,,,,
triangle,rust,triangle,79.998,2026-09-10T01:16:03.427065,"2048,1,1","256,1,1",30,0,0,0,,,,,,,,,,,,,,,,,,,
triangle,rust,triangle,80.093,2026-09-10T01:16:03.427073,"2048,1,1","256,1,1",30,0,0,0,,,,,,,,,,,,,,,,,,,
triangle,rust,triangle,79.421,2026-09-10T01:16:03.427082,"2048,1,1","256,1,1",30,0,0,0,,,,,,,,,,,,,,,,,,,
triangle,rust,triangle,80.958,2026-09-10T01:16:03.427090,"2048,1,1","256,1,1",30,0,0,0,,,,,,,,,,,,,,,,,,,
triangle,rust,triangle,80.446,2026-09-10T01:16:03.427099,"2048,1,1","256,1,1",30,0,0,0,,,,,,,,,,,,,,,,,,,
triangle,rust,triangle,80.799,2026-09-10T01:16:03.427108,"2048,1,1","256,1,1",30,0,0,0,,,,,,,,,,,,,,,,,,,
triangle,rust,triangle,80.767,2026-09-10T01:16:03.427116,"2048,1,1","256,1,1",30,0,0,0,,,,,,,,,,,,,,,,,,,
triangle,rust,triangle,80.574,2026-09-10T01:16:03.427125,"2048,1,1","256,1,1",30,0,0,0,,,,,,,,,,,,,,,,,,,
triangle,rust,triangle,79.677,2026-09-10T01:16:03.427133,"2048,1,1","256,1,1",30,0,0,0,,,,,,,,,,,,,,,,,,,
triangle,rust,triangle,80.51,2026-09-10T01:16:03.427142,"2048,1,1","256,1,1",30,0,0,0,,,,,,,,,,,,,,,,,,,
triangle,rust,triangle,80.35,2026-09-10T01:16:03.427151,"2048,1,1","256,1,1",30,0,0,0,,,,,,,,,,,,,,,,,,,
triangle,rust,triangle,80.735,2026-09-10T01:16:03.427159,"2048,1,1","256,1,1",30,0,0,0,,,,,,,,,,,,,,,,,,,
triangle,rust,triangle,80.67,2026-09-10T01:16:03.427168,"2048,1,1","256,1,1",30,0,0,0,,,,,,,,,,,,,,,,,,,
triangle,rust,triangle,80.574,2026-09-10T01:16:03.427177,"2048,1,1","256,1,1",30,0,0,0,,,,,,,,,,,,,,,,,,,
triangle,rust,triangle,80.671,2026-09-10T01:16:03.427185,"2048,1,1","256,1,1",30,0,0,0,,,,,,,,,,,,,,,,,,,
triangle,rust,triangle,81.6,2026-09-10T01:16:03.427194,"2048,1,1","256,1,1",30,0,0,0,,,,,,,,,,,,,,,,,,,
triangle,rust,triangle,102.071,2026-09-10T01:16:03.427203,"2048,1,1","256,1,1",30,0,0,0,,,,,,,,,,,,,,,,,,,
triangle,rust,triangle,81.087,2026-09-10T01:16:03.427211,"2048,1,1","256,1,1",30,0,0,0,,,,,,,,,,,,,,,,,,,
triangle,rust,triangle,81.055,2026-09-10T01:16:03.427220,"2048,1,1","256,1,1",30,0,0,0,,,,,,,,,,,,,,,,,,,
triangle,rust,triangle,80.51,2026-09-10T01:16:03.427229,"2048,1,1","256,1,1",30,0,0,0,,,,,,,,,,,,,,,,,,,
triangle,rust,triangle,80.543,2026-09-10T01:16:03.427237,"2048,1,1","256,1,1",30,0,0,0,,,,,,,,,,,,,,,,,,,
triangle,rust,triangle,80.125,2026-09-10T01:16:03.427246,"2048,1,1","256,1,1",30,0,0,0,,,,,,,,,,,,,,,,,,,
triangle,rust,triangle,80.062,2026-09-10T01:16:03.427254,"2048,1,1","256,1,1",30,0,0,0,,,,,,,,,,,,,,,,,,,
triangle,rust,triangle,80.03,2026-09-10T01:16:03.427291,"2048,1,1","256,1,1",30,0,0,0,,,,,,,,,,,,,,,,,,,
triangle,rust,triangle,80.383,2026-09-10T01:16:03.427317,"2048,1,1","256,1,1",30,0,0,0,,,,,,,,,,,,,,,,,,,
triangle,rust,triangle,79.902,2026-09-10T01:16:03.427327,"2048,1,1","256,1,1",30,0,0,0,,,,,,,,,,,,,,,,,,,
triangle,rust,triangle,79.966,2026-09-10T01:16:03.427337,"2048,1,1","256,1,1",30,0,0,0,,,,,,,,,,,,,,,,,,,
triangle,rust,triangle,79.773,2026-09-10T01:16:03.427346,"2048,1,1","256,1,1",30,0,0,0,,,,,,,,,,,,,,,,,,,
triangle,rust,triangle,80.19,2026-09-10T01:16:03.427354,"2048,1,1","256,1,1",30,0,0,0,,,,,,,,,,,,,,,,,,,
triangle,rust,triangle,80.125,2026-09-10T01:16:03.427363,"2048,1,1","256,1,1",30,0,0,0,,,,,,,,,,,,,,,,,,,
triangle,rust,triangle,80.094,2026-09-10T01:16:03.427372,"2048,1,1","256,1,1",30,0,0,0,,,,,,,,,,,,,,,,,,,
triangle,rust,triangle,80.254,2026-09-10T01:16:03.427381,"2048,1,1","256,1,1",30,0,0,0,,,,,,,,,,,,,,,,,,,
triangle,rust,triangle,81.247,2026-09-10T01:16:03.427396,"2048,1,1","256,1,1",30,0,0,0,,,,,,,,,,,,,,,,,,,
triangle,python,"void at::native::elementwise_kernel<(int)128, (int)2, void at::native::gpu_kernel_impl_nocast<at::native::direct_copy_kernel_cuda(at::TensorIteratorBase &)::[lambda() (instance 3)]::operator ()() const::[lambda() (instance 7)]::operator ()() const::[lambda(float) (instance 1)]>(at::TensorIteratorBase &, const T1 &)::[lambda(int) (instance 1)]>(int, T3)",8.001,2026-09-10T01:16:05.710104,"2048,1,1","128,1,1",16,0,0,0,,,,,,,,,,,,,,,,,,,
triangle,python,"void at::native::elementwise_kernel<(int)128, (int)2, void at::native::gpu_kernel_impl_nocast<at::native::direct_copy_kernel_cuda(at::TensorIteratorBase &)::[lambda() (instance 3)]::operator ()() const::[lambda() (instance 7)]::operator ()() const::[lambda(float) (instance 1)]>(at::TensorIteratorBase &, const T1 &)::[lambda(int) (instance 1)]>(int, T3)",7.329,2026-09-10T01:16:05.710121,"2048,1,1","128,1,1",16,0,0,0,,,,,,,,,,,,,,,,,,,
triangle,python,ampere_sgemm_128x128_nn,13.762,2026-09-10T01:16:05.710131,"1,1,32","256,1,1",118,16640,16640,0,,,,,,,,,,,,,,,,,,,
triangle,python,"void at::native::elementwise_kernel<(int)128, (int)2, void at::native::gpu_kernel_impl_nocast<at::native::direct_copy_kernel_cuda(at::TensorIteratorBase &)::[lambda() (instance 3)]::operator ()() const::[lambda() (instance 7)]::operator ()() const::[lambda(float) (instance 1)]>(at::TensorIteratorBase &, const T1 &)::[lambda(int) (instance 1)]>(int, T3)",8.096,2026-09-10T01:16:05.710141,"2048,1,1","128,1,1",16,0,0,0,,,,,,,,,,,,,,,,,,,
triangle,python,"void at::native::elementwise_kernel<(int)128, (int)2, void at::native::gpu_kernel_impl_nocast<at::native::direct_copy_kernel_cuda(at::TensorIteratorBase &)::[lambda() (instance 3)]::operator ()() const::[lambda() (instance 7)]::operator ()() const::[lambda(float) (instance 1)]>(at::TensorIteratorBase &, const T1 &)::[lambda(int) (instance 1)]>(int, T3)",7.36,2026-09-10T01:16:05.710150,"2048,1,1","128,1,1",16,0,0,0,,,,,,,,,,,,,,,,,,,
triangle,python,ampere_sgemm_128x128_nn,13.762,2026-09-10T01:16:05.710159,"1,1,32","256,1,1",118,16640,16640,0,,,,,,,,,,,,,,,,,,,
triangle,python,"void at::native::elementwise_kernel<(int)128, (int)2, void at::native::gpu_kernel_impl_nocast<at::native::direct_copy_kernel_cuda(at::TensorIteratorBase &)::[lambda() (instance 3)]::operator ()() const::[lambda() (instance 7)]::operator ()() const::[lambda(float) (instance 1)]>(at::TensorIteratorBase &, const T1 &)::[lambda(int) (instance 1)]>(int, T3)",7.425,2026-09-10T01:16:05.710168,"2048,1,1","128,1,1",16,0,0,0,,,,,,,,,,,,,,,,,,,
triangle,python,"void at::native::elementwise_kernel<(int)128, (int)2, void at::native::gpu_kernel_impl_nocast<at::native::direct_copy_kernel_cuda(at::TensorIteratorBase &)::[lambda() (instance 3)]::operator ()() const::[lambda() (instance 7)]::operator ()() const::[lambda(float) (instance 1)]>(at::TensorIteratorBase &, const T1 &)::[lambda(int) (instance 1)]>(int, T3)",7.329,2026-09-10T01:16:05.710177,"2048,1,1","128,1,1",16,0,0,0,,,,,,,,,,,,,,,,,,,
triangle,python,ampere_sgemm_128x128_nn,13.698,2026-09-10T01:16:05.710185,"1,1,32","256,1,1",118,16640,16640,0,,,,,,,,,,,,,,,,,,,
triangle,python,"void at::native::elementwise_kernel<(int)128, (int)2, void at::native::gpu_kernel_impl_nocast<at::native::direct_copy_kernel_cuda(at::TensorIteratorBase &)::[lambda() (instance 3)]::operator ()() const::[lambda() (instance 7)]::operator ()() const::[lambda(float) (instance 1)]>(at::TensorIteratorBase &, const T1 &)::[lambda(int) (instance 1)]>(int, T3)",7.425,2026-09-10T01:16:05.710194,"2048,1,1","128,1,1",16,0,0,0,,,,,,,,,,,,,,,,,,,
triangle,python,"void at::native::elementwise_kernel<(int)128, (int)2, void at::native::gpu_kernel_impl_nocast<at::native::direct_copy_kernel_cuda(at::TensorIteratorBase &)::[lambda() (instance 3)]::operator ()() const::[lambda() (instance 7)]::operator ()() const::[lambda(float) (instance 1)]>(at::TensorIteratorBase &, const T1 &)::[lambda(int) (instance 1)]>(int, T3)",7.329,2026-09-10T01:16:05.710203,"2048,1,1","128,1,1",16,0,0,0,,,,,,,,,,,,,,,,,,,
triangle,python,ampere_sgemm_128x128_nn,13.698,2026-09-10T01:16:05.710212,"1,1,32","256,1,1",118,16640,16640,0,,,,,,,,,,,,,,,,,,,
triangle,python,"void at::native::elementwise_kernel<(int)128, (int)2, void at::native::gpu_kernel_impl_nocast<at::native::direct_copy_kernel_cuda(at::TensorIteratorBase &)::[lambda() (instance 3)]::operator ()() const::[lambda() (instance 7)]::operator ()() const::[lambda(float) (instance 1)]>(at::TensorIteratorBase &, const T1 &)::[lambda(int) (instance 1)]>(int, T3)",7.457,2026-09-10T01:16:05.710220,"2048,1,1","128,1,1",16,0,0,0,,,,,,,,,,,,,,,,,,,
triangle,python,"void at::native::elementwise_kernel<(int)128, (int)2, void at::native::gpu_kernel_impl_nocast<at::native::direct_copy_kernel_cuda(at::TensorIteratorBase &)::[lambda() (instance 3)]::operator ()() const::[lambda() (instance 7)]::operator ()() const::[lambda(float) (instance 1)]>(at::TensorIteratorBase &, const T1 &)::[lambda(int) (instance 1)]>(int, T3)",7.36,2026-09-10T01:16:05.710229,"2048,1,1","128,1,1",16,0,0,0,,,,,,,,,,,,,,,,,,,
triangle,python,ampere_sgemm_128x128_nn,13.729,2026-09-10T01:16:05.710237,"1,1,32","256,1,1",118,16640,16640,0,,,,,,,,,,,,,,,,,,,
triangle,python,"void at::native::elementwise_kernel<(int)128, (int)2, void at::native::gpu_kernel_impl_nocast<at::native::direct_copy_kernel_cuda(at::TensorIteratorBase &)::[lambda() (instance 3)]::operator ()() const::[lambda() (instance 7)]::operator ()() const::[lambda(float) (instance 1)]>(at::TensorIteratorBase &, const T1 &)::[lambda(int) (instance 1)]>(int, T3)",7.424,2026-09-10T01:16:05.710246,"2048,1,1","128,1,1",16,0,0,0,,,,,,,,,,,,,,,,,,,
triangle,python,"void at::native::elementwise_kernel<(int)128, (int)2, void at::native::gpu_kernel_impl_nocast<at::native::direct_copy_kernel_cuda(at::TensorIteratorBase &)::[lambda() (instance 3)]::operator ()() const::[lambda() (instance 7)]::operator ()() const::[lambda(float) (instance 1)]>(at::TensorIteratorBase &, const T1 &)::[lambda(int) (instance 1)]>(int, T3)",7.265,2026-09-10T01:16:05.710255,"2048,1,1","128,1,1",16,0,0,0,,,,,,,,,,,,,,,,,,,
triangle,python,ampere_sgemm_128x128_nn,13.698,2026-09-10T01:16:05.710263,"1,1,32","256,1,1",118,16640,16640,0,,,,,,,,,,,,,,,,,,,
triangle,python,"void at::native::elementwise_kernel<(int)128, (int)2, void at::native::gpu_kernel_impl_nocast<at::native::direct_copy_kernel_cuda(at::TensorIteratorBase &)::[lambda() (instance 3)]::operator ()() const::[lambda() (instance 7)]::operator ()() const::[lambda(float) (instance 1)]>(at::TensorIteratorBase &, const T1 &)::[lambda(int) (instance 1)]>(int, T3)",7.393,2026-09-10T01:16:05.710272,"2048,1,1","128,1,1",16,0,0,0,,,,,,,,,,,,,,,,,,,
triangle,python,"void at::native::elementwise_kernel<(int)128, (int)2, void at::native::gpu_kernel_impl_nocast<at::native::direct_copy_kernel_cuda(at::TensorIteratorBase &)::[lambda() (instance 3)]::operator ()() const::[lambda() (instance 7)]::operator ()() const::[lambda(float) (instance 1)]>(at::TensorIteratorBase &, const T1 &)::[lambda(int) (instance 1)]>(int, T3)",7.489,2026-09-10T01:16:05.710281,"2048,1,1","128,1,1",16,0,0,0,,,,,,,,,,,,,,,,,,,
triangle,python,ampere_sgemm_128x128_nn,13.73,2026-09-10T01:16:05.710289,"1,1,32","256,1,1",118,16640,16640,0,,,,,,,,,,,,,,,,,,,
triangle,python,"void at::native::elementwise_kernel<(int)128, (int)2, void at::native::gpu_kernel_impl_nocast<at::native::direct_copy_kernel_cuda(at::TensorIteratorBase &)::[lambda() (instance 3)]::operator ()() const::[lambda() (instance 7)]::operator ()() const::[lambda(float) (instance 1)]>(at::TensorIteratorBase &, const T1 &)::[lambda(int) (instance 1)]>(int, T3)",7.457,2026-09-10T01:16:05.710298,"2048,1,1","128,1,1",16,0,0,0,,,,,,,,,,,,,,,,,,,
triangle,python,"void at::native::elementwise_kernel<(int)128, (int)2, void at::native::gpu_kernel_impl_nocast<at::native::direct_copy_kernel_cuda(at::TensorIteratorBase &)::[lambda() (instance 3)]::operator ()() const::[lambda() (instance 7)]::operator ()() const::[lambda(float) (instance 1)]>(at::TensorIteratorBase &, const T1 &)::[lambda(int) (instance 1)]>(int, T3)",7.393,2026-09-10T01:16:05.710307,"2048,1,1","128,1,1",16,0,0,0,,,,,,,,,,,,,,,,,,,
triangle,python,ampere_sgemm_128x128_nn,13.73,2026-09-10T01:16:05.710316,"1,1,32","256,1,1",118,16640,16640,0,,,,,,,,,,,,,,,,,,,
triangle,python,"void at::native::elementwise_kernel<(int)128, (int)2, void at::native::gpu_kernel_impl_nocast<at::native::direct_copy_kernel_cuda(at::TensorIteratorBase &)::[lambda() (instance 3)]::operator ()() const::[lambda() (instance 7)]::operator ()() const::[lambda(float) (instance 1)]>(at::TensorIteratorBase &, const T1 &)::[lambda(int) (instance 1)]>(int, T3)",7.584,2026-09-10T01:16:05.710324,"2048,1,1","128,1,1",16,0,0,0,,,,,,,,,,,,,,,,,,,
triangle,python,"void at::native::elementwise_kernel<(int)128, (int)2, void at::native::gpu_kernel_impl_nocast<at::native::direct_copy_kernel_cuda(at::TensorIteratorBase &)::[lambda() (instance 3)]::operator ()() const::[lambda() (instance 7)]::operator ()() const::[lambda(float) (instance 1)]>(at::TensorIteratorBase &, const T1 &)::[lambda(int) (instance 1)]>(int, T3)",7.296,2026-09-10T01:16:05.710333,"2048,1,1","128,1,1",16,0,0,0,,,,,,,,,,,,,,,,,,,
triangle,python,ampere_sgemm_128x128_nn,13.698,2026-09-10T01:16:05.710341,"1,1,32","256,1,1",118,16640,16640,0,,,,,,,,,,,,,,,,,,,
triangle,python,"void at::native::elementwise_kernel<(int)128, (int)2, void at::native::gpu_kernel_impl_nocast<at::native::direct_copy_kernel_cuda(at::TensorIteratorBase &)::[lambda() (instance 3)]::operator ()() const::[lambda() (instance 7)]::operator ()() const::[lambda(float) (instance 1)]>(at::TensorIteratorBase &, const T1 &)::[lambda(int) (instance 1)]>(int, T3)",7.361,2026-09-10T01:16:05.710350,"2048,1,1","128,1,1",16,0,0,0,,,,,,,,,,,,,,,,,,,
triangle,python,"void at::native::elementwise_kernel<(int)128, (int)2, void at::native::gpu_kernel_impl_nocast<at::native::direct_copy_kernel_cuda(at::TensorIteratorBase &)::[lambda() (instance 3)]::operator ()() const::[lambda() (instance 7)]::operator ()() const::[lambda(float) (instance 1)]>(at::TensorIteratorBase &, const T1 &)::[lambda(int) (instance 1)]>(int, T3)",7.329,2026-09-10T01:16:05.710358,"2048,1,1","128,1,1",16,0,0,0,,,,,,,,,,,,,,,,,,,
triangle,python,ampere_sgemm_128x128_nn,13.73,2026-09-10T01:16:05.710367,"1,1,32","256,1,1",118,16640,16640,0,,,,,,,,,,,,,,,,,,,
triangle,python,"void at::native::elementwise_kernel<(int)128, (int)2, void at::native::gpu_kernel_impl_nocast<at::native::direct_copy_kernel_cuda(at::TensorIteratorBase &)::[lambda() (instance 3)]::operator ()() const::[lambda() (instance 7)]::operator ()() const::[lambda(float) (instance 1)]>(at::TensorIteratorBase &, const T1 &)::[lambda(int) (instance 1)]>(int, T3)",7.521,2026-09-10T01:16:05.710375,"2048,1,1","128,1,1",16,0,0,0,,,,,,,,,,,,,,,,,,,
triangle,python,"void at::native::elementwise_kernel<(int)128, (int)2, void at::native::gpu_kernel_impl_nocast<at::native::direct_copy_kernel_cuda(at::TensorIteratorBase &)::[lambda() (instance 3)]::operator ()() const::[lambda() (instance 7)]::operator ()() const::[lambda(float) (instance 1)]>(at::TensorIteratorBase &, const T1 &)::[lambda(int) (instance 1)]>(int, T3)",7.329,2026-09-10T01:16:05.710383,"2048,1,1","128,1,1",16,0,0,0,,,,,,,,,,,,,,,,,,,
triangle,python,ampere_sgemm_128x128_nn,13.794,2026-09-10T01:16:05.710392,"1,1,32","256,1,1",118,16640,16640,0,,,,,,,,,,,,,,,,,,,
triangle,python,"void at::native::elementwise_kernel<(int)128, (int)2, void at::native::gpu_kernel_impl_nocast<at::native::direct_copy_kernel_cuda(at::TensorIteratorBase &)::[lambda() (instance 3)]::operator ()() const::[lambda() (instance 7)]::operator ()() const::[lambda(float) (instance 1)]>(at::TensorIteratorBase &, const T1 &)::[lambda(int) (instance 1)]>(int, T3)",7.553,2026-09-10T01:16:05.710400,"2048,1,1","128,1,1",16,0,0,0,,,,,,,,,,,,,,,,,,,
triangle,python,"void at::native::elementwise_kernel<(int)128, (int)2, void at::native::gpu_kernel_impl_nocast<at::native::direct_copy_kernel_cuda(at::TensorIteratorBase &)::[lambda() (instance 3)]::operator ()() const::[lambda() (instance 7)]::operator ()() const::[lambda(float) (instance 1)]>(at::TensorIteratorBase &, const T1 &)::[lambda(int) (instance 1)]>(int, T3)",7.329,2026-09-10T01:16:05.710409,"2048,1,1","128,1,1",16,0,0,0,,,,,,,,,,,,,,,,,,,
triangle,python,ampere_sgemm_128x128_nn,13.73,2026-09-10T01:16:05.710417,"1,1,32","256,1,1",118,16640,16640,0,,,,,,,,,,,,,,,,,,,
triangle,python,"void at::native::elementwise_kernel<(int)128, (int)2, void at::native::gpu_kernel_impl_nocast<at::native::direct_copy_kernel_cuda(at::TensorIteratorBase &)::[lambda() (instance 3)]::operator ()() const::[lambda() (instance 7)]::operator ()() const::[lambda(float) (instance 1)]>(at::TensorIteratorBase &, const T1 &)::[lambda(int) (instance 1)]>(int, T3)",7.457,2026-09-10T01:16:05.710426,"2048,1,1","128,1,1",16,0,0,0,,,,,,,,,,,,,,,,,,,
triangle,python,"void at::native::elementwise_kernel<(int)128, (int)2, void at::native::gpu_kernel_impl_nocast<at::native::direct_copy_kernel_cuda(at::TensorIteratorBase &)::[lambda() (instance 3)]::operator ()() const::[lambda() (instance 7)]::operator ()() const::[lambda(float) (instance 1)]>(at::TensorIteratorBase &, const T1 &)::[lambda(int) (instance 1)]>(int, T3)",7.297,2026-09-10T01:16:05.710434,"2048,1,1","128,1,1",16,0,0,0,,,,,,,,,,,,,,,,,,,
triangle,python,ampere_sgemm_128x128_nn,13.731,2026-09-10T01:16:05.710443,"1,1,32","256,1,1",118,16640,16640,0,,,,,,,,,,,,,,,,,,,
triangle,python,"void at::native::elementwise_kernel<(int)128, (int)2, void at::native::gpu_kernel_impl_nocast<at::native::direct_copy_kernel_cuda(at::TensorIteratorBase &)::[lambda() (instance 3)]::operator ()() const::[lambda() (instance 7)]::operator ()() const::[lambda(float) (instance 1)]>(at::TensorIteratorBase &, const T1 &)::[lambda(int) (instance 1)]>(int, T3)",7.617,2026-09-10T01:16:05.710451,"2048,1,1","128,1,1",16,0,0,0,,,,,,,,,,,,,,,,,,,
triangle,python,"void at::native::elementwise_kernel<(int)128, (int)2, void at::native::gpu_kernel_impl_nocast<at::native::direct_copy_kernel_cuda(at::TensorIteratorBase &)::[lambda() (instance 3)]::operator ()() const::[lambda() (instance 7)]::operator ()() const::[lambda(float) (instance 1)]>(at::TensorIteratorBase &, const T1 &)::[lambda(int) (instance 1)]>(int, T3)",7.297,2026-09-10T01:16:05.710460,"2048,1,1","128,1,1",16,0,0,0,,,,,,,,,,,,,,,,,,,
triangle,python,ampere_sgemm_128x128_nn,13.698,2026-09-10T01:16:05.710469,"1,1,32","256,1,1",118,16640,16640,0,,,,,,,,,,,,,,,,,,,
triangle,python,"void at::native::elementwise_kernel<(int)128, (int)2, void at::native::gpu_kernel_impl_nocast<at::native::direct_copy_kernel_cuda(at::TensorIteratorBase &)::[lambda() (instance 3)]::operator ()() const::[lambda() (instance 7)]::operator ()() const::[lambda(float) (instance 1)]>(at::TensorIteratorBase &, const T1 &)::[lambda(int) (instance 1)]>(int, T3)",7.329,2026-09-10T01:16:05.710477,"2048,1,1","128,1,1",16,0,0,0,,,,,,,,,,,,,,,,,,,
triangle,python,"void at::native::elementwise_kernel<(int)128, (int)2, void at::native::gpu_kernel_impl_nocast<at::native::direct_copy_kernel_cuda(at::TensorIteratorBase &)::[lambda() (instance 3)]::operator ()() const::[lambda() (instance 7)]::operator ()() const::[lambda(float) (instance 1)]>(at::TensorIteratorBase &, const T1 &)::[lambda(int) (instance 1)]>(int, T3)",7.457,2026-09-10T01:16:05.710486,"2048,1,1","128,1,1",16,0,0,0,,,,,,,,,,,,,,,,,,,
triangle,python,ampere_sgemm_128x128_nn,13.73,2026-09-10T01:16:05.710494,"1,1,32","256,1,1",118,16640,16640,0,,,,,,,,,,,,,,,,,,,
triangle,python,"void at::native::elementwise_kernel<(int)128, (int)2, void at::native::gpu_kernel_impl_nocast<at::native::direct_copy_kernel_cuda(at::TensorIteratorBase &)::[lambda() (instance 3)]::operator ()() const::[lambda() (instance 7)]::operator ()() const::[lambda(float) (instance 1)]>(at::TensorIteratorBase &, const T1 &)::[lambda(int) (instance 1)]>(int, T3)",7.457,2026-09-10T01:16:05.710503,"2048,1,1","128,1,1",16,0,0,0,,,,,,,,,,,,,,,,,,,
triangle,python,"void at::native::elementwise_kernel<(int)128, (int)2, void at::native::gpu_kernel_impl_nocast<at::native::direct_copy_kernel_cuda(at::TensorIteratorBase &)::[lambda() (instance 3)]::operator ()() const::[lambda() (instance 7)]::operator ()() const::[lambda(float) (instance 1)]>(at::TensorIteratorBase &, const T1 &)::[lambda(int) (instance 1)]>(int, T3)",7.329,2026-09-10T01:16:05.710511,"2048,1,1","128,1,1",16,0,0,0,,,,,,,,,,,,,,,,,,,
triangle,python,ampere_sgemm_128x128_nn,13.665,2026-09-10T01:16:05.710520,"1,1,32","256,1,1",118,16640,16640,0,,,,,,,,,,,,,,,,,,,
triangle,python,"void at::native::elementwise_kernel<(int)128, (int)2, void at::native::gpu_kernel_impl_nocast<at::native::direct_copy_kernel_cuda(at::TensorIteratorBase &)::[lambda() (instance 3)]::operator ()() const::[lambda() (instance 7)]::operator ()() const::[lambda(float) (instance 1)]>(at::TensorIteratorBase &, const T1 &)::[lambda(int) (instance 1)]>(int, T3)",7.457,2026-09-10T01:16:05.710528,"2048,1,1","128,1,1",16,0,0,0,,,,,,,,,,,,,,,,,,,
triangle,python,"void at::native::elementwise_kernel<(int)128, (int)2, void at::native::gpu_kernel_impl_nocast<at::native::direct_copy_kernel_cuda(at::TensorIteratorBase &)::[lambda() (instance 3)]::operator ()() const::[lambda() (instance 7)]::operator ()() const::[lambda(float) (instance 1)]>(at::TensorIteratorBase &, const T1 &)::[lambda(int) (instance 1)]>(int, T3)",7.297,2026-09-10T01:16:05.710537,"2048,1,1","128,1,1",16,0,0,0,,,,,,,,,,,,,,,,,,,
triangle,python,ampere_sgemm_128x128_nn,13.697,2026-09-10T01:16:05.710545,"1,1,32","256,1,1",118,16640,16640,0,,,,,,,,,,,,,,,,,,,
triangle,python,"void at::native::elementwise_kernel<(int)128, (int)2, void at::native::gpu_kernel_impl_nocast<at::native::direct_copy_kernel_cuda(at::TensorIteratorBase &)::[lambda() (instance 3)]::operator ()() const::[lambda() (instance 7)]::operator ()() const::[lambda(float) (instance 1)]>(at::TensorIteratorBase &, const T1 &)::[lambda(int) (instance 1)]>(int, T3)",7.457,2026-09-10T01:16:05.710553,"2048,1,1","128,1,1",16,0,0,0,,,,,,,,,,,,,,,,,,,
triangle,python,"void at::native::elementwise_kernel<(int)128, (int)2, void at::native::gpu_kernel_impl_nocast<at::native::direct_copy_kernel_cuda(at::TensorIteratorBase &)::[lambda() (instance 3)]::operator ()() const::[lambda() (instance 7)]::operator ()() const::[lambda(float) (instance 1)]>(at::TensorIteratorBase &, const T1 &)::[lambda(int) (instance 1)]>(int, T3)",7.297,2026-09-10T01:16:05.710562,"2048,1,1","128,1,1",16,0,0,0,,,,,,,,,,,,,,,,,,,
triangle,python,ampere_sgemm_128x128_nn,13.698,2026-09-10T01:16:05.710571,"1,1,32","256,1,1",118,16640,16640,0,,,,,,,,,,,,,,,,,,,
triangle,python,"void at::native::elementwise_kernel<(int)128, (int)2, void at::native::gpu_kernel_impl_nocast<at::native::direct_copy_kernel_cuda(at::TensorIteratorBase &)::[lambda() (instance 3)]::operator ()() const::[lambda() (instance 7)]::operator ()() const::[lambda(float) (instance 1)]>(at::TensorIteratorBase &, const T1 &)::[lambda(int) (instance 1)]>(int, T3)",7.489,2026-09-10T01:16:05.710579,"2048,1,1","128,1,1",16,0,0,0,,,,,,,,,,,,,,,,,,,
triangle,python,"void at::native::elementwise_kernel<(int)128, (int)2, void at::native::gpu_kernel_impl_nocast<at::native::direct_copy_kernel_cuda(at::TensorIteratorBase &)::[lambda() (instance 3)]::operator ()() const::[lambda() (instance 7)]::operator ()() const::[lambda(float) (instance 1)]>(at::TensorIteratorBase &, const T1 &)::[lambda(int) (instance 1)]>(int, T3)",7.297,2026-09-10T01:16:05.710588,"2048,1,1","128,1,1",16,0,0,0,,,,,,,,,,,,,,,,,,,
triangle,python,ampere_sgemm_128x128_nn,13.698,2026-09-10T01:16:05.710596,"1,1,32","256,1,1",118,16640,16640,0,,,,,,,,,,,,,,,,,,,
triangle,python,"void at::native::elementwise_kernel<(int)128, (int)2, void at::native::gpu_kernel_impl_nocast<at::native::direct_copy_kernel_cuda(at::TensorIteratorBase &)::[lambda() (instance 3)]::operator ()() const::[lambda() (instance 7)]::operator ()() const::[lambda(float) (instance 1)]>(at::TensorIteratorBase &, const T1 &)::[lambda(int) (instance 1)]>(int, T3)",7.585,2026-09-10T01:16:05.710605,"2048,1,1","128,1,1",16,0,0,0,,,,,,,,,,,,,,,,,,,
triangle,python,"void at::native::elementwise_kernel<(int)128, (int)2, void at::native::gpu_kernel_impl_nocast<at::native::direct_copy_kernel_cuda(at::TensorIteratorBase &)::[lambda() (instance 3)]::operator ()() const::[lambda() (instance 7)]::operator ()() const::[lambda(float) (instance 1)]>(at::TensorIteratorBase &, const T1 &)::[lambda(int) (instance 1)]>(int, T3)",7.329,2026-09-10T01:16:05.710613,"2048,1,1","128,1,1",16,0,0,0,,,,,,,,,,,,,,,,,,,
triangle,python,ampere_sgemm_128x128_nn,13.698,2026-09-10T01:16:05.710622,"1,1,32","256,1,1",118,16640,16640,0,,,,,,,,,,,,,,,,,,,
triangle,python,"void at::native::elementwise_kernel<(int)128, (int)2, void at::native::gpu_kernel_impl_nocast<at::native::direct_copy_kernel_cuda(at::TensorIteratorBase &)::[lambda() (instance 3)]::operator ()() const::[lambda() (instance 7)]::operator ()() const::[lambda(float) (instance 1)]>(at::TensorIteratorBase &, const T1 &)::[lambda(int) (instance 1)]>(int, T3)",7.584,2026-09-10T01:16:05.710630,"2048,1,1","128,1,1",16,0,0,0,,,,,,,,,,,,,,,,,,,
triangle,python,"void at::native::elementwise_kernel<(int)128, (int)2, void at::native::gpu_kernel_impl_nocast<at::native::direct_copy_kernel_cuda(at::TensorIteratorBase &)::[lambda() (instance 3)]::operator ()() const::[lambda() (instance 7)]::operator ()() const::[lambda(float) (instance 1)]>(at::TensorIteratorBase &, const T1 &)::[lambda(int) (instance 1)]>(int, T3)",7.36,2026-09-10T01:16:05.710639,"2048,1,1","128,1,1",16,0,0,0,,,,,,,,,,,,,,,,,,,
triangle,python,ampere_sgemm_128x128_nn,13.762,2026-09-10T01:16:05.710647,"1,1,32","256,1,1",118,16640,16640,0,,,,,,,,,,,,,,,,,,,
triangle,python,"void at::native::elementwise_kernel<(int)128, (int)2, void at::native::gpu_kernel_impl_nocast<at::native::direct_copy_kernel_cuda(at::TensorIteratorBase &)::[lambda() (instance 3)]::operator ()() const::[lambda() (instance 7)]::operator ()() const::[lambda(float) (instance 1)]>(at::TensorIteratorBase &, const T1 &)::[lambda(int) (instance 1)]>(int, T3)",7.425,2026-09-10T01:16:05.710656,"2048,1,1","128,1,1",16,0,0,0,,,,,,,,,,,,,,,,,,,
triangle,python,"void at::native::elementwise_kernel<(int)128, (int)2, void at::native::gpu_kernel_impl_nocast<at::native::direct_copy_kernel_cuda(at::TensorIteratorBase &)::[lambda() (instance 3)]::operator ()() const::[lambda() (instance 7)]::operator ()() const::[lambda(float) (instance 1)]>(at::TensorIteratorBase &, const T1 &)::[lambda(int) (instance 1)]>(int, T3)",7.329,2026-09-10T01:16:05.710664,"2048,1,1","128,1,1",16,0,0,0,,,,,,,,,,,,,,,,,,,
triangle,python,ampere_sgemm_128x128_nn,13.73,2026-09-10T01:16:05.710673,"1,1,32","256,1,1",118,16640,16640,0,,,,,,,,,,,,,,,,,,,
triangle,python,"void at::native::elementwise_kernel<(int)128, (int)2, void at::native::gpu_kernel_impl_nocast<at::native::direct_copy_kernel_cuda(at::TensorIteratorBase &)::[lambda() (instance 3)]::operator ()() const::[lambda() (instance 7)]::operator ()() const::[lambda(float) (instance 1)]>(at::TensorIteratorBase &, const T1 &)::[lambda(int) (instance 1)]>(int, T3)",7.489,2026-09-10T01:16:05.710681,"2048,1,1","128,1,1",16,0,0,0,,,,,,,,,,,,,,,,,,,
triangle,python,"void at::native::elementwise_kernel<(int)128, (int)2, void at::native::gpu_kernel_impl_nocast<at::native::direct_copy_kernel_cuda(at::TensorIteratorBase &)::[lambda() (instance 3)]::operator ()() const::[lambda() (instance 7)]::operator ()() const::[lambda(float) (instance 1)]>(at::TensorIteratorBase &, const T1 &)::[lambda(int) (instance 1)]>(int, T3)",7.361,2026-09-10T01:16:05.710690,"2048,1,1","128,1,1",16,0,0,0,,,,,,,,,,,,,,,,,,,
triangle,python,ampere_sgemm_128x128_nn,13.729,2026-09-10T01:16:05.710698,"1,1,32","256,1,1",118,16640,16640,0,,,,,,,,,,,,,,,,,,,
triangle,python,"void at::native::elementwise_kernel<(int)128, (int)2, void at::native::gpu_kernel_impl_nocast<at::native::direct_copy_kernel_cuda(at::TensorIteratorBase &)::[lambda() (instance 3)]::operator ()() const::[lambda() (instance 7)]::operator ()() const::[lambda(float) (instance 1)]>(at::TensorIteratorBase &, const T1 &)::[lambda(int) (instance 1)]>(int, T3)",7.393,2026-09-10T01:16:05.710707,"2048,1,1","128,1,1",16,0,0,0,,,,,,,,,,,,,,,,,,,
triangle,python,"void at::native::elementwise_kernel<(int)128, (int)2, void at::native::gpu_kernel_impl_nocast<at::native::direct_copy_kernel_cuda(at::TensorIteratorBase &)::[lambda() (instance 3)]::operator ()() const::[lambda() (instance 7)]::operator ()() const::[lambda(float) (instance 1)]>(at::TensorIteratorBase &, const T1 &)::[lambda(int) (instance 1)]>(int, T3)",7.361,2026-09-10T01:16:05.710715,"2048,1,1","128,1,1",16,0,0,0,,,,,,,,,,,,,,,,,,,
triangle,python,ampere_sgemm_128x128_nn,13.73,2026-09-10T01:16:05.710724,"1,1,32","256,1,1",118,16640,16640,0,,,,,,,,,,,,,,,,,,,
triangle,python,"void at::native::elementwise_kernel<(int)128, (int)2, void at::native::gpu_kernel_impl_nocast<at::native::direct_copy_kernel_cuda(at::TensorIteratorBase &)::[lambda() (instance 3)]::operator ()() const::[lambda() (instance 7)]::operator ()() const::[lambda(float) (instance 1)]>(at::TensorIteratorBase &, const T1 &)::[lambda(int) (instance 1)]>(int, T3)",7.809,2026-09-10T01:16:05.710732,"2048,1,1","128,1,1",16,0,0,0,,,,,,,,,,,,,,,,,,,
triangle,python,"void at::native::elementwise_kernel<(int)128, (int)2, void at::native::gpu_kernel_impl_nocast<at::native::direct_copy_kernel_cuda(at::TensorIteratorBase &)::[lambda() (instance 3)]::operator ()() const::[lambda() (instance 7)]::operator ()() const::[lambda(float) (instance 1)]>(at::TensorIteratorBase &, const T1 &)::[lambda(int) (instance 1)]>(int, T3)",7.329,2026-09-10T01:16:05.710741,"2048,1,1","128,1,1",16,0,0,0,,,,,,,,,,,,,,,,,,,
triangle,python,ampere_sgemm_128x128_nn,13.698,2026-09-10T01:16:05.710749,"1,1,32","256,1,1",118,16640,16640,0,,,,,,,,,,,,,,,,,,,
triangle,python,"void at::native::elementwise_kernel<(int)128, (int)2, void at::native::gpu_kernel_impl_nocast<at::native::direct_copy_kernel_cuda(at::TensorIteratorBase &)::[lambda() (instance 3)]::operator ()() const::[lambda() (instance 7)]::operator ()() const::[lambda(float) (instance 1)]>(at::TensorIteratorBase &, const T1 &)::[lambda(int) (instance 1)]>(int, T3)",7.457,2026-09-10T01:16:05.710758,"2048,1,1","128,1,1",16,0,0,0,,,,,,,,,,,,,,,,,,,
triangle,python,"void at::native::elementwise_kernel<(int)128, (int)2, void at::native::gpu_kernel_impl_nocast<at::native::direct_copy_kernel_cuda(at::TensorIteratorBase &)::[lambda() (instance 3)]::operator ()() const::[lambda() (instance 7)]::operator ()() const::[lambda(float) (instance 1)]>(at::TensorIteratorBase &, const T1 &)::[lambda(int) (instance 1)]>(int, T3)",7.361,2026-09-10T01:16:05.710766,"2048,1,1","128,1,1",16,0,0,0,,,,,,,,,,,,,,,,,,,
triangle,python,ampere_sgemm_128x128_nn,13.729,2026-09-10T01:16:05.710775,"1,1,32","256,1,1",118,16640,16640,0,,,,,,,,,,,,,,,,,,,
triangle,python,"void at::native::elementwise_kernel<(int)128, (int)2, void at::native::gpu_kernel_impl_nocast<at::native::direct_copy_kernel_cuda(at::TensorIteratorBase &)::[lambda() (instance 3)]::operator ()() const::[lambda() (instance 7)]::operator ()() const::[lambda(float) (instance 1)]>(at::TensorIteratorBase &, const T1 &)::[lambda(int) (instance 1)]>(int, T3)",7.488,2026-09-10T01:16:05.710784,"2048,1,1","128,1,1",16,0,0,0,,,,,,,,,,,,,,,,,,,
triangle,python,"void at::native::elementwise_kernel<(int)128, (int)2, void at::native::gpu_kernel_impl_nocast<at::native::direct_copy_kernel_cuda(at::TensorIteratorBase &)::[lambda() (instance 3)]::operator ()() const::[lambda() (instance 7)]::operator ()() const::[lambda(float) (instance 1)]>(at::TensorIteratorBase &, const T1 &)::[lambda(int) (instance 1)]>(int, T3)",7.233,2026-09-10T01:16:05.710792,"2048,1,1","128,1,1",16,0,0,0,,,,,,,,,,,,,,,,,,,
triangle,python,ampere_sgemm_128x128_nn,13.73,2026-09-10T01:16:05.710801,"1,1,32","256,1,1",118,16640,16640,0,,,,,,,,,,,,,,,,,,,
triangle,python,"void at::native::elementwise_kernel<(int)128, (int)2, void at::native::gpu_kernel_impl_nocast<at::native::direct_copy_kernel_cuda(at::TensorIteratorBase &)::[lambda() (instance 3)]::operator ()() const::[lambda() (instance 7)]::operator ()() const::[lambda(float) (instance 1)]>(at::TensorIteratorBase &, const T1 &)::[lambda(int) (instance 1)]>(int, T3)",7.649,2026-09-10T01:16:05.710810,"2048,1,1","128,1,1",16,0,0,0,,,,,,,,,,,,,,,,,,,
triangle,python,"void at::native::elementwise_kernel<(int)128, (int)2, void at::native::gpu_kernel_impl_nocast<at::native::direct_copy_kernel_cuda(at::TensorIteratorBase &)::[lambda() (instance 3)]::operator ()() const::[lambda() (instance 7)]::operator ()() const::[lambda(float) (instance 1)]>(at::TensorIteratorBase &, const T1 &)::[lambda(int) (instance 1)]>(int, T3)",7.265,2026-09-10T01:16:05.710819,"2048,1,1","128,1,1",16,0,0,0,,,,,,,,,,,,,,,,,,,
triangle,python,ampere_sgemm_128x128_nn,13.698,2026-09-10T01:16:05.710828,"1,1,32","256,1,1",118,16640,16640,0,,,,,,,,,,,,,,,,,,,
triangle,python,"void at::native::elementwise_kernel<(int)128, (int)2, void at::native::gpu_kernel_impl_nocast<at::native::direct_copy_kernel_cuda(at::TensorIteratorBase &)::[lambda() (instance 3)]::operator ()() const::[lambda() (instance 7)]::operator ()() const::[lambda(float) (instance 1)]>(at::TensorIteratorBase &, const T1 &)::[lambda(int) (instance 1)]>(int, T3)",7.329,2026-09-10T01:16:05.710836,"2048,1,1","128,1,1",16,0,0,0,,,,,,,,,,,,,,,,,,,
triangle,python,"void at::native::elementwise_kernel<(int)128, (int)2, void at::native::gpu_kernel_impl_nocast<at::native::direct_copy_kernel_cuda(at::TensorIteratorBase &)::[lambda() (instance 3)]::operator ()() const::[lambda() (instance 7)]::operator ()() const::[lambda(float) (instance 1)]>(at::TensorIteratorBase &, const T1 &)::[lambda(int) (instance 1)]>(int, T3)",7.361,2026-09-10T01:16:05.710845,"2048,1,1","128,1,1",16,0,0,0,,,,,,,,,,,,,,,,,,,
triangle,python,ampere_sgemm_128x128_nn,13.73,2026-09-10T01:16:05.710854,"1,1,32","256,1,1",118,16640,16640,0,,,,,,,,,,,,,,,,,,,
triangle,python,"void at::native::elementwise_kernel<(int)128, (int)2, void at::native::gpu_kernel_impl_nocast<at::native::direct_copy_kernel_cuda(at::TensorIteratorBase &)::[lambda() (instance 3)]::operator ()() const::[lambda() (instance 7)]::operator ()() const::[lambda(float) (instance 1)]>(at::TensorIteratorBase &, const T1 &)::[lambda(int) (instance 1)]>(int, T3)",7.425,2026-09-10T01:16:05.710862,"2048,1,1","128,1,1",16,0,0,0,,,,,,,,,,,,,,,,,,,
triangle,python,"void at::native::elementwise_kernel<(int)128, (int)2, void at::native::gpu_kernel_impl_nocast<at::native::direct_copy_kernel_cuda(at::TensorIteratorBase &)::[lambda() (instance 3)]::operator ()() const::[lambda() (instance 7)]::operator ()() const::[lambda(float) (instance 1)]>(at::TensorIteratorBase &, const T1 &)::[lambda(int) (instance 1)]>(int, T3)",7.297,2026-09-10T01:16:05.710870,"2048,1,1","128,1,1",16,0,0,0,,,,,,,,,,,,,,,,,,,
triangle,python,ampere_sgemm_128x128_nn,13.73,2026-09-10T01:16:05.710879,"1,1,32","256,1,1",118,16640,16640,0,,,,,,,,,,,,,,,,,,,
triangle,python,"void at::native::elementwise_kernel<(int)128, (int)2, void at::native::gpu_kernel_impl_nocast<at::native::direct_copy_kernel_cuda(at::TensorIteratorBase &)::[lambda() (instance 3)]::operator ()() const::[lambda() (instance 7)]::operator ()() const::[lambda(float) (instance 1)]>(at::TensorIteratorBase &, const T1 &)::[lambda(int) (instance 1)]>(int, T3)",7.394,2026-09-10T01:16:05.710887,"2048,1,1","128,1,1",16,0,0,0,,,,,,,,,,,,,,,,,,,
triangle,python,"void at::native::elementwise_kernel<(int)128, (int)2, void at::native::gpu_kernel_impl_nocast<at::native::direct_copy_kernel_cuda(at::TensorIteratorBase &)::[lambda() (instance 3)]::operator ()() const::[lambda() (instance 7)]::operator ()() const::[lambda(float) (instance 1)]>(at::TensorIteratorBase &, const T1 &)::[lambda(int) (instance 1)]>(int, T3)",7.425,2026-09-10T01:16:05.710896,"2048,1,1","128,1,1",16,0,0,0,,,,,,,,,,,,,,,,,,,
triangle,python,ampere_sgemm_128x128_nn,13.698,2026-09-10T01:16:05.710904,"1,1,32","256,1,1",118,16640,16640,0,,,,,,,,,,,,,,,,,,,
triangle,python,"void at::native::elementwise_kernel<(int)128, (int)2, void at::native::gpu_kernel_impl_nocast<at::native::direct_copy_kernel_cuda(at::TensorIteratorBase &)::[lambda() (instance 3)]::operator ()() const::[lambda() (instance 7)]::operator ()() const::[lambda(float) (instance 1)]>(at::TensorIteratorBase &, const T1 &)::[lambda(int) (instance 1)]>(int, T3)",7.393,2026-09-10T01:16:05.710913,"2048,1,1","128,1,1",16,0,0,0,,,,,,,,,,,,,,,,,,,
triangle,python,"void at::native::elementwise_kernel<(int)128, (int)2, void at::native::gpu_kernel_impl_nocast<at::native::direct_copy_kernel_cuda(at::TensorIteratorBase &)::[lambda() (instance 3)]::operator ()() const::[lambda() (instance 7)]::operator ()() const::[lambda(float) (instance 1)]>(at::TensorIteratorBase &, const T1 &)::[lambda(int) (instance 1)]>(int, T3)",7.265,2026-09-10T01:16:05.710921,"2048,1,1","128,1,1",16,0,0,0,,,,,,,,,,,,,,,,,,,
triangle,python,ampere_sgemm_128x128_nn,13.73,2026-09-10T01:16:05.710930,"1,1,32","256,1,1",118,16640,16640,0,,,,,,,,,,,,,,,,,,,
triangle,python,"void at::native::elementwise_kernel<(int)128, (int)2, void at::native::gpu_kernel_impl_nocast<at::native::direct_copy_kernel_cuda(at::TensorIteratorBase &)::[lambda() (instance 3)]::operator ()() const::[lambda() (instance 7)]::operator ()() const::[lambda(float) (instance 1)]>(at::TensorIteratorBase &, const T1 &)::[lambda(int) (instance 1)]>(int, T3)",7.425,2026-09-10T01:16:05.710938,"2048,1,1","128,1,1",16,0,0,0,,,,,,,,,,,,,,,,,,,
triangle,python,"void at::native::elementwise_kernel<(int)128, (int)2, void at::native::gpu_kernel_impl_nocast<at::native::direct_copy_kernel_cuda(at::TensorIteratorBase &)::[lambda() (instance 3)]::operator ()() const::[lambda() (instance 7)]::operator ()() const::[lambda(float) (instance 1)]>(at::TensorIteratorBase &, const T1 &)::[lambda(int) (instance 1)]>(int, T3)",7.457,2026-09-10T01:16:05.710947,"2048,1,1","128,1,1",16,0,0,0,,,,,,,,,,,,,,,,,,,
triangle,python,ampere_sgemm_128x128_nn,13.729,2026-09-10T01:16:05.710955,"1,1,32","256,1,1",118,16640,16640,0,,,,,,,,,,,,,,,,,,,
triangle,python,"void at::native::elementwise_kernel<(int)128, (int)2, void at::native::gpu_kernel_impl_nocast<at::native::direct_copy_kernel_cuda(at::TensorIteratorBase &)::[lambda() (instance 3)]::operator ()() const::[lambda() (instance 7)]::operator ()() const::[lambda(float) (instance 1)]>(at::TensorIteratorBase &, const T1 &)::[lambda(int) (instance 1)]>(int, T3)",7.489,2026-09-10T01:16:05.710964,"2048,1,1","128,1,1",16,0,0,0,,,,,,,,,,,,,,,,,,,
triangle,python,"void at::native::elementwise_kernel<(int)128, (int)2, void at::native::gpu_kernel_impl_nocast<at::native::direct_copy_kernel_cuda(at::TensorIteratorBase &)::[lambda() (instance 3)]::operator ()() const::[lambda() (instance 7)]::operator ()() const::[lambda(float) (instance 1)]>(at::TensorIteratorBase &, const T1 &)::[lambda(int) (instance 1)]>(int, T3)",7.264,2026-09-10T01:16:05.710973,"2048,1,1","128,1,1",16,0,0,0,,,,,,,,,,,,,,,,,,,
triangle,python,ampere_sgemm_128x128_nn,13.729,2026-09-10T01:16:05.710982,"1,1,32","256,1,1",118,16640,16640,0,,,,,,,,,,,,,,,,,,,
triangle,python,"void at::native::elementwise_kernel<(int)128, (int)2, void at::native::gpu_kernel_impl_nocast<at::native::direct_copy_kernel_cuda(at::TensorIteratorBase &)::[lambda() (instance 3)]::operator ()() const::[lambda() (instance 7)]::operator ()() const::[lambda(float) (instance 1)]>(at::TensorIteratorBase &, const T1 &)::[lambda(int) (instance 1)]>(int, T3)",7.328,2026-09-10T01:16:05.710990,"2048,1,1","128,1,1",16,0,0,0,,,,,,,,,,,,,,,,,,,
triangle,python,"void at::native::elementwise_kernel<(int)128, (int)2, void at::native::gpu_kernel_impl_nocast<at::native::direct_copy_kernel_cuda(at::TensorIteratorBase &)::[lambda() (instance 3)]::operator ()() const::[lambda() (instance 7)]::operator ()() const::[lambda(float) (instance 1)]>(at::TensorIteratorBase &, const T1 &)::[lambda(int) (instance 1)]>(int, T3)",7.296,2026-09-10T01:16:05.710999,"2048,1,1","128,1,1",16,0,0,0,,,,,,,,,,,,,,,,,,,
triangle,python,ampere_sgemm_128x128_nn,13.698,2026-09-10T01:16:05.711007,"1,1,32","256,1,1",118,16640,16640,0,,,,,,,,,,,,,,,,,,,
triangle,python,"void at::native::elementwise_kernel<(int)128, (int)2, void at::native::gpu_kernel_impl_nocast<at::native::direct_copy_kernel_cuda(at::TensorIteratorBase &)::[lambda() (instance 3)]::operator ()() const::[lambda() (instance 7)]::operator ()() const::[lambda(float) (instance 1)]>(at::TensorIteratorBase &, const T1 &)::[lambda(int) (instance 1)]>(int, T3)",7.457,2026-09-10T01:16:05.711062,"2048,1,1","128,1,1",16,0,0,0,,,,,,,,,,,,,,,,,,,
triangle,python,"void at::native::elementwise_kernel<(int)128, (int)2, void at::native::gpu_kernel_impl_nocast<at::native::direct_copy_kernel_cuda(at::TensorIteratorBase &)::[lambda() (instance 3)]::operator ()() const::[lambda() (instance 7)]::operator ()() const::[lambda(float) (instance 1)]>(at::TensorIteratorBase &, const T1 &)::[lambda(int) (instance 1)]>(int, T3)",7.201,2026-09-10T01:16:05.711076,"2048,1,1","128,1,1",16,0,0,0,,,,,,,,,,,,,,,,,,,
triangle,python,ampere_sgemm_128x128_nn,13.762,2026-09-10T01:16:05.711086,"1,1,32","256,1,1",118,16640,16640,0,,,,,,,,,,,,,,,,,,,
triangle,python,"void at::native::elementwise_kernel<(int)128, (int)2, void at::native::gpu_kernel_impl_nocast<at::native::direct_copy_kernel_cuda(at::TensorIteratorBase &)::[lambda() (instance 3)]::operator ()() const::[lambda() (instance 7)]::operator ()() const::[lambda(float) (instance 1)]>(at::TensorIteratorBase &, const T1 &)::[lambda(int) (instance 1)]>(int, T3)",7.489,2026-09-10T01:16:05.711095,"2048,1,1","128,1,1",16,0,0,0,,,,,,,,,,,,,,,,,,,
triangle,python,"void at::native::elementwise_kernel<(int)128, (int)2, void at::native::gpu_kernel_impl_nocast<at::native::direct_copy_kernel_cuda(at::TensorIteratorBase &)::[lambda() (instance 3)]::operator ()() const::[lambda() (instance 7)]::operator ()() const::[lambda(float) (instance 1)]>(at::TensorIteratorBase &, const T1 &)::[lambda(int) (instance 1)]>(int, T3)",7.297,2026-09-10T01:16:05.711105,"2048,1,1","128,1,1",16,0,0,0,,,,,,,,,,,,,,,,,,,
triangle,python,ampere_sgemm_128x128_nn,13.73,2026-09-10T01:16:05.711114,"1,1,32","256,1,1",118,16640,16640,0,,,,,,,,,,,,,,,,,,,
triangle,python,"void at::native::elementwise_kernel<(int)128, (int)2, void at::native::gpu_kernel_impl_nocast<at::native::direct_copy_kernel_cuda(at::TensorIteratorBase &)::[lambda() (instance 3)]::operator ()() const::[lambda() (instance 7)]::operator ()() const::[lambda(float) (instance 1)]>(at::TensorIteratorBase &, const T1 &)::[lambda(int) (instance 1)]>(int, T3)",7.457,2026-09-10T01:16:05.711122,"2048,1,1","128,1,1",16,0,0,0,,,,,,,,,,,,,,,,,,,
triangle,python,"void at::native::elementwise_kernel<(int)128, (int)2, void at::native::gpu_kernel_impl_nocast<at::native::direct_copy_kernel_cuda(at::TensorIteratorBase &)::[lambda() (instance 3)]::operator ()() const::[lambda() (instance 7)]::operator ()() const::[lambda(float) (instance 1)]>(at::TensorIteratorBase &, const T1 &)::[lambda(int) (instance 1)]>(int, T3)",7.297,2026-09-10T01:16:05.711131,"2048,1,1","128,1,1",16,0,0,0,,,,,,,,,,,,,,,,,,,
triangle,python,ampere_sgemm_128x128_nn,13.73,2026-09-10T01:16:05.711140,"1,1,32","256,1,1",118,16640,16640,0,,,,,,,,,,,,,,,,,,,
triangle,python,"void at::native::elementwise_kernel<(int)128, (int)2, void at::native::gpu_kernel_impl_nocast<at::native::direct_copy_kernel_cuda(at::TensorIteratorBase &)::[lambda() (instance 3)]::operator ()() const::[lambda() (instance 7)]::operator ()() const::[lambda(float) (instance 1)]>(at::TensorIteratorBase &, const T1 &)::[lambda(int) (instance 1)]>(int, T3)",7.488,2026-09-10T01:16:05.711148,"2048,1,1","128,1,1",16,0,0,0,,,,,,,,,,,,,,,,,,,
triangle,python,"void at::native::elementwise_kernel<(int)128, (int)2, void at::native::gpu_kernel_impl_nocast<at::native::direct_copy_kernel_cuda(at::TensorIteratorBase &)::[lambda() (instance 3)]::operator ()() const::[lambda() (instance 7)]::operator ()() const::[lambda(float) (instance 1)]>(at::TensorIteratorBase &, const T1 &)::[lambda(int) (instance 1)]>(int, T3)",7.393,2026-09-10T01:16:05.711157,"2048,1,1","128,1,1",16,0,0,0,,,,,,,,,,,,,,,,,,,
triangle,python,ampere_sgemm_128x128_nn,13.73,2026-09-10T01:16:05.711165,"1,1,32","256,1,1",118,16640,16640,0,,,,,,,,,,,,,,,,,,,
triangle,python,"void at::native::elementwise_kernel<(int)128, (int)2, void at::native::gpu_kernel_impl_nocast<at::native::direct_copy_kernel_cuda(at::TensorIteratorBase &)::[lambda() (instance 3)]::operator ()() const::[lambda() (instance 7)]::operator ()() const::[lambda(float) (instance 1)]>(at::TensorIteratorBase &, const T1 &)::[lambda(int) (instance 1)]>(int, T3)",7.553,2026-09-10T01:16:05.711174,"2048,1,1","128,1,1",16,0,0,0,,,,,,,,,,,,,,,,,,,
triangle,python,"void at::native::elementwise_kernel<(int)128, (int)2, void at::native::gpu_kernel_impl_nocast<at::native::direct_copy_kernel_cuda(at::TensorIteratorBase &)::[lambda() (instance 3)]::operator ()() const::[lambda() (instance 7)]::operator ()() const::[lambda(float) (instance 1)]>(at::TensorIteratorBase &, const T1 &)::[lambda(int) (instance 1)]>(int, T3)",7.393,2026-09-10T01:16:05.711182,"2048,1,1","128,1,1",16,0,0,0,,,,,,,,,,,,,,,,,,,
triangle,python,ampere_sgemm_128x128_nn,13.698,2026-09-10T01:16:05.711191,"1,1,32","256,1,1",118,16640,16640,0,,,,,,,,,,,,,,,,,,,
triangle,python,"void at::native::elementwise_kernel<(int)128, (int)2, void at::native::gpu_kernel_impl_nocast<at::native::direct_copy_kernel_cuda(at::TensorIteratorBase &)::[lambda() (instance 3)]::operator ()() const::[lambda() (instance 7)]::operator ()() const::[lambda(float) (instance 1)]>(at::TensorIteratorBase &, const T1 &)::[lambda(int) (instance 1)]>(int, T3)",7.394,2026-09-10T01:16:05.711199,"2048,1,1","128,1,1",16,0,0,0,,,,,,,,,,,,,,,,,,,
triangle,python,"void at::native::elementwise_kernel<(int)128, (int)2, void at::native::gpu_kernel_impl_nocast<at::native::direct_copy_kernel_cuda(at::TensorIteratorBase &)::[lambda() (instance 3)]::operator ()() const::[lambda() (instance 7)]::operator ()() const::[lambda(float) (instance 1)]>(at::TensorIteratorBase &, const T1 &)::[lambda(int) (instance 1)]>(int, T3)",7.457,2026-09-10T01:16:05.711208,"2048,1,1","128,1,1",16,0,0,0,,,,,,,,,,,,,,,,,,,
triangle,python,ampere_sgemm_128x128_nn,13.697,2026-09-10T01:16:05.711216,"1,1,32","256,1,1",118,16640,16640,0,,,,,,,,,,,,,,,,,,,
triangle,python,"void at::native::elementwise_kernel<(int)128, (int)2, void at::native::gpu_kernel_impl_nocast<at::native::direct_copy_kernel_cuda(at::TensorIteratorBase &)::[lambda() (instance 3)]::operator ()() const::[lambda() (instance 7)]::operator ()() const::[lambda(float) (instance 1)]>(at::TensorIteratorBase &, const T1 &)::[lambda(int) (instance 1)]>(int, T3)",7.554,2026-09-10T01:16:05.711225,"2048,1,1","128,1,1",16,0,0,0,,,,,,,,,,,,,,,,,,,
triangle,python,"void at::native::elementwise_kernel<(int)128, (int)2, void at::native::gpu_kernel_impl_nocast<at::native::direct_copy_kernel_cuda(at::TensorIteratorBase &)::[lambda() (instance 3)]::operator ()() const::[lambda() (instance 7)]::operator ()() const::[lambda(float) (instance 1)]>(at::TensorIteratorBase &, const T1 &)::[lambda(int) (instance 1)]>(int, T3)",7.297,2026-09-10T01:16:05.711233,"2048,1,1","128,1,1",16,0,0,0,,,,,,,,,,,,,,,,,,,
triangle,python,ampere_sgemm_128x128_nn,13.762,2026-09-10T01:16:05.711242,"1,1,32","256,1,1",118,16640,16640,0,,,,,,,,,,,,,,,,,,,
triangle,python,"void at::native::elementwise_kernel<(int)128, (int)2, void at::native::gpu_kernel_impl_nocast<at::native::direct_copy_kernel_cuda(at::TensorIteratorBase &)::[lambda() (instance 3)]::operator ()() const::[lambda() (instance 7)]::operator ()() const::[lambda(float) (instance 1)]>(at::TensorIteratorBase &, const T1 &)::[lambda(int) (instance 1)]>(int, T3)",7.489,2026-09-10T01:16:05.711250,"2048,1,1","128,1,1",16,0,0,0,,,,,,,,,,,,,,,,,,,
triangle,python,"void at::native::elementwise_kernel<(int)128, (int)2, void at::native::gpu_kernel_impl_nocast<at::native::direct_copy_kernel_cuda(at::TensorIteratorBase &)::[lambda() (instance 3)]::operator ()() const::[lambda() (instance 7)]::operator ()() const::[lambda(float) (instance 1)]>(at::TensorIteratorBase &, const T1 &)::[lambda(int) (instance 1)]>(int, T3)",7.265,2026-09-10T01:16:05.711263,"2048,1,1","128,1,1",16,0,0,0,,,,,,,,,,,,,,,,,,,
triangle,python,ampere_sgemm_128x128_nn,13.73,2026-09-10T01:16:05.711272,"1,1,32","256,1,1",118,16640,16640,0,,,,,,,,,,,,,,,,,,,
triangle,python,"void at::native::elementwise_kernel<(int)128, (int)2, void at::native::gpu_kernel_impl_nocast<at::native::direct_copy_kernel_cuda(at::TensorIteratorBase &)::[lambda() (instance 3)]::operator ()() const::[lambda() (instance 7)]::operator ()() const::[lambda(float) (instance 1)]>(at::TensorIteratorBase &, const T1 &)::[lambda(int) (instance 1)]>(int, T3)",7.425,2026-09-10T01:16:05.711281,"2048,1,1","128,1,1",16,0,0,0,,,,,,,,,,,,,,,,,,,
triangle,python,"void at::native::elementwise_kernel<(int)128, (int)2, void at::native::gpu_kernel_impl_nocast<at::native::direct_copy_kernel_cuda(at::TensorIteratorBase &)::[lambda() (instance 3)]::operator ()() const::[lambda() (instance 7)]::operator ()() const::[lambda(float) (instance 1)]>(at::TensorIteratorBase &, const T1 &)::[lambda(int) (instance 1)]>(int, T3)",7.329,2026-09-10T01:16:05.711289,"2048,1,1","128,1,1",16,0,0,0,,,,,,,,,,,,,,,,,,,
triangle,python,ampere_sgemm_128x128_nn,13.73,2026-09-10T01:16:05.711298,"1,1,32","256,1,1",118,16640,16640,0,,,,,,,,,,,,,,,,,,,
triangle,python,"void at::native::elementwise_kernel<(int)128, (int)2, void at::native::gpu_kernel_impl_nocast<at::native::direct_copy_kernel_cuda(at::TensorIteratorBase &)::[lambda() (instance 3)]::operator ()() const::[lambda() (instance 7)]::operator ()() const::[lambda(float) (instance 1)]>(at::TensorIteratorBase &, const T1 &)::[lambda(int) (instance 1)]>(int, T3)",7.489,2026-09-10T01:16:05.711306,"2048,1,1","128,1,1",16,0,0,0,,,,,,,,,,,,,,,,,,,
triangle,python,"void at::native::elementwise_kernel<(int)128, (int)2, void at::native::gpu_kernel_impl_nocast<at::native::direct_copy_kernel_cuda(at::TensorIteratorBase &)::[lambda() (instance 3)]::operator ()() const::[lambda() (instance 7)]::operator ()() const::[lambda(float) (instance 1)]>(at::TensorIteratorBase &, const T1 &)::[lambda(int) (instance 1)]>(int, T3)",7.329,2026-09-10T01:16:05.711315,"2048,1,1","128,1,1",16,0,0,0,,,,,,,,,,,,,,,,,,,
triangle,python,ampere_sgemm_128x128_nn,13.697,2026-09-10T01:16:05.711323,"1,1,32","256,1,1",118,16640,16640,0,,,,,,,,,,,,,,,,,,,
triangle,python,"void at::native::elementwise_kernel<(int)128, (int)2, void at::native::gpu_kernel_impl_nocast<at::native::direct_copy_kernel_cuda(at::TensorIteratorBase &)::[lambda() (instance 3)]::operator ()() const::[lambda() (instance 7)]::operator ()() const::[lambda(float) (instance 1)]>(at::TensorIteratorBase &, const T1 &)::[lambda(int) (instance 1)]>(int, T3)",7.426,2026-09-10T01:16:05.711332,"2048,1,1","128,1,1",16,0,0,0,,,,,,,,,,,,,,,,,,,
triangle,python,"void at::native::elementwise_kernel<(int)128, (int)2, void at::native::gpu_kernel_impl_nocast<at::native::direct_copy_kernel_cuda(at::TensorIteratorBase &)::[lambda() (instance 3)]::operator ()() const::[lambda() (instance 7)]::operator ()() const::[lambda(float) (instance 1)]>(at::TensorIteratorBase &, const T1 &)::[lambda(int) (instance 1)]>(int, T3)",7.361,2026-09-10T01:16:05.711340,"2048,1,1","128,1,1",16,0,0,0,,,,,,,,,,,,,,,,,,,
triangle,python,ampere_sgemm_128x128_nn,13.698,2026-09-10T01:16:05.711349,"1,1,32","256,1,1",118,16640,16640,0,,,,,,,,,,,,,,,,,,,
triangle,python,"void at::native::elementwise_kernel<(int)128, (int)2, void at::native::gpu_kernel_impl_nocast<at::native::direct_copy_kernel_cuda(at::TensorIteratorBase &)::[lambda() (instance 3)]::operator ()() const::[lambda() (instance 7)]::operator ()() const::[lambda(float) (instance 1)]>(at::TensorIteratorBase &, const T1 &)::[lambda(int) (instance 1)]>(int, T3)",7.49,2026-09-10T01:16:05.711357,"2048,1,1","128,1,1",16,0,0,0,,,,,,,,,,,,,,,,,,,
triangle,python,"void at::native::elementwise_kernel<(int)128, (int)2, void at::native::gpu_kernel_impl_nocast<at::native::direct_copy_kernel_cuda(at::TensorIteratorBase &)::[lambda() (instance 3)]::operator ()() const::[lambda() (instance 7)]::operator ()() const::[lambda(float) (instance 1)]>(at::TensorIteratorBase &, const T1 &)::[lambda(int) (instance 1)]>(int, T3)",7.361,2026-09-10T01:16:05.711366,"2048,1,1","128,1,1",16,0,0,0,,,,,,,,,,,,,,,,,,,
triangle,python,ampere_sgemm_128x128_nn,13.762,2026-09-10T01:16:05.711376,"1,1,32","256,1,1",118,16640,16640,0,,,,,,,,,,,,,,,,,,,
triangle,python,"void at::native::elementwise_kernel<(int)128, (int)2, void at::native::gpu_kernel_impl_nocast<at::native::direct_copy_kernel_cuda(at::TensorIteratorBase &)::[lambda() (instance 3)]::operator ()() const::[lambda() (instance 7)]::operator ()() const::[lambda(float) (instance 1)]>(at::TensorIteratorBase &, const T1 &)::[lambda(int) (instance 1)]>(int, T3)",7.361,2026-09-10T01:16:05.711384,"2048,1,1","128,1,1",16,0,0,0,,,,,,,,,,,,,,,,,,,
triangle,python,"void at::native::elementwise_kernel<(int)128, (int)2, void at::native::gpu_kernel_impl_nocast<at::native::direct_copy_kernel_cuda(at::TensorIteratorBase &)::[lambda() (instance 3)]::operator ()() const::[lambda() (instance 7)]::operator ()() const::[lambda(float) (instance 1)]>(at::TensorIteratorBase &, const T1 &)::[lambda(int) (instance 1)]>(int, T3)",7.297,2026-09-10T01:16:05.711393,"2048,1,1","128,1,1",16,0,0,0,,,,,,,,,,,,,,,,,,,
triangle,python,ampere_sgemm_128x128_nn,13.698,2026-09-10T01:16:05.711402,"1,1,32","256,1,1",118,16640,16640,0,,,,,,,,,,,,,,,,,,,
triangle,python,"void at::native::elementwise_kernel<(int)128, (int)2, void at::native::gpu_kernel_impl_nocast<at::native::direct_copy_kernel_cuda(at::TensorIteratorBase &)::[lambda() (instance 3)]::operator ()() const::[lambda() (instance 7)]::operator ()() const::[lambda(float) (instance 1)]>(at::TensorIteratorBase &, const T1 &)::[lambda(int) (instance 1)]>(int, T3)",7.457,2026-09-10T01:16:05.711410,"2048,1,1","128,1,1",16,0,0,0,,,,,,,,,,,,,,,,,,,
triangle,python,"void at::native::elementwise_kernel<(int)128, (int)2, void at::native::gpu_kernel_impl_nocast<at::native::direct_copy_kernel_cuda(at::TensorIteratorBase &)::[lambda() (instance 3)]::operator ()() const::[lambda() (instance 7)]::operator ()() const::[lambda(float) (instance 1)]>(at::TensorIteratorBase &, const T1 &)::[lambda(int) (instance 1)]>(int, T3)",7.265,2026-09-10T01:16:05.711419,"2048,1,1","128,1,1",16,0,0,0,,,,,,,,,,,,,,,,,,,
triangle,python,ampere_sgemm_128x128_nn,13.73,2026-09-10T01:16:05.711427,"1,1,32","256,1,1",118,16640,16640,0,,,,,,,,,,,,,,,,,,,
triangle,python,"void at::native::elementwise_kernel<(int)128, (int)2, void at::native::gpu_kernel_impl_nocast<at::native::direct_copy_kernel_cuda(at::TensorIteratorBase &)::[lambda() (instance 3)]::operator ()() const::[lambda() (instance 7)]::operator ()() const::[lambda(float) (instance 1)]>(at::TensorIteratorBase &, const T1 &)::[lambda(int) (instance 1)]>(int, T3)",7.457,2026-09-10T01:16:05.711436,"2048,1,1","128,1,1",16,0,0,0,,,,,,,,,,,,,,,,,,,
triangle,python,"void at::native::elementwise_kernel<(int)128, (int)2, void at::native::gpu_kernel_impl_nocast<at::native::direct_copy_kernel_cuda(at::TensorIteratorBase &)::[lambda() (instance 3)]::operator ()() const::[lambda() (instance 7)]::operator ()() const::[lambda(float) (instance 1)]>(at::TensorIteratorBase &, const T1 &)::[lambda(int) (instance 1)]>(int, T3)",7.361,2026-09-10T01:16:05.711444,"2048,1,1","128,1,1",16,0,0,0,,,,,,,,,,,,,,,,,,,
triangle,python,ampere_sgemm_128x128_nn,13.73,2026-09-10T01:16:05.711453,"1,1,32","256,1,1",118,16640,16640,0,,,,,,,,,,,,,,,,,,,
triangle,python,"void at::native::elementwise_kernel<(int)128, (int)2, void at::native::gpu_kernel_impl_nocast<at::native::direct_copy_kernel_cuda(at::TensorIteratorBase &)::[lambda() (instance 3)]::operator ()() const::[lambda() (instance 7)]::operator ()() const::[lambda(float) (instance 1)]>(at::TensorIteratorBase &, const T1 &)::[lambda(int) (instance 1)]>(int, T3)",7.617,2026-09-10T01:16:05.711463,"2048,1,1","128,1,1",16,0,0,0,,,,,,,,,,,,,,,,,,,
triangle,python,"void at::native::elementwise_kernel<(int)128, (int)2, void at::native::gpu_kernel_impl_nocast<at::native::direct_copy_kernel_cuda(at::TensorIteratorBase &)::[lambda() (instance 3)]::operator ()() const::[lambda() (instance 7)]::operator ()() const::[lambda(float) (instance 1)]>(at::TensorIteratorBase &, const T1 &)::[lambda(int) (instance 1)]>(int, T3)",7.297,2026-09-10T01:16:05.711471,"2048,1,1","128,1,1",16,0,0,0,,,,,,,,,,,,,,,,,,,
triangle,python,ampere_sgemm_128x128_nn,13.729,2026-09-10T01:16:05.711480,"1,1,32","256,1,1",118,16640,16640,0,,,,,,,,,,,,,,,,,,,
triangle,python,"void at::native::elementwise_kernel<(int)128, (int)2, void at::native::gpu_kernel_impl_nocast<at::native::direct_copy_kernel_cuda(at::TensorIteratorBase &)::[lambda() (instance 3)]::operator ()() const::[lambda() (instance 7)]::operator ()() const::[lambda(float) (instance 1)]>(at::TensorIteratorBase &, const T1 &)::[lambda(int) (instance 1)]>(int, T3)",7.424,2026-09-10T01:16:05.711489,"2048,1,1","128,1,1",16,0,0,0,,,,,,,,,,,,,,,,,,,
triangle,python,"void at::native::elementwise_kernel<(int)128, (int)2, void at::native::gpu_kernel_impl_nocast<at::native::direct_copy_kernel_cuda(at::TensorIteratorBase &)::[lambda() (instance 3)]::operator ()() const::[lambda() (instance 7)]::operator ()() const::[lambda(float) (instance 1)]>(at::TensorIteratorBase &, const T1 &)::[lambda(int) (instance 1)]>(int, T3)",7.392,2026-09-10T01:16:05.711498,"2048,1,1","128,1,1",16,0,0,0,,,,,,,,,,,,,,,,,,,
triangle,python,ampere_sgemm_128x128_nn,13.73,2026-09-10T01:16:05.711507,"1,1,32","256,1,1",118,16640,16640,0,,,,,,,,,,,,,,,,,,,
triangle,python,"void at::native::elementwise_kernel<(int)128, (int)2, void at::native::gpu_kernel_impl_nocast<at::native::direct_copy_kernel_cuda(at::TensorIteratorBase &)::[lambda() (instance 3)]::operator ()() const::[lambda() (instance 7)]::operator ()() const::[lambda(float) (instance 1)]>(at::TensorIteratorBase &, const T1 &)::[lambda(int) (instance 1)]>(int, T3)",7.553,2026-09-10T01:16:05.711515,"2048,1,1","128,1,1",16,0,0,0,,,,,,,,,,,,,,,,,,,
triangle,python,"void at::native::elementwise_kernel<(int)128, (int)2, void at::native::gpu_kernel_impl_nocast<at::native::direct_copy_kernel_cuda(at::TensorIteratorBase &)::[lambda() (instance 3)]::operator ()() const::[lambda() (instance 7)]::operator ()() const::[lambda(float) (instance 1)]>(at::TensorIteratorBase &, const T1 &)::[lambda(int) (instance 1)]>(int, T3)",7.265,2026-09-10T01:16:05.711524,"2048,1,1","128,1,1",16,0,0,0,,,,,,,,,,,,,,,,,,,
triangle,python,ampere_sgemm_128x128_nn,13.698,2026-09-10T01:16:05.711532,"1,1,32","256,1,1",118,16640,16640,0,,,,,,,,,,,,,,,,,,,
triangle,python,"void at::native::elementwise_kernel<(int)128, (int)2, void at::native::gpu_kernel_impl_nocast<at::native::direct_copy_kernel_cuda(at::TensorIteratorBase &)::[lambda() (instance 3)]::operator ()() const::[lambda() (instance 7)]::operator ()() const::[lambda(float) (instance 1)]>(at::TensorIteratorBase &, const T1 &)::[lambda(int) (instance 1)]>(int, T3)",7.521,2026-09-10T01:16:05.711541,"2048,1,1","128,1,1",16,0,0,0,,,,,,,,,,,,,,,,,,,
triangle,python,"void at::native::elementwise_kernel<(int)128, (int)2, void at::native::gpu_kernel_impl_nocast<at::native::direct_copy_kernel_cuda(at::TensorIteratorBase &)::[lambda() (instance 3)]::operator ()() const::[lambda() (instance 7)]::operator ()() const::[lambda(float) (instance 1)]>(at::TensorIteratorBase &, const T1 &)::[lambda(int) (instance 1)]>(int, T3)",7.362,2026-09-10T01:16:05.711550,"2048,1,1","128,1,1",16,0,0,0,,,,,,,,,,,,,,,,,,,
triangle,python,ampere_sgemm_128x128_nn,13.729,2026-09-10T01:16:05.711558,"1,1,32","256,1,1",118,16640,16640,0,,,,,,,,,,,,,,,,,,,
triangle,python,"void at::native::elementwise_kernel<(int)128, (int)2, void at::native::gpu_kernel_impl_nocast<at::native::direct_copy_kernel_cuda(at::TensorIteratorBase &)::[lambda() (instance 3)]::operator ()() const::[lambda() (instance 7)]::operator ()() const::[lambda(float) (instance 1)]>(at::TensorIteratorBase &, const T1 &)::[lambda(int) (instance 1)]>(int, T3)",7.393,2026-09-10T01:16:05.711567,"2048,1,1","128,1,1",16,0,0,0,,,,,,,,,,,,,,,,,,,
triangle,python,"void at::native::elementwise_kernel<(int)128, (int)2, void at::native::gpu_kernel_impl_nocast<at::native::direct_copy_kernel_cuda(at::TensorIteratorBase &)::[lambda() (instance 3)]::operator ()() const::[lambda() (instance 7)]::operator ()() const::[lambda(float) (instance 1)]>(at::TensorIteratorBase &, const T1 &)::[lambda(int) (instance 1)]>(int, T3)",7.297,2026-09-10T01:16:05.711575,"2048,1,1","128,1,1",16,0,0,0,,,,,,,,,,,,,,,,,,,
triangle,python,ampere_sgemm_128x128_nn,13.73,2026-09-10T01:16:05.711584,"1,1,32","256,1,1",118,16640,16640,0,,,,,,,,,,,,,,,,,,,
triangle,python,"void at::native::elementwise_kernel<(int)128, (int)2, void at::native::gpu_kernel_impl_nocast<at::native::direct_copy_kernel_cuda(at::TensorIteratorBase &)::[lambda() (instance 3)]::operator ()() const::[lambda() (instance 7)]::operator ()() const::[lambda(float) (instance 1)]>(at::TensorIteratorBase &, const T1 &)::[lambda(int) (instance 1)]>(int, T3)",7.425,2026-09-10T01:16:05.711593,"2048,1,1","128,1,1",16,0,0,0,,,,,,,,,,,,,,,,,,,
triangle,python,"void at::native::elementwise_kernel<(int)128, (int)2, void at::native::gpu_kernel_impl_nocast<at::native::direct_copy_kernel_cuda(at::TensorIteratorBase &)::[lambda() (instance 3)]::operator ()() const::[lambda() (instance 7)]::operator ()() const::[lambda(float) (instance 1)]>(at::TensorIteratorBase &, const T1 &)::[lambda(int) (instance 1)]>(int, T3)",7.233,2026-09-10T01:16:05.711602,"2048,1,1","128,1,1",16,0,0,0,,,,,,,,,,,,,,,,,,,
triangle,python,ampere_sgemm_128x128_nn,13.698,2026-09-10T01:16:05.711611,"1,1,32","256,1,1",118,16640,16640,0,,,,,,,,,,,,,,,,,,,
triangle,python,"void at::native::elementwise_kernel<(int)128, (int)2, void at::native::gpu_kernel_impl_nocast<at::native::direct_copy_kernel_cuda(at::TensorIteratorBase &)::[lambda() (instance 3)]::operator ()() const::[lambda() (instance 7)]::operator ()() const::[lambda(float) (instance 1)]>(at::TensorIteratorBase &, const T1 &)::[lambda(int) (instance 1)]>(int, T3)",7.553,2026-09-10T01:16:05.711619,"2048,1,1","128,1,1",16,0,0,0,,,,,,,,,,,,,,,,,,,
triangle,python,"void at::native::elementwise_kernel<(int)128, (int)2, void at::native::gpu_kernel_impl_nocast<at::native::direct_copy_kernel_cuda(at::TensorIteratorBase &)::[lambda() (instance 3)]::operator ()() const::[lambda() (instance 7)]::operator ()() const::[lambda(float) (instance 1)]>(at::TensorIteratorBase &, const T1 &)::[lambda(int) (instance 1)]>(int, T3)",7.361,2026-09-10T01:16:05.711628,"2048,1,1","128,1,1",16,0,0,0,,,,,,,,,,,,,,,,,,,
triangle,python,ampere_sgemm_128x128_nn,13.697,2026-09-10T01:16:05.711636,"1,1,32","256,1,1",118,16640,16640,0,,,,,,,,,,,,,,,,,,,
triangle,python,"void at::native::elementwise_kernel<(int)128, (int)2, void at::native::gpu_kernel_impl_nocast<at::native::direct_copy_kernel_cuda(at::TensorIteratorBase &)::[lambda() (instance 3)]::operator ()() const::[lambda() (instance 7)]::operator ()() const::[lambda(float) (instance 1)]>(at::TensorIteratorBase &, const T1 &)::[lambda(int) (instance 1)]>(int, T3)",7.424,2026-09-10T01:16:05.711645,"2048,1,1","128,1,1",16,0,0,0,,,,,,,,,,,,,,,,,,,
triangle,python,"void at::native::elementwise_kernel<(int)128, (int)2, void at::native::gpu_kernel_impl_nocast<at::native::direct_copy_kernel_cuda(at::TensorIteratorBase &)::[lambda() (instance 3)]::operator ()() const::[lambda() (instance 7)]::operator ()() const::[lambda(float) (instance 1)]>(at::TensorIteratorBase &, const T1 &)::[lambda(int) (instance 1)]>(int, T3)",7.297,2026-09-10T01:16:05.711653,"2048,1,1","128,1,1",16,0,0,0,,,,,,,,,,,,,,,,,,,
triangle,python,ampere_sgemm_128x128_nn,13.73,2026-09-10T01:16:05.711662,"1,1,32","256,1,1",118,16640,16640,0,,,,,,,,,,,,,,,,,,,
triangle,python,"void at::native::elementwise_kernel<(int)128, (int)2, void at::native::gpu_kernel_impl_nocast<at::native::direct_copy_kernel_cuda(at::TensorIteratorBase &)::[lambda() (instance 3)]::operator ()() const::[lambda() (instance 7)]::operator ()() const::[lambda(float) (instance 1)]>(at::TensorIteratorBase &, const T1 &)::[lambda(int) (instance 1)]>(int, T3)",7.489,2026-09-10T01:16:05.711670,"2048,1,1","128,1,1",16,0,0,0,,,,,,,,,,,,,,,,,,,
triangle,python,"void at::native::elementwise_kernel<(int)128, (int)2, void at::native::gpu_kernel_impl_nocast<at::native::direct_copy_kernel_cuda(at::TensorIteratorBase &)::[lambda() (instance 3)]::operator ()() const::[lambda() (instance 7)]::operator ()() const::[lambda(float) (instance 1)]>(at::TensorIteratorBase &, const T1 &)::[lambda(int) (instance 1)]>(int, T3)",7.361,2026-09-10T01:16:05.711679,"2048,1,1","128,1,1",16,0,0,0,,,,,,,,,,,,,,,,,,,
triangle,python,ampere_sgemm_128x128_nn,13.762,2026-09-10T01:16:05.711687,"1,1,32","256,1,1",118,16640,16640,0,,,,,,,,,,,,,,,,,,,
triangle,python,"void at::native::elementwise_kernel<(int)128, (int)2, void at::native::gpu_kernel_impl_nocast<at::native::direct_copy_kernel_cuda(at::TensorIteratorBase &)::[lambda() (instance 3)]::operator ()() const::[lambda() (instance 7)]::operator ()() const::[lambda(float) (instance 1)]>(at::TensorIteratorBase &, const T1 &)::[lambda(int) (instance 1)]>(int, T3)",7.553,2026-09-10T01:16:05.711696,"2048,1,1","128,1,1",16,0,0,0,,,,,,,,,,,,,,,,,,,
triangle,python,"void at::native::elementwise_kernel<(int)128, (int)2, void at::native::gpu_kernel_impl_nocast<at::native::direct_copy_kernel_cuda(at::TensorIteratorBase &)::[lambda() (instance 3)]::operator ()() const::[lambda() (instance 7)]::operator ()() const::[lambda(float) (instance 1)]>(at::TensorIteratorBase &, const T1 &)::[lambda(int) (instance 1)]>(int, T3)",7.425,2026-09-10T01:16:05.711705,"2048,1,1","128,1,1",16,0,0,0,,,,,,,,,,,,,,,,,,,
triangle,python,ampere_sgemm_128x128_nn,13.698,2026-09-10T01:16:05.711714,"1,1,32","256,1,1",118,16640,16640,0,,,,,,,,,,,,,,,,,,,
triangle,python,"void at::native::elementwise_kernel<(int)128, (int)2, void at::native::gpu_kernel_impl_nocast<at::native::direct_copy_kernel_cuda(at::TensorIteratorBase &)::[lambda() (instance 3)]::operator ()() const::[lambda() (instance 7)]::operator ()() const::[lambda(float) (instance 1)]>(at::TensorIteratorBase &, const T1 &)::[lambda(int) (instance 1)]>(int, T3)",7.297,2026-09-10T01:16:05.711722,"2048,1,1","128,1,1",16,0,0,0,,,,,,,,,,,,,,,,,,,
triangle,python,"void at::native::elementwise_kernel<(int)128, (int)2, void at::native::gpu_kernel_impl_nocast<at::native::direct_copy_kernel_cuda(at::TensorIteratorBase &)::[lambda() (instance 3)]::operator ()() const::[lambda() (instance 7)]::operator ()() const::[lambda(float) (instance 1)]>(at::TensorIteratorBase &, const T1 &)::[lambda(int) (instance 1)]>(int, T3)",7.329,2026-09-10T01:16:05.711732,"2048,1,1","128,1,1",16,0,0,0,,,,,,,,,,,,,,,,,,,
triangle,python,ampere_sgemm_128x128_nn,13.698,2026-09-10T01:16:05.711741,"1,1,32","256,1,1",118,16640,16640,0,,,,,,,,,,,,,,,,,,,
triangle,python,"void at::native::elementwise_kernel<(int)128, (int)2, void at::native::gpu_kernel_impl_nocast<at::native::direct_copy_kernel_cuda(at::TensorIteratorBase &)::[lambda() (instance 3)]::operator ()() const::[lambda() (instance 7)]::operator ()() const::[lambda(float) (instance 1)]>(at::TensorIteratorBase &, const T1 &)::[lambda(int) (instance 1)]>(int, T3)",7.393,2026-09-10T01:16:05.711749,"2048,1,1","128,1,1",16,0,0,0,,,,,,,,,,,,,,,,,,,
triangle,python,"void at::native::elementwise_kernel<(int)128, (int)2, void at::native::gpu_kernel_impl_nocast<at::native::direct_copy_kernel_cuda(at::TensorIteratorBase &)::[lambda() (instance 3)]::operator ()() const::[lambda() (instance 7)]::operator ()() const::[lambda(float) (instance 1)]>(at::TensorIteratorBase &, const T1 &)::[lambda(int) (instance 1)]>(int, T3)",7.296,2026-09-10T01:16:05.711758,"2048,1,1","128,1,1",16,0,0,0,,,,,,,,,,,,,,,,,,,
triangle,python,ampere_sgemm_128x128_nn,13.729,2026-09-10T01:16:05.711766,"1,1,32","256,1,1",118,16640,16640,0,,,,,,,,,,,,,,,,,,,
triangle,python,"void at::native::elementwise_kernel<(int)128, (int)2, void at::native::gpu_kernel_impl_nocast<at::native::direct_copy_kernel_cuda(at::TensorIteratorBase &)::[lambda() (instance 3)]::operator ()() const::[lambda() (instance 7)]::operator ()() const::[lambda(float) (instance 1)]>(at::TensorIteratorBase &, const T1 &)::[lambda(int) (instance 1)]>(int, T3)",7.521,2026-09-10T01:16:05.711775,"2048,1,1","128,1,1",16,0,0,0,,,,,,,,,,,,,,,,,,,
triangle,python,"void at::native::elementwise_kernel<(int)128, (int)2, void at::native::gpu_kernel_impl_nocast<at::native::direct_copy_kernel_cuda(at::TensorIteratorBase &)::[lambda() (instance 3)]::operator ()() const::[lambda() (instance 7)]::operator ()() const::[lambda(float) (instance 1)]>(at::TensorIteratorBase &, const T1 &)::[lambda(int) (instance 1)]>(int, T3)",7.265,2026-09-10T01:16:05.711783,"2048,1,1","128,1,1",16,0,0,0,,,,,,,,,,,,,,,,,,,
triangle,python,ampere_sgemm_128x128_nn,13.761,2026-09-10T01:16:05.711792,"1,1,32","256,1,1",118,16640,16640,0,,,,,,,,,,,,,,,,,,,
triangle,python,"void at::native::elementwise_kernel<(int)128, (int)2, void at::native::gpu_kernel_impl_nocast<at::native::direct_copy_kernel_cuda(at::TensorIteratorBase &)::[lambda() (instance 3)]::operator ()() const::[lambda() (instance 7)]::operator ()() const::[lambda(float) (instance 1)]>(at::TensorIteratorBase &, const T1 &)::[lambda(int) (instance 1)]>(int, T3)",7.49,2026-09-10T01:16:05.711800,"2048,1,1","128,1,1",16,0,0,0,,,,,,,,,,,,,,,,,,,
triangle,python,"void at::native::elementwise_kernel<(int)128, (int)2, void at::native::gpu_kernel_impl_nocast<at::native::direct_copy_kernel_cuda(at::TensorIteratorBase &)::[lambda() (instance 3)]::operator ()() const::[lambda() (instance 7)]::operator ()() const::[lambda(float) (instance 1)]>(at::TensorIteratorBase &, const T1 &)::[lambda(int) (instance 1)]>(int, T3)",7.361,2026-09-10T01:16:05.711809,"2048,1,1","128,1,1",16,0,0,0,,,,,,,,,,,,,,,,,,,
triangle,python,ampere_sgemm_128x128_nn,13.729,2026-09-10T01:16:05.711818,"1,1,32","256,1,1",118,16640,16640,0,,,,,,,,,,,,,,,,,,,
triangle,python,"void at::native::elementwise_kernel<(int)128, (int)2, void at::native::gpu_kernel_impl_nocast<at::native::direct_copy_kernel_cuda(at::TensorIteratorBase &)::[lambda() (instance 3)]::operator ()() const::[lambda() (instance 7)]::operator ()() const::[lambda(float) (instance 1)]>(at::TensorIteratorBase &, const T1 &)::[lambda(int) (instance 1)]>(int, T3)",7.361,2026-09-10T01:16:05.711827,"2048,1,1","128,1,1",16,0,0,0,,,,,,,,,,,,,,,,,,,
triangle,python,"void at::native::elementwise_kernel<(int)128, (int)2, void at::native::gpu_kernel_impl_nocast<at::native::direct_copy_kernel_cuda(at::TensorIteratorBase &)::[lambda() (instance 3)]::operator ()() const::[lambda() (instance 7)]::operator ()() const::[lambda(float) (instance 1)]>(at::TensorIteratorBase &, const T1 &)::[lambda(int) (instance 1)]>(int, T3)",7.329,2026-09-10T01:16:05.711836,"2048,1,1","128,1,1",16,0,0,0,,,,,,,,,,,,,,,,,,,
triangle,python,ampere_sgemm_128x128_nn,13.698,2026-09-10T01:16:05.711844,"1,1,32","256,1,1",118,16640,16640,0,,,,,,,,,,,,,,,,,,,
triangle,python,"void at::native::elementwise_kernel<(int)128, (int)2, void at::native::gpu_kernel_impl_nocast<at::native::direct_copy_kernel_cuda(at::TensorIteratorBase &)::[lambda() (instance 3)]::operator ()() const::[lambda() (instance 7)]::operator ()() const::[lambda(float) (instance 1)]>(at::TensorIteratorBase &, const T1 &)::[lambda(int) (instance 1)]>(int, T3)",7.425,2026-09-10T01:16:05.711853,"2048,1,1","128,1,1",16,0,0,0,,,,,,,,,,,,,,,,,,,
triangle,python,"void at::native::elementwise_kernel<(int)128, (int)2, void at::native::gpu_kernel_impl_nocast<at::native::direct_copy_kernel_cuda(at::TensorIteratorBase &)::[lambda() (instance 3)]::operator ()() const::[lambda() (instance 7)]::operator ()() const::[lambda(float) (instance 1)]>(at::TensorIteratorBase &, const T1 &)::[lambda(int) (instance 1)]>(int, T3)",7.328,2026-09-10T01:16:05.712091,"2048,1,1","128,1,1",16,0,0,0,,,,,,,,,,,,,,,,,,,
triangle,python,ampere_sgemm_128x128_nn,13.697,2026-09-10T01:16:05.712108,"1,1,32","256,1,1",118,16640,16640,0,,,,,,,,,,,,,,,,,,,
triangle,python,"void at::native::elementwise_kernel<(int)128, (int)2, void at::native::gpu_kernel_impl_nocast<at::native::direct_copy_kernel_cuda(at::TensorIteratorBase &)::[lambda() (instance 3)]::operator ()() const::[lambda() (instance 7)]::operator ()() const::[lambda(float) (instance 1)]>(at::TensorIteratorBase &, const T1 &)::[lambda(int) (instance 1)]>(int, T3)",7.586,2026-09-10T01:16:05.712121,"2048,1,1","128,1,1",16,0,0,0,,,,,,,,,,,,,,,,,,,
triangle,python,"void at::native::elementwise_kernel<(int)128, (int)2, void at::native::gpu_kernel_impl_nocast<at::native::direct_copy_kernel_cuda(at::TensorIteratorBase &)::[lambda() (instance 3)]::operator ()() const::[lambda() (instance 7)]::operator ()() const::[lambda(float) (instance 1)]>(at::TensorIteratorBase &, const T1 &)::[lambda(int) (instance 1)]>(int, T3)",7.489,2026-09-10T01:16:05.712130,"2048,1,1","128,1,1",16,0,0,0,,,,,,,,,,,,,,,,,,,
triangle,python,ampere_sgemm_128x128_nn,13.73,2026-09-10T01:16:05.712140,"1,1,32","256,1,1",118,16640,16640,0,,,,,,,,,,,,,,,,,,,
triangle,python,"void at::native::elementwise_kernel<(int)128, (int)2, void at::native::gpu_kernel_impl_nocast<at::native::direct_copy_kernel_cuda(at::TensorIteratorBase &)::[lambda() (instance 3)]::operator ()() const::[lambda() (instance 7)]::operator ()() const::[lambda(float) (instance 1)]>(at::TensorIteratorBase &, const T1 &)::[lambda(int) (instance 1)]>(int, T3)",7.489,2026-09-10T01:16:05.712149,"2048,1,1","128,1,1",16,0,0,0,,,,,,,,,,,,,,,,,,,
triangle,python,"void at::native::elementwise_kernel<(int)128, (int)2, void at::native::gpu_kernel_impl_nocast<at::native::direct_copy_kernel_cuda(at::TensorIteratorBase &)::[lambda() (instance 3)]::operator ()() const::[lambda() (instance 7)]::operator ()() const::[lambda(float) (instance 1)]>(at::TensorIteratorBase &, const T1 &)::[lambda(int) (instance 1)]>(int, T3)",7.265,2026-09-10T01:16:05.712158,"2048,1,1","128,1,1",16,0,0,0,,,,,,,,,,,,,,,,,,,
triangle,python,ampere_sgemm_128x128_nn,13.73,2026-09-10T01:16:05.712167,"1,1,32","256,1,1",118,16640,16640,0,,,,,,,,,,,,,,,,,,,
triangle,python,"void at::native::elementwise_kernel<(int)128, (int)2, void at::native::gpu_kernel_impl_nocast<at::native::direct_copy_kernel_cuda(at::TensorIteratorBase &)::[lambda() (instance 3)]::operator ()() const::[lambda() (instance 7)]::operator ()() const::[lambda(float) (instance 1)]>(at::TensorIteratorBase &, const T1 &)::[lambda(int) (instance 1)]>(int, T3)",7.393,2026-09-10T01:16:05.712177,"2048,1,1","128,1,1",16,0,0,0,,,,,,,,,,,,,,,,,,,
triangle,python,"void at::native::elementwise_kernel<(int)128, (int)2, void at::native::gpu_kernel_impl_nocast<at::native::direct_copy_kernel_cuda(at::TensorIteratorBase &)::[lambda() (instance 3)]::operator ()() const::[lambda() (instance 7)]::operator ()() const::[lambda(float) (instance 1)]>(at::TensorIteratorBase &, const T1 &)::[lambda(int) (instance 1)]>(int, T3)",7.329,2026-09-10T01:16:05.712187,"2048,1,1","128,1,1",16,0,0,0,,,,,,,,,,,,,,,,,,,
triangle,python,ampere_sgemm_128x128_nn,13.73,2026-09-10T01:16:05.712195,"1,1,32","256,1,1",118,16640,16640,0,,,,,,,,,,,,,,,,,,,
triangle,python,"void at::native::elementwise_kernel<(int)128, (int)2, void at::native::gpu_kernel_impl_nocast<at::native::direct_copy_kernel_cuda(at::TensorIteratorBase &)::[lambda() (instance 3)]::operator ()() const::[lambda() (instance 7)]::operator ()() const::[lambda(float) (instance 1)]>(at::TensorIteratorBase &, const T1 &)::[lambda(int) (instance 1)]>(int, T3)",7.425,2026-09-10T01:16:05.712204,"2048,1,1","128,1,1",16,0,0,0,,,,,,,,,,,,,,,,,,,
triangle,python,"void at::native::elementwise_kernel<(int)128, (int)2, void at::native::gpu_kernel_impl_nocast<at::native::direct_copy_kernel_cuda(at::TensorIteratorBase &)::[lambda() (instance 3)]::operator ()() const::[lambda() (instance 7)]::operator ()() const::[lambda(float) (instance 1)]>(at::TensorIteratorBase &, const T1 &)::[lambda(int) (instance 1)]>(int, T3)",7.329,2026-09-10T01:16:05.712214,"2048,1,1","128,1,1",16,0,0,0,,,,,,,,,,,,,,,,,,,
triangle,python,ampere_sgemm_128x128_nn,13.697,2026-09-10T01:16:05.712223,"1,1,32","256,1,1",118,16640,16640,0,,,,,,,,,,,,,,,,,,,
triangle,python,"void at::native::elementwise_kernel<(int)128, (int)2, void at::native::gpu_kernel_impl_nocast<at::native::direct_copy_kernel_cuda(at::TensorIteratorBase &)::[lambda() (instance 3)]::operator ()() const::[lambda() (instance 7)]::operator ()() const::[lambda(float) (instance 1)]>(at::TensorIteratorBase &, const T1 &)::[lambda(int) (instance 1)]>(int, T3)",7.425,2026-09-10T01:16:05.712232,"2048,1,1","128,1,1",16,0,0,0,,,,,,,,,,,,,,,,,,,
triangle,python,"void at::native::elementwise_kernel<(int)128, (int)2, void at::native::gpu_kernel_impl_nocast<at::native::direct_copy_kernel_cuda(at::TensorIteratorBase &)::[lambda() (instance 3)]::operator ()() const::[lambda() (instance 7)]::operator ()() const::[lambda(float) (instance 1)]>(at::TensorIteratorBase &, const T1 &)::[lambda(int) (instance 1)]>(int, T3)",7.393,2026-09-10T01:16:05.712241,"2048,1,1","128,1,1",16,0,0,0,,,,,,,,,,,,,,,,,,,
triangle,python,ampere_sgemm_128x128_nn,13.73,2026-09-10T01:16:05.712249,"1,1,32","256,1,1",118,16640,16640,0,,,,,,,,,,,,,,,,,,,
triangle,python,"void at::native::elementwise_kernel<(int)128, (int)2, void at::native::gpu_kernel_impl_nocast<at::native::direct_copy_kernel_cuda(at::TensorIteratorBase &)::[lambda() (instance 3)]::operator ()() const::[lambda() (instance 7)]::operator ()() const::[lambda(float) (instance 1)]>(at::TensorIteratorBase &, const T1 &)::[lambda(int) (instance 1)]>(int, T3)",7.329,2026-09-10T01:16:05.712258,"2048,1,1","128,1,1",16,0,0,0,,,,,,,,,,,,,,,,,,,
triangle,python,"void at::native::elementwise_kernel<(int)128, (int)2, void at::native::gpu_kernel_impl_nocast<at::native::direct_copy_kernel_cuda(at::TensorIteratorBase &)::[lambda() (instance 3)]::operator ()() const::[lambda() (instance 7)]::operator ()() const::[lambda(float) (instance 1)]>(at::TensorIteratorBase &, const T1 &)::[lambda(int) (instance 1)]>(int, T3)",7.297,2026-09-10T01:16:05.712268,"2048,1,1","128,1,1",16,0,0,0,,,,,,,,,,,,,,,,,,,
triangle,python,ampere_sgemm_128x128_nn,13.73,2026-09-10T01:16:05.712276,"1,1,32","256,1,1",118,16640,16640,0,,,,,,,,,,,,,,,,,,,
triangle,python,"void at::native::elementwise_kernel<(int)128, (int)2, void at::native::gpu_kernel_impl_nocast<at::native::direct_copy_kernel_cuda(at::TensorIteratorBase &)::[lambda() (instance 3)]::operator ()() const::[lambda() (instance 7)]::operator ()() const::[lambda(float) (instance 1)]>(at::TensorIteratorBase &, const T1 &)::[lambda(int) (instance 1)]>(int, T3)",7.361,2026-09-10T01:16:05.712286,"2048,1,1","128,1,1",16,0,0,0,,,,,,,,,,,,,,,,,,,
triangle,python,"void at::native::elementwise_kernel<(int)128, (int)2, void at::native::gpu_kernel_impl_nocast<at::native::direct_copy_kernel_cuda(at::TensorIteratorBase &)::[lambda() (instance 3)]::operator ()() const::[lambda() (instance 7)]::operator ()() const::[lambda(float) (instance 1)]>(at::TensorIteratorBase &, const T1 &)::[lambda(int) (instance 1)]>(int, T3)",7.297,2026-09-10T01:16:05.712295,"2048,1,1","128,1,1",16,0,0,0,,,,,,,,,,,,,,,,,,,
triangle,python,ampere_sgemm_128x128_nn,13.698,2026-09-10T01:16:05.712303,"1,1,32","256,1,1",118,16640,16640,0,,,,,,,,,,,,,,,,,,,
triangle,python,"void at::native::elementwise_kernel<(int)128, (int)2, void at::native::gpu_kernel_impl_nocast<at::native::direct_copy_kernel_cuda(at::TensorIteratorBase &)::[lambda() (instance 3)]::operator ()() const::[lambda() (instance 7)]::operator ()() const::[lambda(float) (instance 1)]>(at::TensorIteratorBase &, const T1 &)::[lambda(int) (instance 1)]>(int, T3)",7.553,2026-09-10T01:16:05.712312,"2048,1,1","128,1,1",16,0,0,0,,,,,,,,,,,,,,,,,,,
triangle,python,"void at::native::elementwise_kernel<(int)128, (int)2, void at::native::gpu_kernel_impl_nocast<at::native::direct_copy_kernel_cuda(at::TensorIteratorBase &)::[lambda() (instance 3)]::operator ()() const::[lambda() (instance 7)]::operator ()() const::[lambda(float) (instance 1)]>(at::TensorIteratorBase &, const T1 &)::[lambda(int) (instance 1)]>(int, T3)",7.393,2026-09-10T01:16:05.712321,"2048,1,1","128,1,1",16,0,0,0,,,,,,,,,,,,,,,,,,,
triangle,python,ampere_sgemm_128x128_nn,13.698,2026-09-10T01:16:05.712329,"1,1,32","256,1,1",118,16640,16640,0,,,,,,,,,,,,,,,,,,,
triangle,python,"void at::native::elementwise_kernel<(int)128, (int)2, void at::native::gpu_kernel_impl_nocast<at::native::direct_copy_kernel_cuda(at::TensorIteratorBase &)::[lambda() (instance 3)]::operator ()() const::[lambda() (instance 7)]::operator ()() const::[lambda(float) (instance 1)]>(at::TensorIteratorBase &, const T1 &)::[lambda(int) (instance 1)]>(int, T3)",7.425,2026-09-10T01:16:05.712340,"2048,1,1","128,1,1",16,0,0,0,,,,,,,,,,,,,,,,,,,
triangle,python,"void at::native::elementwise_kernel<(int)128, (int)2, void at::native::gpu_kernel_impl_nocast<at::native::direct_copy_kernel_cuda(at::TensorIteratorBase &)::[lambda() (instance 3)]::operator ()() const::[lambda() (instance 7)]::operator ()() const::[lambda(float) (instance 1)]>(at::TensorIteratorBase &, const T1 &)::[lambda(int) (instance 1)]>(int, T3)",7.233,2026-09-10T01:16:05.712348,"2048,1,1","128,1,1",16,0,0,0,,,,,,,,,,,,,,,,,,,
triangle,python,ampere_sgemm_128x128_nn,13.697,2026-09-10T01:16:05.712357,"1,1,32","256,1,1",118,16640,16640,0,,,,,,,,,,,,,,,,,,,
triangle,python,"void at::native::elementwise_kernel<(int)128, (int)2, void at::native::gpu_kernel_impl_nocast<at::native::direct_copy_kernel_cuda(at::TensorIteratorBase &)::[lambda() (instance 3)]::operator ()() const::[lambda() (instance 7)]::operator ()() const::[lambda(float) (instance 1)]>(at::TensorIteratorBase &, const T1 &)::[lambda(int) (instance 1)]>(int, T3)",7.457,2026-09-10T01:16:05.712365,"2048,1,1","128,1,1",16,0,0,0,,,,,,,,,,,,,,,,,,,
triangle,python,"void at::native::elementwise_kernel<(int)128, (int)2, void at::native::gpu_kernel_impl_nocast<at::native::direct_copy_kernel_cuda(at::TensorIteratorBase &)::[lambda() (instance 3)]::operator ()() const::[lambda() (instance 7)]::operator ()() const::[lambda(float) (instance 1)]>(at::TensorIteratorBase &, const T1 &)::[lambda(int) (instance 1)]>(int, T3)",7.361,2026-09-10T01:16:05.712374,"2048,1,1","128,1,1",16,0,0,0,,,,,,,,,,,,,,,,,,,
triangle,python,ampere_sgemm_128x128_nn,13.729,2026-09-10T01:16:05.712383,"1,1,32","256,1,1",118,16640,16640,0,,,,,,,,,,,,,,,,,,,
triangle,python,"void at::native::elementwise_kernel<(int)128, (int)2, void at::native::gpu_kernel_impl_nocast<at::native::direct_copy_kernel_cuda(at::TensorIteratorBase &)::[lambda() (instance 3)]::operator ()() const::[lambda() (instance 7)]::operator ()() const::[lambda(float) (instance 1)]>(at::TensorIteratorBase &, const T1 &)::[lambda(int) (instance 1)]>(int, T3)",7.521,2026-09-10T01:16:05.712391,"2048,1,1","128,1,1",16,0,0,0,,,,,,,,,,,,,,,,,,,
triangle,python,"void at::native::elementwise_kernel<(int)128, (int)2, void at::native::gpu_kernel_impl_nocast<at::native::direct_copy_kernel_cuda(at::TensorIteratorBase &)::[lambda() (instance 3)]::operator ()() const::[lambda() (instance 7)]::operator ()() const::[lambda(float) (instance 1)]>(at::TensorIteratorBase &, const T1 &)::[lambda(int) (instance 1)]>(int, T3)",7.456,2026-09-10T01:16:05.712401,"2048,1,1","128,1,1",16,0,0,0,,,,,,,,,,,,,,,,,,,
triangle,python,ampere_sgemm_128x128_nn,13.697,2026-09-10T01:16:05.712409,"1,1,32","256,1,1",118,16640,16640,0,,,,,,,,,,,,,,,,,,,
triangle,python,"void at::native::elementwise_kernel<(int)128, (int)2, void at::native::gpu_kernel_impl_nocast<at::native::direct_copy_kernel_cuda(at::TensorIteratorBase &)::[lambda() (instance 3)]::operator ()() const::[lambda() (instance 7)]::operator ()() const::[lambda(float) (instance 1)]>(at::TensorIteratorBase &, const T1 &)::[lambda(int) (instance 1)]>(int, T3)",7.553,2026-09-10T01:16:05.712418,"2048,1,1","128,1,1",16,0,0,0,,,,,,,,,,,,,,,,,,,
triangle,python,"void at::native::elementwise_kernel<(int)128, (int)2, void at::native::gpu_kernel_impl_nocast<at::native::direct_copy_kernel_cuda(at::TensorIteratorBase &)::[lambda() (instance 3)]::operator ()() const::[lambda() (instance 7)]::operator ()() const::[lambda(float) (instance 1)]>(at::TensorIteratorBase &, const T1 &)::[lambda(int) (instance 1)]>(int, T3)",7.297,2026-09-10T01:16:05.712427,"2048,1,1","128,1,1",16,0,0,0,,,,,,,,,,,,,,,,,,,
triangle,python,ampere_sgemm_128x128_nn,13.73,2026-09-10T01:16:05.712435,"1,1,32","256,1,1",118,16640,16640,0,,,,,,,,,,,,,,,,,,,
triangle,python,"void at::native::elementwise_kernel<(int)128, (int)2, void at::native::gpu_kernel_impl_nocast<at::native::direct_copy_kernel_cuda(at::TensorIteratorBase &)::[lambda() (instance 3)]::operator ()() const::[lambda() (instance 7)]::operator ()() const::[lambda(float) (instance 1)]>(at::TensorIteratorBase &, const T1 &)::[lambda(int) (instance 1)]>(int, T3)",7.553,2026-09-10T01:16:05.712444,"2048,1,1","128,1,1",16,0,0,0,,,,,,,,,,,,,,,,,,,
triangle,python,"void at::native::elementwise_kernel<(int)128, (int)2, void at::native::gpu_kernel_impl_nocast<at::native::direct_copy_kernel_cuda(at::TensorIteratorBase &)::[lambda() (instance 3)]::operator ()() const::[lambda() (instance 7)]::operator ()() const::[lambda(float) (instance 1)]>(at::TensorIteratorBase &, const T1 &)::[lambda(int) (instance 1)]>(int, T3)",7.233,2026-09-10T01:16:05.712452,"2048,1,1","128,1,1",16,0,0,0,,,,,,,,,,,,,,,,,,,
triangle,python,ampere_sgemm_128x128_nn,13.73,2026-09-10T01:16:05.712461,"1,1,32","256,1,1",118,16640,16640,0,,,,,,,,,,,,,,,,,,,
triangle,python,"void at::native::elementwise_kernel<(int)128, (int)2, void at::native::gpu_kernel_impl_nocast<at::native::direct_copy_kernel_cuda(at::TensorIteratorBase &)::[lambda() (instance 3)]::operator ()() const::[lambda() (instance 7)]::operator ()() const::[lambda(float) (instance 1)]>(at::TensorIteratorBase &, const T1 &)::[lambda(int) (instance 1)]>(int, T3)",7.393,2026-09-10T01:16:05.712469,"2048,1,1","128,1,1",16,0,0,0,,,,,,,,,,,,,,,,,,,
triangle,python,"void at::native::elementwise_kernel<(int)128, (int)2, void at::native::gpu_kernel_impl_nocast<at::native::direct_copy_kernel_cuda(at::TensorIteratorBase &)::[lambda() (instance 3)]::operator ()() const::[lambda() (instance 7)]::operator ()() const::[lambda(float) (instance 1)]>(at::TensorIteratorBase &, const T1 &)::[lambda(int) (instance 1)]>(int, T3)",7.329,2026-09-10T01:16:05.712478,"2048,1,1","128,1,1",16,0,0,0,,,,,,,,,,,,,,,,,,,
triangle,python,ampere_sgemm_128x128_nn,13.665,2026-09-10T01:16:05.712487,"1,1,32","256,1,1",118,16640,16640,0,,,,,,,,,,,,,,,,,,,
triangle,python,"void at::native::elementwise_kernel<(int)128, (int)2, void at::native::gpu_kernel_impl_nocast<at::native::direct_copy_kernel_cuda(at::TensorIteratorBase &)::[lambda() (instance 3)]::operator ()() const::[lambda() (instance 7)]::operator ()() const::[lambda(float) (instance 1)]>(at::TensorIteratorBase &, const T1 &)::[lambda(int) (instance 1)]>(int, T3)",7.329,2026-09-10T01:16:05.712495,"2048,1,1","128,1,1",16,0,0,0,,,,,,,,,,,,,,,,,,,
triangle,python,"void at::native::elementwise_kernel<(int)128, (int)2, void at::native::gpu_kernel_impl_nocast<at::native::direct_copy_kernel_cuda(at::TensorIteratorBase &)::[lambda() (instance 3)]::operator ()() const::[lambda() (instance 7)]::operator ()() const::[lambda(float) (instance 1)]>(at::TensorIteratorBase &, const T1 &)::[lambda(int) (instance 1)]>(int, T3)",7.329,2026-09-10T01:16:05.712504,"2048,1,1","128,1,1",16,0,0,0,,,,,,,,,,,,,,,,,,,
triangle,python,ampere_sgemm_128x128_nn,13.729,2026-09-10T01:16:05.712513,"1,1,32","256,1,1",118,16640,16640,0,,,,,,,,,,,,,,,,,,,
triangle,python,"void at::native::elementwise_kernel<(int)128, (int)2, void at::native::gpu_kernel_impl_nocast<at::native::direct_copy_kernel_cuda(at::TensorIteratorBase &)::[lambda() (instance 3)]::operator ()() const::[lambda() (instance 7)]::operator ()() const::[lambda(float) (instance 1)]>(at::TensorIteratorBase &, const T1 &)::[lambda(int) (instance 1)]>(int, T3)",7.457,2026-09-10T01:16:05.712522,"2048,1,1","128,1,1",16,0,0,0,,,,,,,,,,,,,,,,,,,
triangle,python,"void at::native::elementwise_kernel<(int)128, (int)2, void at::native::gpu_kernel_impl_nocast<at::native::direct_copy_kernel_cuda(at::TensorIteratorBase &)::[lambda() (instance 3)]::operator ()() const::[lambda() (instance 7)]::operator ()() const::[lambda(float) (instance 1)]>(at::TensorIteratorBase &, const T1 &)::[lambda(int) (instance 1)]>(int, T3)",7.361,2026-09-10T01:16:05.712531,"2048,1,1","128,1,1",16,0,0,0,,,,,,,,,,,,,,,,,,,
triangle,python,ampere_sgemm_128x128_nn,13.762,2026-09-10T01:16:05.712545,"1,1,32","256,1,1",118,16640,16640,0,,,,,,,,,,,,,,,,,,,
triangle,python,"void at::native::elementwise_kernel<(int)128, (int)2, void at::native::gpu_kernel_impl_nocast<at::native::direct_copy_kernel_cuda(at::TensorIteratorBase &)::[lambda() (instance 3)]::operator ()() const::[lambda() (instance 7)]::operator ()() const::[lambda(float) (instance 1)]>(at::TensorIteratorBase &, const T1 &)::[lambda(int) (instance 1)]>(int, T3)",7.648,2026-09-10T01:16:05.712554,"2048,1,1","128,1,1",16,0,0,0,,,,,,,,,,,,,,,,,,,
triangle,python,"void at::native::elementwise_kernel<(int)128, (int)2, void at::native::gpu_kernel_impl_nocast<at::native::direct_copy_kernel_cuda(at::TensorIteratorBase &)::[lambda() (instance 3)]::operator ()() const::[lambda() (instance 7)]::operator ()() const::[lambda(float) (instance 1)]>(at::TensorIteratorBase &, const T1 &)::[lambda(int) (instance 1)]>(int, T3)",7.392,2026-09-10T01:16:05.712563,"2048,1,1","128,1,1",16,0,0,0,,,,,,,,,,,,,,,,,,,
triangle,python,ampere_sgemm_128x128_nn,13.761,2026-09-10T01:16:05.712571,"1,1,32","256,1,1",118,16640,16640,0,,,,,,,,,,,,,,,,,,,
triangle,python,"void at::native::elementwise_kernel<(int)128, (int)2, void at::native::gpu_kernel_impl_nocast<at::native::direct_copy_kernel_cuda(at::TensorIteratorBase &)::[lambda() (instance 3)]::operator ()() const::[lambda() (instance 7)]::operator ()() const::[lambda(float) (instance 1)]>(at::TensorIteratorBase &, const T1 &)::[lambda(int) (instance 1)]>(int, T3)",7.425,2026-09-10T01:16:05.712581,"2048,1,1","128,1,1",16,0,0,0,,,,,,,,,,,,,,,,,,,
triangle,python,"void at::native::elementwise_kernel<(int)128, (int)2, void at::native::gpu_kernel_impl_nocast<at::native::direct_copy_kernel_cuda(at::TensorIteratorBase &)::[lambda() (instance 3)]::operator ()() const::[lambda() (instance 7)]::operator ()() const::[lambda(float) (instance 1)]>(at::TensorIteratorBase &, const T1 &)::[lambda(int) (instance 1)]>(int, T3)",7.329,2026-09-10T01:16:05.712589,"2048,1,1","128,1,1",16,0,0,0,,,,,,,,,,,,,,,,,,,
triangle,python,ampere_sgemm_128x128_nn,13.73,2026-09-10T01:16:05.712598,"1,1,32","256,1,1",118,16640,16640,0,,,,,,,,,,,,,,,,,,,
triangle,python,"void at::native::elementwise_kernel<(int)128, (int)2, void at::native::gpu_kernel_impl_nocast<at::native::direct_copy_kernel_cuda(at::TensorIteratorBase &)::[lambda() (instance 3)]::operator ()() const::[lambda() (instance 7)]::operator ()() const::[lambda(float) (instance 1)]>(at::TensorIteratorBase &, const T1 &)::[lambda(int) (instance 1)]>(int, T3)",7.52,2026-09-10T01:16:05.712607,"2048,1,1","128,1,1",16,0,0,0,,,,,,,,,,,,,,,,,,,
triangle,python,"void at::native::elementwise_kernel<(int)128, (int)2, void at::native::gpu_kernel_impl_nocast<at::native::direct_copy_kernel_cuda(at::TensorIteratorBase &)::[lambda() (instance 3)]::operator ()() const::[lambda() (instance 7)]::operator ()() const::[lambda(float) (instance 1)]>(at::TensorIteratorBase &, const T1 &)::[lambda(int) (instance 1)]>(int, T3)",7.361,2026-09-10T01:16:05.712616,"2048,1,1","128,1,1",16,0,0,0,,,,,,,,,,,,,,,,,,,
triangle,python,ampere_sgemm_128x128_nn,13.73,2026-09-10T01:16:05.712627,"1,1,32","256,1,1",118,16640,16640,0,,,,,,,,,,,,,,,,,,,
triangle,python,"void at::native::elementwise_kernel<(int)128, (int)2, void at::native::gpu_kernel_impl_nocast<at::native::direct_copy_kernel_cuda(at::TensorIteratorBase &)::[lambda() (instance 3)]::operator ()() const::[lambda() (instance 7)]::operator ()() const::[lambda(float) (instance 1)]>(at::TensorIteratorBase &, const T1 &)::[lambda(int) (instance 1)]>(int, T3)",7.585,2026-09-10T01:16:05.712637,"2048,1,1","128,1,1",16,0,0,0,,,,,,,,,,,,,,,,,,,
triangle,python,"void at::native::elementwise_kernel<(int)128, (int)2, void at::native::gpu_kernel_impl_nocast<at::native::direct_copy_kernel_cuda(at::TensorIteratorBase &)::[lambda() (instance 3)]::operator ()() const::[lambda() (instance 7)]::operator ()() const::[lambda(float) (instance 1)]>(at::TensorIteratorBase &, const T1 &)::[lambda(int) (instance 1)]>(int, T3)",7.233,2026-09-10T01:16:05.712646,"2048,1,1","128,1,1",16,0,0,0,,,,,,,,,,,,,,,,,,,
triangle,python,ampere_sgemm_128x128_nn,13.729,2026-09-10T01:16:05.712655,"1,1,32","256,1,1",118,16640,16640,0,,,,,,,,,,,,,,,,,,,
triangle,python,"void at::native::elementwise_kernel<(int)128, (int)2, void at::native::gpu_kernel_impl_nocast<at::native::direct_copy_kernel_cuda(at::TensorIteratorBase &)::[lambda() (instance 3)]::operator ()() const::[lambda() (instance 7)]::operator ()() const::[lambda(float) (instance 1)]>(at::TensorIteratorBase &, const T1 &)::[lambda(int) (instance 1)]>(int, T3)",7.553,2026-09-10T01:16:05.712663,"2048,1,1","128,1,1",16,0,0,0,,,,,,,,,,,,,,,,,,,
triangle,python,"void at::native::elementwise_kernel<(int)128, (int)2, void at::native::gpu_kernel_impl_nocast<at::native::direct_copy_kernel_cuda(at::TensorIteratorBase &)::[lambda() (instance 3)]::operator ()() const::[lambda() (instance 7)]::operator ()() const::[lambda(float) (instance 1)]>(at::TensorIteratorBase &, const T1 &)::[lambda(int) (instance 1)]>(int, T3)",7.457,2026-09-10T01:16:05.712672,"2048,1,1","128,1,1",16,0,0,0,,,,,,,,,,,,,,,,,,,
triangle,python,ampere_sgemm_128x128_nn,13.698,2026-09-10T01:16:05.712680,"1,1,32","256,1,1",118,16640,16640,0,,,,,,,,,,,,,,,,,,,
triangle,python,"void at::native::elementwise_kernel<(int)128, (int)2, void at::native::gpu_kernel_impl_nocast<at::native::direct_copy_kernel_cuda(at::TensorIteratorBase &)::[lambda() (instance 3)]::operator ()() const::[lambda() (instance 7)]::operator ()() const::[lambda(float) (instance 1)]>(at::TensorIteratorBase &, const T1 &)::[lambda(int) (instance 1)]>(int, T3)",7.329,2026-09-10T01:16:05.712689,"2048,1,1","128,1,1",16,0,0,0,,,,,,,,,,,,,,,,,,,
triangle,python,"void at::native::elementwise_kernel<(int)128, (int)2, void at::native::gpu_kernel_impl_nocast<at::native::direct_copy_kernel_cuda(at::TensorIteratorBase &)::[lambda() (instance 3)]::operator ()() const::[lambda() (instance 7)]::operator ()() const::[lambda(float) (instance 1)]>(at::TensorIteratorBase &, const T1 &)::[lambda(int) (instance 1)]>(int, T3)",7.425,2026-09-10T01:16:05.712697,"2048,1,1","128,1,1",16,0,0,0,,,,,,,,,,,,,,,,,,,
triangle,python,ampere_sgemm_128x128_nn,13.73,2026-09-10T01:16:05.712706,"1,1,32","256,1,1",118,16640,16640,0,,,,,,,,,,,,,,,,,,,
triangle,python,"void at::native::elementwise_kernel<(int)128, (int)2, void at::native::gpu_kernel_impl_nocast<at::native::direct_copy_kernel_cuda(at::TensorIteratorBase &)::[lambda() (instance 3)]::operator ()() const::[lambda() (instance 7)]::operator ()() const::[lambda(float) (instance 1)]>(at::TensorIteratorBase &, const T1 &)::[lambda(int) (instance 1)]>(int, T3)",7.553,2026-09-10T01:16:05.712714,"2048,1,1","128,1,1",16,0,0,0,,,,,,,,,,,,,,,,,,,
triangle,python,"void at::native::elementwise_kernel<(int)128, (int)2, void at::native::gpu_kernel_impl_nocast<at::native::direct_copy_kernel_cuda(at::TensorIteratorBase &)::[lambda() (instance 3)]::operator ()() const::[lambda() (instance 7)]::operator ()() const::[lambda(float) (instance 1)]>(at::TensorIteratorBase &, const T1 &)::[lambda(int) (instance 1)]>(int, T3)",7.329,2026-09-10T01:16:05.712723,"2048,1,1","128,1,1",16,0,0,0,,,,,,,,,,,,,,,,,,,
triangle,python,ampere_sgemm_128x128_nn,13.698,2026-09-10T01:16:05.712732,"1,1,32","256,1,1",118,16640,16640,0,,,,,,,,,,,,,,,,,,,
triangle,python,"void at::native::elementwise_kernel<(int)128, (int)2, void at::native::gpu_kernel_impl_nocast<at::native::direct_copy_kernel_cuda(at::TensorIteratorBase &)::[lambda() (instance 3)]::operator ()() const::[lambda() (instance 7)]::operator ()() const::[lambda(float) (instance 1)]>(at::TensorIteratorBase &, const T1 &)::[lambda(int) (instance 1)]>(int, T3)",7.329,2026-09-10T01:16:05.712741,"2048,1,1","128,1,1",16,0,0,0,,,,,,,,,,,,,,,,,,,
triangle,python,"void at::native::elementwise_kernel<(int)128, (int)2, void at::native::gpu_kernel_impl_nocast<at::native::direct_copy_kernel_cuda(at::TensorIteratorBase &)::[lambda() (instance 3)]::operator ()() const::[lambda() (instance 7)]::operator ()() const::[lambda(float) (instance 1)]>(at::TensorIteratorBase &, const T1 &)::[lambda(int) (instance 1)]>(int, T3)",7.456,2026-09-10T01:16:05.712750,"2048,1,1","128,1,1",16,0,0,0,,,,,,,,,,,,,,,,,,,
triangle,python,ampere_sgemm_128x128_nn,13.762,2026-09-10T01:16:05.712759,"1,1,32","256,1,1",118,16640,16640,0,,,,,,,,,,,,,,,,,,,
triangle,python,"void at::native::elementwise_kernel<(int)128, (int)2, void at::native::gpu_kernel_impl_nocast<at::native::direct_copy_kernel_cuda(at::TensorIteratorBase &)::[lambda() (instance 3)]::operator ()() const::[lambda() (instance 7)]::operator ()() const::[lambda(float) (instance 1)]>(at::TensorIteratorBase &, const T1 &)::[lambda(int) (instance 1)]>(int, T3)",7.521,2026-09-10T01:16:05.712781,"2048,1,1","128,1,1",16,0,0,0,,,,,,,,,,,,,,,,,,,
triangle,python,"void at::native::elementwise_kernel<(int)128, (int)2, void at::native::gpu_kernel_impl_nocast<at::native::direct_copy_kernel_cuda(at::TensorIteratorBase &)::[lambda() (instance 3)]::operator ()() const::[lambda() (instance 7)]::operator ()() const::[lambda(float) (instance 1)]>(at::TensorIteratorBase &, const T1 &)::[lambda(int) (instance 1)]>(int, T3)",7.265,2026-09-10T01:16:05.712793,"2048,1,1","128,1,1",16,0,0,0,,,,,,,,,,,,,,,,,,,
triangle,python,ampere_sgemm_128x128_nn,13.73,2026-09-10T01:16:05.712803,"1,1,32","256,1,1",118,16640,16640,0,,,,,,,,,,,,,,,,,,,
triangle,python,"void at::native::elementwise_kernel<(int)128, (int)2, void at::native::gpu_kernel_impl_nocast<at::native::direct_copy_kernel_cuda(at::TensorIteratorBase &)::[lambda() (instance 3)]::operator ()() const::[lambda() (instance 7)]::operator ()() const::[lambda(float) (instance 1)]>(at::TensorIteratorBase &, const T1 &)::[lambda(int) (instance 1)]>(int, T3)",7.681,2026-09-10T01:16:05.712812,"2048,1,1","128,1,1",16,0,0,0,,,,,,,,,,,,,,,,,,,
triangle,python,"void at::native::elementwise_kernel<(int)128, (int)2, void at::native::gpu_kernel_impl_nocast<at::native::direct_copy_kernel_cuda(at::TensorIteratorBase &)::[lambda() (instance 3)]::operator ()() const::[lambda() (instance 7)]::operator ()() const::[lambda(float) (instance 1)]>(at::TensorIteratorBase &, const T1 &)::[lambda(int) (instance 1)]>(int, T3)",7.425,2026-09-10T01:16:05.712821,"2048,1,1","128,1,1",16,0,0,0,,,,,,,,,,,,,,,,,,,
triangle,python,ampere_sgemm_128x128_nn,13.826,2026-09-10T01:16:05.712830,"1,1,32","256,1,1",118,16640,16640,0,,,,,,,,,,,,,,,,,,,
triangle,python,"void at::native::elementwise_kernel<(int)128, (int)2, void at::native::gpu_kernel_impl_nocast<at::native::direct_copy_kernel_cuda(at::TensorIteratorBase &)::[lambda() (instance 3)]::operator ()() const::[lambda() (instance 7)]::operator ()() const::[lambda(float) (instance 1)]>(at::TensorIteratorBase &, const T1 &)::[lambda(int) (instance 1)]>(int, T3)",7.522,2026-09-10T01:16:05.712839,"2048,1,1","128,1,1",16,0,0,0,,,,,,,,,,,,,,,,,,,
triangle,python,"void at::native::elementwise_kernel<(int)128, (int)2, void at::native::gpu_kernel_impl_nocast<at::native::direct_copy_kernel_cuda(at::TensorIteratorBase &)::[lambda() (instance 3)]::operator ()() const::[lambda() (instance 7)]::operator ()() const::[lambda(float) (instance 1)]>(at::TensorIteratorBase &, const T1 &)::[lambda(int) (instance 1)]>(int, T3)",7.329,2026-09-10T01:16:05.712847,"2048,1,1","128,1,1",16,0,0,0,,,,,,,,,,,,,,,,,,,
triangle,python,ampere_sgemm_128x128_nn,13.761,2026-09-10T01:16:05.712856,"1,1,32","256,1,1",118,16640,16640,0,,,,,,,,,,,,,,,,,,,
triangle,python,"void at::native::elementwise_kernel<(int)128, (int)2, void at::native::gpu_kernel_impl_nocast<at::native::direct_copy_kernel_cuda(at::TensorIteratorBase &)::[lambda() (instance 3)]::operator ()() const::[lambda() (instance 7)]::operator ()() const::[lambda(float) (instance 1)]>(at::TensorIteratorBase &, const T1 &)::[lambda(int) (instance 1)]>(int, T3)",7.586,2026-09-10T01:16:05.712864,"2048,1,1","128,1,1",16,0,0,0,,,,,,,,,,,,,,,,,,,
triangle,python,"void at::native::elementwise_kernel<(int)128, (int)2, void at::native::gpu_kernel_impl_nocast<at::native::direct_copy_kernel_cuda(at::TensorIteratorBase &)::[lambda() (instance 3)]::operator ()() const::[lambda() (instance 7)]::operator ()() const::[lambda(float) (instance 1)]>(at::TensorIteratorBase &, const T1 &)::[lambda(int) (instance 1)]>(int, T3)",7.297,2026-09-10T01:16:05.712874,"2048,1,1","128,1,1",16,0,0,0,,,,,,,,,,,,,,,,,,,
triangle,python,ampere_sgemm_128x128_nn,13.73,2026-09-10T01:16:05.712883,"1,1,32","256,1,1",118,16640,16640,0,,,,,,,,,,,,,,,,,,,
triangle,python,"void at::native::elementwise_kernel<(int)128, (int)2, void at::native::gpu_kernel_impl_nocast<at::native::direct_copy_kernel_cuda(at::TensorIteratorBase &)::[lambda() (instance 3)]::operator ()() const::[lambda() (instance 7)]::operator ()() const::[lambda(float) (instance 1)]>(at::TensorIteratorBase &, const T1 &)::[lambda(int) (instance 1)]>(int, T3)",7.393,2026-09-10T01:16:05.712891,"2048,1,1","128,1,1",16,0,0,0,,,,,,,,,,,,,,,,,,,
triangle,python,"void at::native::elementwise_kernel<(int)128, (int)2, void at::native::gpu_kernel_impl_nocast<at::native::direct_copy_kernel_cuda(at::TensorIteratorBase &)::[lambda() (instance 3)]::operator ()() const::[lambda() (instance 7)]::operator ()() const::[lambda(float) (instance 1)]>(at::TensorIteratorBase &, const T1 &)::[lambda(int) (instance 1)]>(int, T3)",7.265,2026-09-10T01:16:05.712900,"2048,1,1","128,1,1",16,0,0,0,,,,,,,,,,,,,,,,,,,
triangle,python,ampere_sgemm_128x128_nn,13.73,2026-09-10T01:16:05.712908,"1,1,32","256,1,1",118,16640,16640,0,,,,,,,,,,,,,,,,,,,
triangle,python,"void at::native::elementwise_kernel<(int)128, (int)2, void at::native::gpu_kernel_impl_nocast<at::native::direct_copy_kernel_cuda(at::TensorIteratorBase &)::[lambda() (instance 3)]::operator ()() const::[lambda() (instance 7)]::operator ()() const::[lambda(float) (instance 1)]>(at::TensorIteratorBase &, const T1 &)::[lambda(int) (instance 1)]>(int, T3)",7.329,2026-09-10T01:16:05.712917,"2048,1,1","128,1,1",16,0,0,0,,,,,,,,,,,,,,,,,,,
triangle,python,"void at::native::elementwise_kernel<(int)128, (int)2, void at::native::gpu_kernel_impl_nocast<at::native::direct_copy_kernel_cuda(at::TensorIteratorBase &)::[lambda() (instance 3)]::operator ()() const::[lambda() (instance 7)]::operator ()() const::[lambda(float) (instance 1)]>(at::TensorIteratorBase &, const T1 &)::[lambda(int) (instance 1)]>(int, T3)",7.457,2026-09-10T01:16:05.712926,"2048,1,1","128,1,1",16,0,0,0,,,,,,,,,,,,,,,,,,,
triangle,python,ampere_sgemm_128x128_nn,13.73,2026-09-10T01:16:05.712935,"1,1,32","256,1,1",118,16640,16640,0,,,,,,,,,,,,,,,,,,,
triangle,python,"void at::native::elementwise_kernel<(int)128, (int)2, void at::native::gpu_kernel_impl_nocast<at::native::direct_copy_kernel_cuda(at::TensorIteratorBase &)::[lambda() (instance 3)]::operator ()() const::[lambda() (instance 7)]::operator ()() const::[lambda(float) (instance 1)]>(at::TensorIteratorBase &, const T1 &)::[lambda(int) (instance 1)]>(int, T3)",7.552,2026-09-10T01:16:05.712943,"2048,1,1","128,1,1",16,0,0,0,,,,,,,,,,,,,,,,,,,
triangle,python,"void at::native::elementwise_kernel<(int)128, (int)2, void at::native::gpu_kernel_impl_nocast<at::native::direct_copy_kernel_cuda(at::TensorIteratorBase &)::[lambda() (instance 3)]::operator ()() const::[lambda() (instance 7)]::operator ()() const::[lambda(float) (instance 1)]>(at::TensorIteratorBase &, const T1 &)::[lambda(int) (instance 1)]>(int, T3)",7.328,2026-09-10T01:16:05.712952,"2048,1,1","128,1,1",16,0,0,0,,,,,,,,,,,,,,,,,,,
triangle,python,ampere_sgemm_128x128_nn,13.73,2026-09-10T01:16:05.712960,"1,1,32","256,1,1",118,16640,16640,0,,,,,,,,,,,,,,,,,,,
triangle,python,"void at::native::elementwise_kernel<(int)128, (int)2, void at::native::gpu_kernel_impl_nocast<at::native::direct_copy_kernel_cuda(at::TensorIteratorBase &)::[lambda() (instance 3)]::operator ()() const::[lambda() (instance 7)]::operator ()() const::[lambda(float) (instance 1)]>(at::TensorIteratorBase &, const T1 &)::[lambda(int) (instance 1)]>(int, T3)",7.425,2026-09-10T01:16:05.712969,"2048,1,1","128,1,1",16,0,0,0,,,,,,,,,,,,,,,,,,,
triangle,python,"void at::native::elementwise_kernel<(int)128, (int)2, void at::native::gpu_kernel_impl_nocast<at::native::direct_copy_kernel_cuda(at::TensorIteratorBase &)::[lambda() (instance 3)]::operator ()() const::[lambda() (instance 7)]::operator ()() const::[lambda(float) (instance 1)]>(at::TensorIteratorBase &, const T1 &)::[lambda(int) (instance 1)]>(int, T3)",7.329,2026-09-10T01:16:05.712977,"2048,1,1","128,1,1",16,0,0,0,,,,,,,,,,,,,,,,,,,
triangle,python,ampere_sgemm_128x128_nn,13.762,2026-09-10T01:16:05.712987,"1,1,32","256,1,1",118,16640,16640,0,,,,,,,,,,,,,,,,,,,
triangle,python,"void at::native::elementwise_kernel<(int)128, (int)2, void at::native::gpu_kernel_impl_nocast<at::native::direct_copy_kernel_cuda(at::TensorIteratorBase &)::[lambda() (instance 3)]::operator ()() const::[lambda() (instance 7)]::operator ()() const::[lambda(float) (instance 1)]>(at::TensorIteratorBase &, const T1 &)::[lambda(int) (instance 1)]>(int, T3)",7.553,2026-09-10T01:16:05.712995,"2048,1,1","128,1,1",16,0,0,0,,,,,,,,,,,,,,,,,,,
triangle,python,"void at::native::elementwise_kernel<(int)128, (int)2, void at::native::gpu_kernel_impl_nocast<at::native::direct_copy_kernel_cuda(at::TensorIteratorBase &)::[lambda() (instance 3)]::operator ()() const::[lambda() (instance 7)]::operator ()() const::[lambda(float) (instance 1)]>(at::TensorIteratorBase &, const T1 &)::[lambda(int) (instance 1)]>(int, T3)",7.361,2026-09-10T01:16:05.713004,"2048,1,1","128,1,1",16,0,0,0,,,,,,,,,,,,,,,,,,,
triangle,python,ampere_sgemm_128x128_nn,13.762,2026-09-10T01:16:05.713012,"1,1,32","256,1,1",118,16640,16640,0,,,,,,,,,,,,,,,,,,,
triangle,python,"void at::native::elementwise_kernel<(int)128, (int)2, void at::native::gpu_kernel_impl_nocast<at::native::direct_copy_kernel_cuda(at::TensorIteratorBase &)::[lambda() (instance 3)]::operator ()() const::[lambda() (instance 7)]::operator ()() const::[lambda(float) (instance 1)]>(at::TensorIteratorBase &, const T1 &)::[lambda(int) (instance 1)]>(int, T3)",7.425,2026-09-10T01:16:05.713021,"2048,1,1","128,1,1",16,0,0,0,,,,,,,,,,,,,,,,,,,
triangle,python,"void at::native::elementwise_kernel<(int)128, (int)2, void at::native::gpu_kernel_impl_nocast<at::native::direct_copy_kernel_cuda(at::TensorIteratorBase &)::[lambda() (instance 3)]::operator ()() const::[lambda() (instance 7)]::operator ()() const::[lambda(float) (instance 1)]>(at::TensorIteratorBase &, const T1 &)::[lambda(int) (instance 1)]>(int, T3)",7.296,2026-09-10T01:16:05.713029,"2048,1,1","128,1,1",16,0,0,0,,,,,,,,,,,,,,,,,,,
triangle,python,ampere_sgemm_128x128_nn,13.761,2026-09-10T01:16:05.713043,"1,1,32","256,1,1",118,16640,16640,0,,,,,,,,,,,,,,,,,,,
neighbor,rust,neighbor,12.727,2026-09-10T01:16:07.027198,"1024,1,1","256,1,1",24,0,0,0,,,,,,,,,,,,,,,,,,,
neighbor,rust,neighbor,10.009,2026-09-10T01:16:07.027214,"1024,1,1","256,1,1",24,0,0,0,,,,,,,,,,,,,,,,,,,
neighbor,rust,neighbor,10.073,2026-09-10T01:16:07.027224,"1024,1,1","256,1,1",24,0,0,0,,,,,,,,,,,,,,,,,,,
neighbor,rust,neighbor,10.105,2026-09-10T01:16:07.027233,"1024,1,1","256,1,1",24,0,0,0,,,,,,,,,,,,,,,,,,,
neighbor,rust,neighbor,10.297,2026-09-10T01:16:07.027242,"1024,1,1","256,1,1",24,0,0,0,,,,,,,,,,,,,,,,,,,
neighbor,rust,neighbor,10.265,2026-09-10T01:16:07.027251,"1024,1,1","256,1,1",24,0,0,0,,,,,,,,,,,,,,,,,,,
neighbor,rust,neighbor,10.712,2026-09-10T01:16:07.027259,"1024,1,1","256,1,1",24,0,0,0,,,,,,,,,,,,,,,,,,,
neighbor,rust,neighbor,10.392,2026-09-10T01:16:07.027268,"1024,1,1","256,1,1",24,0,0,0,,,,,,,,,,,,,,,,,,,
neighbor,rust,neighbor,10.489,2026-09-10T01:16:07.027277,"1024,1,1","256,1,1",24,0,0,0,,,,,,,,,,,,,,,,,,,
neighbor,rust,neighbor,10.553,2026-09-10T01:16:07.027286,"1024,1,1","256,1,1",24,0,0,0,,,,,,,,,,,,,,,,,,,
neighbor,rust,neighbor,10.298,2026-09-10T01:16:07.027294,"1024,1,1","256,1,1",24,0,0,0,,,,,,,,,,,,,,,,,,,
neighbor,rust,neighbor,10.361,2026-09-10T01:16:07.027303,"1024,1,1","256,1,1",24,0,0,0,,,,,,,,,,,,,,,,,,,
neighbor,rust,neighbor,10.201,2026-09-10T01:16:07.027311,"1024,1,1","256,1,1",24,0,0,0,,,,,,,,,,,,,,,,,,,
neighbor,rust,neighbor,10.233,2026-09-10T01:16:07.027320,"1024,1,1","256,1,1",24,0,0,0,,,,,,,,,,,,,,,,,,,
neighbor,rust,neighbor,10.393,2026-09-10T01:16:07.027328,"1024,1,1","256,1,1",24,0,0,0,,,,,,,,,,,,,,,,,,,
neighbor,rust,neighbor,10.105,2026-09-10T01:16:07.027337,"1024,1,1","256,1,1",24,0,0,0,,,,,,,,,,,,,,,,,,,
neighbor,rust,neighbor,10.425,2026-09-10T01:16:07.027345,"1024,1,1","256,1,1",24,0,0,0,,,,,,,,,,,,,,,,,,,
neighbor,rust,neighbor,10.36,2026-09-10T01:16:07.027354,"1024,1,1","256,1,1",24,0,0,0,,,,,,,,,,,,,,,,,,,
neighbor,rust,neighbor,10.425,2026-09-10T01:16:07.027391,"1024,1,1","256,1,1",24,0,0,0,,,,,,,,,,,,,,,,,,,
neighbor,rust,neighbor,10.489,2026-09-10T01:16:07.027402,"1024,1,1","256,1,1",24,0,0,0,,,,,,,,,,,,,,,,,,,
neighbor,rust,neighbor,10.329,2026-09-10T01:16:07.027412,"1024,1,1","256,1,1",24,0,0,0,,,,,,,,,,,,,,,,,,,
neighbor,rust,neighbor,10.329,2026-09-10T01:16:07.027420,"1024,1,1","256,1,1",24,0,0,0,,,,,,,,,,,,,,,,,,,
neighbor,rust,neighbor,10.584,2026-09-10T01:16:07.027429,"1024,1,1","256,1,1",24,0,0,0,,,,,,,,,,,,,,,,,,,
neighbor,rust,neighbor,10.297,2026-09-10T01:16:07.027438,"1024,1,1","256,1,1",24,0,0,0,,,,,,,,,,,,,,,,,,,
neighbor,rust,neighbor,10.265,2026-09-10T01:16:07.027447,"1024,1,1","256,1,1",24,0,0,0,,,,,,,,,,,,,,,,,,,
neighbor,rust,neighbor,10.265,2026-09-10T01:16:07.027455,"1024,1,1","256,1,1",24,0,0,0,,,,,,,,,,,,,,,,,,,
neighbor,rust,neighbor,10.265,2026-09-10T01:16:07.027464,"1024,1,1","256,1,1",24,0,0,0,,,,,,,,,,,,,,,,,,,
neighbor,rust,neighbor,10.553,2026-09-10T01:16:07.027472,"1024,1,1","256,1,1",24,0,0,0,,,,,,,,,,,,,,,,,,,
neighbor,rust,neighbor,10.233,2026-09-10T01:16:07.027480,"1024,1,1","256,1,1",24,0,0,0,,,,,,,,,,,,,,,,,,,
neighbor,rust,neighbor,10.042,2026-09-10T01:16:07.027489,"1024,1,1","256,1,1",24,0,0,0,,,,,,,,,,,,,,,,,,,
neighbor,rust,neighbor,10.297,2026-09-10T01:16:07.027497,"1024,1,1","256,1,1",24,0,0,0,,,,,,,,,,,,,,,,,,,
neighbor,rust,neighbor,10.042,2026-09-10T01:16:07.027506,"1024,1,1","256,1,1",24,0,0,0,,,,,,,,,,,,,,,,,,,
neighbor,rust,neighbor,10.138,2026-09-10T01:16:07.027514,"1024,1,1","256,1,1",24,0,0,0,,,,,,,,,,,,,,,,,,,
neighbor,rust,neighbor,10.425,2026-09-10T01:16:07.027523,"1024,1,1","256,1,1",24,0,0,0,,,,,,,,,,,,,,,,,,,
neighbor,rust,neighbor,10.202,2026-09-10T01:16:07.027532,"1024,1,1","256,1,1",24,0,0,0,,,,,,,,,,,,,,,,,,,
neighbor,rust,neighbor,10.33,2026-09-10T01:16:07.027540,"1024,1,1","256,1,1",24,0,0,0,,,,,,,,,,,,,,,,,,,
neighbor,rust,neighbor,10.233,2026-09-10T01:16:07.027644,"1024,1,1","256,1,1",24,0,0,0,,,,,,,,,,,,,,,,,,,
neighbor,rust,neighbor,10.361,2026-09-10T01:16:07.027653,"1024,1,1","256,1,1",24,0,0,0,,,,,,,,,,,,,,,,,,,
neighbor,rust,neighbor,10.233,2026-09-10T01:16:07.027662,"1024,1,1","256,1,1",24,0,0,0,,,,,,,,,,,,,,,,,,,
neighbor,rust,neighbor,10.201,2026-09-10T01:16:07.027671,"1024,1,1","256,1,1",24,0,0,0,,,,,,,,,,,,,,,,,,,
neighbor,rust,neighbor,10.202,2026-09-10T01:16:07.027679,"1024,1,1","256,1,1",24,0,0,0,,,,,,,,,,,,,,,,,,,
neighbor,rust,neighbor,10.713,2026-09-10T01:16:07.027688,"1024,1,1","256,1,1",24,0,0,0,,,,,,,,,,,,,,,,,,,
neighbor,rust,neighbor,10.361,2026-09-10T01:16:07.027697,"1024,1,1","256,1,1",24,0,0,0,,,,,,,,,,,,,,,,,,,
neighbor,rust,neighbor,10.297,2026-09-10T01:16:07.027706,"1024,1,1","256,1,1",24,0,0,0,,,,,,,,,,,,,,,,,,,
neighbor,rust,neighbor,10.105,2026-09-10T01:16:07.027714,"1024,1,1","256,1,1",24,0,0,0,,,,,,,,,,,,,,,,,,,
neighbor,rust,neighbor,10.393,2026-09-10T01:16:07.027723,"1024,1,1","256,1,1",24,0,0,0,,,,,,,,,,,,,,,,,,,
neighbor,rust,neighbor,10.233,2026-09-10T01:16:07.027731,"1024,1,1","256,1,1",24,0,0,0,,,,,,,,,,,,,,,,,,,
neighbor,rust,neighbor,10.201,2026-09-10T01:16:07.027740,"1024,1,1","256,1,1",24,0,0,0,,,,,,,,,,,,,,,,,,,
neighbor,rust,neighbor,10.457,2026-09-10T01:16:07.027748,"1024,1,1","256,1,1",24,0,0,0,,,,,,,,,,,,,,,,,,,
neighbor,rust,neighbor,10.361,2026-09-10T01:16:07.027757,"1024,1,1","256,1,1",24,0,0,0,,,,,,,,,,,,,,,,,,,
neighbor,rust,neighbor,10.201,2026-09-10T01:16:07.027766,"1024,1,1","256,1,1",24,0,0,0,,,,,,,,,,,,,,,,,,,
neighbor,rust,neighbor,10.425,2026-09-10T01:16:07.027774,"1024,1,1","256,1,1",24,0,0,0,,,,,,,,,,,,,,,,,,,
neighbor,rust,neighbor,10.201,2026-09-10T01:16:07.027783,"1024,1,1","256,1,1",24,0,0,0,,,,,,,,,,,,,,,,,,,
neighbor,rust,neighbor,10.521,2026-09-10T01:16:07.027791,"1024,1,1","256,1,1",24,0,0,0,,,,,,,,,,,,,,,,,,,
neighbor,rust,neighbor,10.457,2026-09-10T01:16:07.027799,"1024,1,1","256,1,1",24,0,0,0,,,,,,,,,,,,,,,,,,,
neighbor,rust,neighbor,10.137,2026-09-10T01:16:07.027808,"1024,1,1","256,1,1",24,0,0,0,,,,,,,,,,,,,,,,,,,
neighbor,rust,neighbor,10.362,2026-09-10T01:16:07.027816,"1024,1,1","256,1,1",24,0,0,0,,,,,,,,,,,,,,,,,,,
neighbor,rust,neighbor,10.297,2026-09-10T01:16:07.027825,"1024,1,1","256,1,1",24,0,0,0,,,,,,,,,,,,,,,,,,,
neighbor,rust,neighbor,10.137,2026-09-10T01:16:07.027833,"1024,1,1","256,1,1",24,0,0,0,,,,,,,,,,,,,,,,,,,
neighbor,rust,neighbor,10.297,2026-09-10T01:16:07.027842,"1024,1,1","256,1,1",24,0,0,0,,,,,,,,,,,,,,,,,,,
neighbor,rust,neighbor,10.234,2026-09-10T01:16:07.027850,"1024,1,1","256,1,1",24,0,0,0,,,,,,,,,,,,,,,,,,,
neighbor,rust,neighbor,10.329,2026-09-10T01:16:07.027859,"1024,1,1","256,1,1",24,0,0,0,,,,,,,,,,,,,,,,,,,
neighbor,rust,neighbor,10.297,2026-09-10T01:16:07.027868,"1024,1,1","256,1,1",24,0,0,0,,,,,,,,,,,,,,,,,,,
neighbor,rust,neighbor,10.33,2026-09-10T01:16:07.027876,"1024,1,1","256,1,1",24,0,0,0,,,,,,,,,,,,,,,,,,,
neighbor,rust,neighbor,10.649,2026-09-10T01:16:07.027885,"1024,1,1","256,1,1",24,0,0,0,,,,,,,,,,,,,,,,,,,
neighbor,rust,neighbor,10.265,2026-09-10T01:16:07.027893,"1024,1,1","256,1,1",24,0,0,0,,,,,,,,,,,,,,,,,,,
neighbor,rust,neighbor,10.33,2026-09-10T01:16:07.027902,"1024,1,1","256,1,1",24,0,0,0,,,,,,,,,,,,,,,,,,,
neighbor,rust,neighbor,10.425,2026-09-10T01:16:07.027910,"1024,1,1","256,1,1",24,0,0,0,,,,,,,,,,,,,,,,,,,
neighbor,rust,neighbor,10.169,2026-09-10T01:16:07.027919,"1024,1,1","256,1,1",24,0,0,0,,,,,,,,,,,,,,,,,,,
neighbor,rust,neighbor,10.105,2026-09-10T01:16:07.027927,"1024,1,1","256,1,1",24,0,0,0,,,,,,,,,,,,,,,,,,,
neighbor,rust,neighbor,10.457,2026-09-10T01:16:07.027936,"1024,1,1","256,1,1",24,0,0,0,,,,,,,,,,,,,,,,,,,
neighbor,rust,neighbor,10.233,2026-09-10T01:16:07.027944,"1024,1,1","256,1,1",24,0,0,0,,,,,,,,,,,,,,,,,,,
neighbor,rust,neighbor,10.009,2026-09-10T01:16:07.027952,"1024,1,1","256,1,1",24,0,0,0,,,,,,,,,,,,,,,,,,,
neighbor,rust,neighbor,10.266,2026-09-10T01:16:07.027961,"1024,1,1","256,1,1",24,0,0,0,,,,,,,,,,,,,,,,,,,
neighbor,rust,neighbor,10.105,2026-09-10T01:16:07.027969,"1024,1,1","256,1,1",24,0,0,0,,,,,,,,,,,,,,,,,,,
neighbor,rust,neighbor,10.201,2026-09-10T01:16:07.028034,"1024,1,1","256,1,1",24,0,0,0,,,,,,,,,,,,,,,,,,,
neighbor,rust,neighbor,10.297,2026-09-10T01:16:07.028044,"1024,1,1","256,1,1",24,0,0,0,,,,,,,,,,,,,,,,,,,
neighbor,rust,neighbor,10.361,2026-09-10T01:16:07.028054,"1024,1,1","256,1,1",24,0,0,0,,,,,,,,,,,,,,,,,,,
neighbor,rust,neighbor,10.233,2026-09-10T01:16:07.028062,"1024,1,1","256,1,1",24,0,0,0,,,,,,,,,,,,,,,,,,,
neighbor,rust,neighbor,10.329,2026-09-10T01:16:07.028071,"1024,1,1","256,1,1",24,0,0,0,,,,,,,,,,,,,,,,,,,
neighbor,rust,neighbor,10.233,2026-09-10T01:16:07.028080,"1024,1,1","256,1,1",24,0,0,0,,,,,,,,,,,,,,,,,,,
neighbor,rust,neighbor,10.233,2026-09-10T01:16:07.028088,"1024,1,1","256,1,1",24,0,0,0,,,,,,,,,,,,,,,,,,,
neighbor,rust,neighbor,10.521,2026-09-10T01:16:07.028097,"1024,1,1","256,1,1",24,0,0,0,,,,,,,,,,,,,,,,,,,
neighbor,rust,neighbor,10.233,2026-09-10T01:16:07.028106,"1024,1,1","256,1,1",24,0,0,0,,,,,,,,,,,,,,,,,,,
neighbor,rust,neighbor,10.137,2026-09-10T01:16:07.028195,"1024,1,1","256,1,1",24,0,0,0,,,,,,,,,,,,,,,,,,,
neighbor,rust,neighbor,10.425,2026-09-10T01:16:07.028204,"1024,1,1","256,1,1",24,0,0,0,,,,,,,,,,,,,,,,,,,
neighbor,rust,neighbor,10.202,2026-09-10T01:16:07.028214,"1024,1,1","256,1,1",24,0,0,0,,,,,,,,,,,,,,,,,,,
neighbor,rust,neighbor,10.201,2026-09-10T01:16:07.028222,"1024,1,1","256,1,1",24,0,0,0,,,,,,,,,,,,,,,,,,,
neighbor,rust,neighbor,10.265,2026-09-10T01:16:07.028231,"1024,1,1","256,1,1",24,0,0,0,,,,,,,,,,,,,,,,,,,
neighbor,rust,neighbor,10.265,2026-09-10T01:16:07.028239,"1024,1,1","256,1,1",24,0,0,0,,,,,,,,,,,,,,,,,,,
neighbor,rust,neighbor,10.265,2026-09-10T01:16:07.028248,"1024,1,1","256,1,1",24,0,0,0,,,,,,,,,,,,,,,,,,,
neighbor,rust,neighbor,10.553,2026-09-10T01:16:07.028333,"1024,1,1","256,1,1",24,0,0,0,,,,,,,,,,,,,,,,,,,
neighbor,rust,neighbor,10.265,2026-09-10T01:16:07.028343,"1024,1,1","256,1,1",24,0,0,0,,,,,,,,,,,,,,,,,,,
neighbor,rust,neighbor,10.297,2026-09-10T01:16:07.028352,"1024,1,1","256,1,1",24,0,0,0,,,,,,,,,,,,,,,,,,,
neighbor,rust,neighbor,10.553,2026-09-10T01:16:07.028388,"1024,1,1","256,1,1",24,0,0,0,,,,,,,,,,,,,,,,,,,
neighbor,rust,neighbor,10.553,2026-09-10T01:16:07.028400,"1024,1,1","256,1,1",24,0,0,0,,,,,,,,,,,,,,,,,,,
neighbor,rust,neighbor,10.393,2026-09-10T01:16:07.028410,"1024,1,1","256,1,1",24,0,0,0,,,,,,,,,,,,,,,,,,,
neighbor,rust,neighbor,10.297,2026-09-10T01:16:07.028420,"1024,1,1","256,1,1",24,0,0,0,,,,,,,,,,,,,,,,,,,
neighbor,rust,neighbor,10.2,2026-09-10T01:16:07.028429,"1024,1,1","256,1,1",24,0,0,0,,,,,,,,,,,,,,,,,,,
neighbor,rust,neighbor,10.201,2026-09-10T01:16:07.028443,"1024,1,1","256,1,1",24,0,0,0,,,,,,,,,,,,,,,,,,,
neighbor,python,"void at::native::vectorized_elementwise_kernel<(int)4, at::native::FillFunctor<float>, std::array<char *, (unsigned long)1>>(int, T2, T3)",1.438,2026-09-10T01:16:09.342973,"256,1,1","128,1,1",16,0,0,0,,,,,,,,,,,,,,,,,,,
neighbor,python,"void at::native::vectorized_gather_kernel<(int)16, long>(char *, char *, T2 *, int, long, long, long, long, bool)",34.228,2026-09-10T01:16:09.342989,"65536,1,1","32,1,1",24,0,0,0,,,,,,,,,,,,,,,,,,,
neighbor,python,"void at::native::elementwise_kernel<(int)128, (int)2, void at::native::gpu_kernel_impl_nocast<at::native::BinaryFunctor<float, float, float, at::native::binary_internal::MulFunctor<float>>>(at::TensorIteratorBase &, const T1 &)::[lambda(int) (instance 1)]>(int, T3)",13.135,2026-09-10T01:16:09.342998,"16384,1,1","128,1,1",16,0,0,0,,,,,,,,,,,,,,,,,,,
neighbor,python,"void at::native::indexFuncLargeIndex<float, long, unsigned int, (int)2, (int)2, (int)-2, (bool)1, at::native::<unnamed>::ReduceAdd>(at::cuda::detail::TensorInfo<T1, T3>, at::cuda::detail::TensorInfo<const T1, T3>, at::cuda::detail::TensorInfo<const T2, T3>, int, int, T3, T3, long, long, const T8 &, T1)",23.714,2026-09-10T01:16:09.343007,"1024,1,1","128,1,1",24,0,0,0,,,,,,,,,,,,,,,,,,,
neighbor,python,"void at::native::vectorized_elementwise_kernel<(int)4, at::native::FillFunctor<float>, std::array<char *, (unsigned long)1>>(int, T2, T3)",1.183,2026-09-10T01:16:09.343016,"256,1,1","128,1,1",16,0,0,0,,,,,,,,,,,,,,,,,,,
neighbor,python,"void at::native::vectorized_gather_kernel<(int)16, long>(char *, char *, T2 *, int, long, long, long, long, bool)",33.941,2026-09-10T01:16:09.343025,"65536,1,1","32,1,1",24,0,0,0,,,,,,,,,,,,,,,,,,,
neighbor,python,"void at::native::elementwise_kernel<(int)128, (int)2, void at::native::gpu_kernel_impl_nocast<at::native::BinaryFunctor<float, float, float, at::native::binary_internal::MulFunctor<float>>>(at::TensorIteratorBase &, const T1 &)::[lambda(int) (instance 1)]>(int, T3)",10.227,2026-09-10T01:16:09.343033,"16384,1,1","128,1,1",16,0,0,0,,,,,,,,,,,,,,,,,,,
neighbor,python,"void at::native::indexFuncLargeIndex<float, long, unsigned int, (int)2, (int)2, (int)-2, (bool)1, at::native::<unnamed>::ReduceAdd>(at::cuda::detail::TensorInfo<T1, T3>, at::cuda::detail::TensorInfo<const T1, T3>, at::cuda::detail::TensorInfo<const T2, T3>, int, int, T3, T3, long, long, const T8 &, T1)",21.636,2026-09-10T01:16:09.343042,"1024,1,1","128,1,1",24,0,0,0,,,,,,,,,,,,,,,,,,,
neighbor,python,"void at::native::vectorized_elementwise_kernel<(int)4, at::native::FillFunctor<float>, std::array<char *, (unsigned long)1>>(int, T2, T3)",1.182,2026-09-10T01:16:09.343050,"256,1,1","128,1,1",16,0,0,0,,,,,,,,,,,,,,,,,,,
neighbor,python,"void at::native::vectorized_gather_kernel<(int)16, long>(char *, char *, T2 *, int, long, long, long, long, bool)",33.94,2026-09-10T01:16:09.343059,"65536,1,1","32,1,1",24,0,0,0,,,,,,,,,,,,,,,,,,,
neighbor,python,"void at::native::elementwise_kernel<(int)128, (int)2, void at::native::gpu_kernel_impl_nocast<at::native::BinaryFunctor<float, float, float, at::native::binary_internal::MulFunctor<float>>>(at::TensorIteratorBase &, const T1 &)::[lambda(int) (instance 1)]>(int, T3)",10.227,2026-09-10T01:16:09.343068,"16384,1,1","128,1,1",16,0,0,0,,,,,,,,,,,,,,,,,,,
neighbor,python,"void at::native::indexFuncLargeIndex<float, long, unsigned int, (int)2, (int)2, (int)-2, (bool)1, at::native::<unnamed>::ReduceAdd>(at::cuda::detail::TensorInfo<T1, T3>, at::cuda::detail::TensorInfo<const T1, T3>, at::cuda::detail::TensorInfo<const T2, T3>, int, int, T3, T3, long, long, const T8 &, T1)",21.668,2026-09-10T01:16:09.343076,"1024,1,1","128,1,1",24,0,0,0,,,,,,,,,,,,,,,,,,,
neighbor,python,"void at::native::vectorized_elementwise_kernel<(int)4, at::native::FillFunctor<float>, std::array<char *, (unsigned long)1>>(int, T2, T3)",1.15,2026-09-10T01:16:09.343085,"256,1,1","128,1,1",16,0,0,0,,,,,,,,,,,,,,,,,,,
neighbor,python,"void at::native::vectorized_gather_kernel<(int)16, long>(char *, char *, T2 *, int, long, long, long, long, bool)",33.94,2026-09-10T01:16:09.343093,"65536,1,1","32,1,1",24,0,0,0,,,,,,,,,,,,,,,,,,,
neighbor,python,"void at::native::elementwise_kernel<(int)128, (int)2, void at::native::gpu_kernel_impl_nocast<at::native::BinaryFunctor<float, float, float, at::native::binary_internal::MulFunctor<float>>>(at::TensorIteratorBase &, const T1 &)::[lambda(int) (instance 1)]>(int, T3)",10.226,2026-09-10T01:16:09.343101,"16384,1,1","128,1,1",16,0,0,0,,,,,,,,,,,,,,,,,,,
neighbor,python,"void at::native::indexFuncLargeIndex<float, long, unsigned int, (int)2, (int)2, (int)-2, (bool)1, at::native::<unnamed>::ReduceAdd>(at::cuda::detail::TensorInfo<T1, T3>, at::cuda::detail::TensorInfo<const T1, T3>, at::cuda::detail::TensorInfo<const T2, T3>, int, int, T3, T3, long, long, const T8 &, T1)",21.572,2026-09-10T01:16:09.343110,"1024,1,1","128,1,1",24,0,0,0,,,,,,,,,,,,,,,,,,,
neighbor,python,"void at::native::vectorized_elementwise_kernel<(int)4, at::native::FillFunctor<float>, std::array<char *, (unsigned long)1>>(int, T2, T3)",1.15,2026-09-10T01:16:09.343118,"256,1,1","128,1,1",16,0,0,0,,,,,,,,,,,,,,,,,,,
neighbor,python,"void at::native::vectorized_gather_kernel<(int)16, long>(char *, char *, T2 *, int, long, long, long, long, bool)",33.941,2026-09-10T01:16:09.343127,"65536,1,1","32,1,1",24,0,0,0,,,,,,,,,,,,,,,,,,,
neighbor,python,"void at::native::elementwise_kernel<(int)128, (int)2, void at::native::gpu_kernel_impl_nocast<at::native::BinaryFunctor<float, float, float, at::native::binary_internal::MulFunctor<float>>>(at::TensorIteratorBase &, const T1 &)::[lambda(int) (instance 1)]>(int, T3)",10.227,2026-09-10T01:16:09.343135,"16384,1,1","128,1,1",16,0,0,0,,,,,,,,,,,,,,,,,,,
neighbor,python,"void at::native::indexFuncLargeIndex<float, long, unsigned int, (int)2, (int)2, (int)-2, (bool)1, at::native::<unnamed>::ReduceAdd>(at::cuda::detail::TensorInfo<T1, T3>, at::cuda::detail::TensorInfo<const T1, T3>, at::cuda::detail::TensorInfo<const T2, T3>, int, int, T3, T3, long, long, const T8 &, T1)",21.605,2026-09-10T01:16:09.343144,"1024,1,1","128,1,1",24,0,0,0,,,,,,,,,,,,,,,,,,,
neighbor,python,"void at::native::vectorized_elementwise_kernel<(int)4, at::native::FillFunctor<float>, std::array<char *, (unsigned long)1>>(int, T2, T3)",1.182,2026-09-10T01:16:09.343152,"256,1,1","128,1,1",16,0,0,0,,,,,,,,,,,,,,,,,,,
neighbor,python,"void at::native::vectorized_gather_kernel<(int)16, long>(char *, char *, T2 *, int, long, long, long, long, bool)",33.94,2026-09-10T01:16:09.343161,"65536,1,1","32,1,1",24,0,0,0,,,,,,,,,,,,,,,,,,,
neighbor,python,"void at::native::elementwise_kernel<(int)128, (int)2, void at::native::gpu_kernel_impl_nocast<at::native::BinaryFunctor<float, float, float, at::native::binary_internal::MulFunctor<float>>>(at::TensorIteratorBase &, const T1 &)::[lambda(int) (instance 1)]>(int, T3)",10.227,2026-09-10T01:16:09.343169,"16384,1,1","128,1,1",16,0,0,0,,,,,,,,,,,,,,,,,,,
neighbor,python,"void at::native::indexFuncLargeIndex<float, long, unsigned int, (int)2, (int)2, (int)-2, (bool)1, at::native::<unnamed>::ReduceAdd>(at::cuda::detail::TensorInfo<T1, T3>, at::cuda::detail::TensorInfo<const T1, T3>, at::cuda::detail::TensorInfo<const T2, T3>, int, int, T3, T3, long, long, const T8 &, T1)",21.54,2026-09-10T01:16:09.343177,"1024,1,1","128,1,1",24,0,0,0,,,,,,,,,,,,,,,,,,,
neighbor,python,"void at::native::vectorized_elementwise_kernel<(int)4, at::native::FillFunctor<float>, std::array<char *, (unsigned long)1>>(int, T2, T3)",1.182,2026-09-10T01:16:09.343186,"256,1,1","128,1,1",16,0,0,0,,,,,,,,,,,,,,,,,,,
neighbor,python,"void at::native::vectorized_gather_kernel<(int)16, long>(char *, char *, T2 *, int, long, long, long, long, bool)",33.94,2026-09-10T01:16:09.343195,"65536,1,1","32,1,1",24,0,0,0,,,,,,,,,,,,,,,,,,,
neighbor,python,"void at::native::elementwise_kernel<(int)128, (int)2, void at::native::gpu_kernel_impl_nocast<at::native::BinaryFunctor<float, float, float, at::native::binary_internal::MulFunctor<float>>>(at::TensorIteratorBase &, const T1 &)::[lambda(int) (instance 1)]>(int, T3)",10.195,2026-09-10T01:16:09.343204,"16384,1,1","128,1,1",16,0,0,0,,,,,,,,,,,,,,,,,,,
neighbor,python,"void at::native::indexFuncLargeIndex<float, long, unsigned int, (int)2, (int)2, (int)-2, (bool)1, at::native::<unnamed>::ReduceAdd>(at::cuda::detail::TensorInfo<T1, T3>, at::cuda::detail::TensorInfo<const T1, T3>, at::cuda::detail::TensorInfo<const T2, T3>, int, int, T3, T3, long, long, const T8 &, T1)",21.412,2026-09-10T01:16:09.343212,"1024,1,1","128,1,1",24,0,0,0,,,,,,,,,,,,,,,,,,,
neighbor,python,"void at::native::vectorized_elementwise_kernel<(int)4, at::native::FillFunctor<float>, std::array<char *, (unsigned long)1>>(int, T2, T3)",1.182,2026-09-10T01:16:09.343221,"256,1,1","128,1,1",16,0,0,0,,,,,,,,,,,,,,,,,,,
neighbor,python,"void at::native::vectorized_gather_kernel<(int)16, long>(char *, char *, T2 *, int, long, long, long, long, bool)",33.94,2026-09-10T01:16:09.343229,"65536,1,1","32,1,1",24,0,0,0,,,,,,,,,,,,,,,,,,,
neighbor,python,"void at::native::elementwise_kernel<(int)128, (int)2, void at::native::gpu_kernel_impl_nocast<at::native::BinaryFunctor<float, float, float, at::native::binary_internal::MulFunctor<float>>>(at::TensorIteratorBase &, const T1 &)::[lambda(int) (instance 1)]>(int, T3)",10.227,2026-09-10T01:16:09.343238,"16384,1,1","128,1,1",16,0,0,0,,,,,,,,,,,,,,,,,,,
neighbor,python,"void at::native::indexFuncLargeIndex<float, long, unsigned int, (int)2, (int)2, (int)-2, (bool)1, at::native::<unnamed>::ReduceAdd>(at::cuda::detail::TensorInfo<T1, T3>, at::cuda::detail::TensorInfo<const T1, T3>, at::cuda::detail::TensorInfo<const T2, T3>, int, int, T3, T3, long, long, const T8 &, T1)",21.541,2026-09-10T01:16:09.343246,"1024,1,1","128,1,1",24,0,0,0,,,,,,,,,,,,,,,,,,,
neighbor,python,"void at::native::vectorized_elementwise_kernel<(int)4, at::native::FillFunctor<float>, std::array<char *, (unsigned long)1>>(int, T2, T3)",1.15,2026-09-10T01:16:09.343255,"256,1,1","128,1,1",16,0,0,0,,,,,,,,,,,,,,,,,,,
neighbor,python,"void at::native::vectorized_gather_kernel<(int)16, long>(char *, char *, T2 *, int, long, long, long, long, bool)",33.94,2026-09-10T01:16:09.343263,"65536,1,1","32,1,1",24,0,0,0,,,,,,,,,,,,,,,,,,,
neighbor,python,"void at::native::elementwise_kernel<(int)128, (int)2, void at::native::gpu_kernel_impl_nocast<at::native::BinaryFunctor<float, float, float, at::native::binary_internal::MulFunctor<float>>>(at::TensorIteratorBase &, const T1 &)::[lambda(int) (instance 1)]>(int, T3)",10.227,2026-09-10T01:16:09.343272,"16384,1,1","128,1,1",16,0,0,0,,,,,,,,,,,,,,,,,,,
neighbor,python,"void at::native::indexFuncLargeIndex<float, long, unsigned int, (int)2, (int)2, (int)-2, (bool)1, at::native::<unnamed>::ReduceAdd>(at::cuda::detail::TensorInfo<T1, T3>, at::cuda::detail::TensorInfo<const T1, T3>, at::cuda::detail::TensorInfo<const T2, T3>, int, int, T3, T3, long, long, const T8 &, T1)",21.636,2026-09-10T01:16:09.343280,"1024,1,1","128,1,1",24,0,0,0,,,,,,,,,,,,,,,,,,,
neighbor,python,"void at::native::vectorized_elementwise_kernel<(int)4, at::native::FillFunctor<float>, std::array<char *, (unsigned long)1>>(int, T2, T3)",1.183,2026-09-10T01:16:09.343289,"256,1,1","128,1,1",16,0,0,0,,,,,,,,,,,,,,,,,,,
neighbor,python,"void at::native::vectorized_gather_kernel<(int)16, long>(char *, char *, T2 *, int, long, long, long, long, bool)",33.94,2026-09-10T01:16:09.343298,"65536,1,1","32,1,1",24,0,0,0,,,,,,,,,,,,,,,,,,,
neighbor,python,"void at::native::elementwise_kernel<(int)128, (int)2, void at::native::gpu_kernel_impl_nocast<at::native::BinaryFunctor<float, float, float, at::native::binary_internal::MulFunctor<float>>>(at::TensorIteratorBase &, const T1 &)::[lambda(int) (instance 1)]>(int, T3)",10.226,2026-09-10T01:16:09.343306,"16384,1,1","128,1,1",16,0,0,0,,,,,,,,,,,,,,,,,,,
neighbor,python,"void at::native::indexFuncLargeIndex<float, long, unsigned int, (int)2, (int)2, (int)-2, (bool)1, at::native::<unnamed>::ReduceAdd>(at::cuda::detail::TensorInfo<T1, T3>, at::cuda::detail::TensorInfo<const T1, T3>, at::cuda::detail::TensorInfo<const T2, T3>, int, int, T3, T3, long, long, const T8 &, T1)",21.444,2026-09-10T01:16:09.343314,"1024,1,1","128,1,1",24,0,0,0,,,,,,,,,,,,,,,,,,,
neighbor,python,"void at::native::vectorized_elementwise_kernel<(int)4, at::native::FillFunctor<float>, std::array<char *, (unsigned long)1>>(int, T2, T3)",1.183,2026-09-10T01:16:09.343323,"256,1,1","128,1,1",16,0,0,0,,,,,,,,,,,,,,,,,,,
neighbor,python,"void at::native::vectorized_gather_kernel<(int)16, long>(char *, char *, T2 *, int, long, long, long, long, bool)",33.94,2026-09-10T01:16:09.343332,"65536,1,1","32,1,1",24,0,0,0,,,,,,,,,,,,,,,,,,,
neighbor,python,"void at::native::elementwise_kernel<(int)128, (int)2, void at::native::gpu_kernel_impl_nocast<at::native::BinaryFunctor<float, float, float, at::native::binary_internal::MulFunctor<float>>>(at::TensorIteratorBase &, const T1 &)::[lambda(int) (instance 1)]>(int, T3)",10.259,2026-09-10T01:16:09.343340,"16384,1,1","128,1,1",16,0,0,0,,,,,,,,,,,,,,,,,,,
neighbor,python,"void at::native::indexFuncLargeIndex<float, long, unsigned int, (int)2, (int)2, (int)-2, (bool)1, at::native::<unnamed>::ReduceAdd>(at::cuda::detail::TensorInfo<T1, T3>, at::cuda::detail::TensorInfo<const T1, T3>, at::cuda::detail::TensorInfo<const T2, T3>, int, int, T3, T3, long, long, const T8 &, T1)",21.509,2026-09-10T01:16:09.343349,"1024,1,1","128,1,1",24,0,0,0,,,,,,,,,,,,,,,,,,,
neighbor,python,"void at::native::vectorized_elementwise_kernel<(int)4, at::native::FillFunctor<float>, std::array<char *, (unsigned long)1>>(int, T2, T3)",1.182,2026-09-10T01:16:09.343357,"256,1,1","128,1,1",16,0,0,0,,,,,,,,,,,,,,,,,,,
neighbor,python,"void at::native::vectorized_gather_kernel<(int)16, long>(char *, char *, T2 *, int, long, long, long, long, bool)",33.972,2026-09-10T01:16:09.343366,"65536,1,1","32,1,1",24,0,0,0,,,,,,,,,,,,,,,,,,,
neighbor,python,"void at::native::elementwise_kernel<(int)128, (int)2, void at::native::gpu_kernel_impl_nocast<at::native::BinaryFunctor<float, float, float, at::native::binary_internal::MulFunctor<float>>>(at::TensorIteratorBase &, const T1 &)::[lambda(int) (instance 1)]>(int, T3)",10.227,2026-09-10T01:16:09.343374,"16384,1,1","128,1,1",16,0,0,0,,,,,,,,,,,,,,,,,,,
neighbor,python,"void at::native::indexFuncLargeIndex<float, long, unsigned int, (int)2, (int)2, (int)-2, (bool)1, at::native::<unnamed>::ReduceAdd>(at::cuda::detail::TensorInfo<T1, T3>, at::cuda::detail::TensorInfo<const T1, T3>, at::cuda::detail::TensorInfo<const T2, T3>, int, int, T3, T3, long, long, const T8 &, T1)",21.604,2026-09-10T01:16:09.343383,"1024,1,1","128,1,1",24,0,0,0,,,,,,,,,,,,,,,,,,,
neighbor,python,"void at::native::vectorized_elementwise_kernel<(int)4, at::native::FillFunctor<float>, std::array<char *, (unsigned long)1>>(int, T2, T3)",1.183,2026-09-10T01:16:09.343391,"256,1,1","128,1,1",16,0,0,0,,,,,,,,,,,,,,,,,,,
neighbor,python,"void at::native::vectorized_gather_kernel<(int)16, long>(char *, char *, T2 *, int, long, long, long, long, bool)",33.908,2026-09-10T01:16:09.343400,"65536,1,1","32,1,1",24,0,0,0,,,,,,,,,,,,,,,,,,,
neighbor,python,"void at::native::elementwise_kernel<(int)128, (int)2, void at::native::gpu_kernel_impl_nocast<at::native::BinaryFunctor<float, float, float, at::native::binary_internal::MulFunctor<float>>>(at::TensorIteratorBase &, const T1 &)::[lambda(int) (instance 1)]>(int, T3)",10.258,2026-09-10T01:16:09.343408,"16384,1,1","128,1,1",16,0,0,0,,,,,,,,,,,,,,,,,,,
neighbor,python,"void at::native::indexFuncLargeIndex<float, long, unsigned int, (int)2, (int)2, (int)-2, (bool)1, at::native::<unnamed>::ReduceAdd>(at::cuda::detail::TensorInfo<T1, T3>, at::cuda::detail::TensorInfo<const T1, T3>, at::cuda::detail::TensorInfo<const T2, T3>, int, int, T3, T3, long, long, const T8 &, T1)",21.572,2026-09-10T01:16:09.343416,"1024,1,1","128,1,1",24,0,0,0,,,,,,,,,,,,,,,,,,,
neighbor,python,"void at::native::vectorized_elementwise_kernel<(int)4, at::native::FillFunctor<float>, std::array<char *, (unsigned long)1>>(int, T2, T3)",1.182,2026-09-10T01:16:09.343425,"256,1,1","128,1,1",16,0,0,0,,,,,,,,,,,,,,,,,,,
neighbor,python,"void at::native::vectorized_gather_kernel<(int)16, long>(char *, char *, T2 *, int, long, long, long, long, bool)",33.941,2026-09-10T01:16:09.343433,"65536,1,1","32,1,1",24,0,0,0,,,,,,,,,,,,,,,,,,,
neighbor,python,"void at::native::elementwise_kernel<(int)128, (int)2, void at::native::gpu_kernel_impl_nocast<at::native::BinaryFunctor<float, float, float, at::native::binary_internal::MulFunctor<float>>>(at::TensorIteratorBase &, const T1 &)::[lambda(int) (instance 1)]>(int, T3)",10.227,2026-09-10T01:16:09.343442,"16384,1,1","128,1,1",16,0,0,0,,,,,,,,,,,,,,,,,,,
neighbor,python,"void at::native::indexFuncLargeIndex<float, long, unsigned int, (int)2, (int)2, (int)-2, (bool)1, at::native::<unnamed>::ReduceAdd>(at::cuda::detail::TensorInfo<T1, T3>, at::cuda::detail::TensorInfo<const T1, T3>, at::cuda::detail::TensorInfo<const T2, T3>, int, int, T3, T3, long, long, const T8 &, T1)",21.572,2026-09-10T01:16:09.343488,"1024,1,1","128,1,1",24,0,0,0,,,,,,,,,,,,,,,,,,,
neighbor,python,"void at::native::vectorized_elementwise_kernel<(int)4, at::native::FillFunctor<float>, std::array<char *, (unsigned long)1>>(int, T2, T3)",1.183,2026-09-10T01:16:09.343511,"256,1,1","128,1,1",16,0,0,0,,,,,,,,,,,,,,,,,,,
neighbor,python,"void at::native::vectorized_gather_kernel<(int)16, long>(char *, char *, T2 *, int, long, long, long, long, bool)",33.94,2026-09-10T01:16:09.343521,"65536,1,1","32,1,1",24,0,0,0,,,,,,,,,,,,,,,,,,,
neighbor,python,"void at::native::elementwise_kernel<(int)128, (int)2, void at::native::gpu_kernel_impl_nocast<at::native::BinaryFunctor<float, float, float, at::native::binary_internal::MulFunctor<float>>>(at::TensorIteratorBase &, const T1 &)::[lambda(int) (instance 1)]>(int, T3)",10.227,2026-09-10T01:16:09.343530,"16384,1,1","128,1,1",16,0,0,0,,,,,,,,,,,,,,,,,,,
neighbor,python,"void at::native::indexFuncLargeIndex<float, long, unsigned int, (int)2, (int)2, (int)-2, (bool)1, at::native::<unnamed>::ReduceAdd>(at::cuda::detail::TensorInfo<T1, T3>, at::cuda::detail::TensorInfo<const T1, T3>, at::cuda::detail::TensorInfo<const T2, T3>, int, int, T3, T3, long, long, const T8 &, T1)",21.508,2026-09-10T01:16:09.343539,"1024,1,1","128,1,1",24,0,0,0,,,,,,,,,,,,,,,,,,,
neighbor,python,"void at::native::vectorized_elementwise_kernel<(int)4, at::native::FillFunctor<float>, std::array<char *, (unsigned long)1>>(int, T2, T3)",1.183,2026-09-10T01:16:09.343548,"256,1,1","128,1,1",16,0,0,0,,,,,,,,,,,,,,,,,,,
neighbor,python,"void at::native::vectorized_gather_kernel<(int)16, long>(char *, char *, T2 *, int, long, long, long, long, bool)",33.94,2026-09-10T01:16:09.343557,"65536,1,1","32,1,1",24,0,0,0,,,,,,,,,,,,,,,,,,,
neighbor,python,"void at::native::elementwise_kernel<(int)128, (int)2, void at::native::gpu_kernel_impl_nocast<at::native::BinaryFunctor<float, float, float, at::native::binary_internal::MulFunctor<float>>>(at::TensorIteratorBase &, const T1 &)::[lambda(int) (instance 1)]>(int, T3)",10.194,2026-09-10T01:16:09.343566,"16384,1,1","128,1,1",16,0,0,0,,,,,,,,,,,,,,,,,,,
neighbor,python,"void at::native::indexFuncLargeIndex<float, long, unsigned int, (int)2, (int)2, (int)-2, (bool)1, at::native::<unnamed>::ReduceAdd>(at::cuda::detail::TensorInfo<T1, T3>, at::cuda::detail::TensorInfo<const T1, T3>, at::cuda::detail::TensorInfo<const T2, T3>, int, int, T3, T3, long, long, const T8 &, T1)",21.668,2026-09-10T01:16:09.343575,"1024,1,1","128,1,1",24,0,0,0,,,,,,,,,,,,,,,,,,,
neighbor,python,"void at::native::vectorized_elementwise_kernel<(int)4, at::native::FillFunctor<float>, std::array<char *, (unsigned long)1>>(int, T2, T3)",1.183,2026-09-10T01:16:09.343583,"256,1,1","128,1,1",16,0,0,0,,,,,,,,,,,,,,,,,,,
neighbor,python,"void at::native::vectorized_gather_kernel<(int)16, long>(char *, char *, T2 *, int, long, long, long, long, bool)",33.94,2026-09-10T01:16:09.343593,"65536,1,1","32,1,1",24,0,0,0,,,,,,,,,,,,,,,,,,,
neighbor,python,"void at::native::elementwise_kernel<(int)128, (int)2, void at::native::gpu_kernel_impl_nocast<at::native::BinaryFunctor<float, float, float, at::native::binary_internal::MulFunctor<float>>>(at::TensorIteratorBase &, const T1 &)::[lambda(int) (instance 1)]>(int, T3)",10.227,2026-09-10T01:16:09.343602,"16384,1,1","128,1,1",16,0,0,0,,,,,,,,,,,,,,,,,,,
neighbor,python,"void at::native::indexFuncLargeIndex<float, long, unsigned int, (int)2, (int)2, (int)-2, (bool)1, at::native::<unnamed>::ReduceAdd>(at::cuda::detail::TensorInfo<T1, T3>, at::cuda::detail::TensorInfo<const T1, T3>, at::cuda::detail::TensorInfo<const T2, T3>, int, int, T3, T3, long, long, const T8 &, T1)",21.668,2026-09-10T01:16:09.343611,"1024,1,1","128,1,1",24,0,0,0,,,,,,,,,,,,,,,,,,,
neighbor,python,"void at::native::vectorized_elementwise_kernel<(int)4, at::native::FillFunctor<float>, std::array<char *, (unsigned long)1>>(int, T2, T3)",1.151,2026-09-10T01:16:09.343620,"256,1,1","128,1,1",16,0,0,0,,,,,,,,,,,,,,,,,,,
neighbor,python,"void at::native::vectorized_gather_kernel<(int)16, long>(char *, char *, T2 *, int, long, long, long, long, bool)",33.94,2026-09-10T01:16:09.343628,"65536,1,1","32,1,1",24,0,0,0,,,,,,,,,,,,,,,,,,,
neighbor,python,"void at::native::elementwise_kernel<(int)128, (int)2, void at::native::gpu_kernel_impl_nocast<at::native::BinaryFunctor<float, float, float, at::native::binary_internal::MulFunctor<float>>>(at::TensorIteratorBase &, const T1 &)::[lambda(int) (instance 1)]>(int, T3)",10.228,2026-09-10T01:16:09.343637,"16384,1,1","128,1,1",16,0,0,0,,,,,,,,,,,,,,,,,,,
neighbor,python,"void at::native::indexFuncLargeIndex<float, long, unsigned int, (int)2, (int)2, (int)-2, (bool)1, at::native::<unnamed>::ReduceAdd>(at::cuda::detail::TensorInfo<T1, T3>, at::cuda::detail::TensorInfo<const T1, T3>, at::cuda::detail::TensorInfo<const T2, T3>, int, int, T3, T3, long, long, const T8 &, T1)",21.476,2026-09-10T01:16:09.343646,"1024,1,1","128,1,1",24,0,0,0,,,,,,,,,,,,,,,,,,,
neighbor,python,"void at::native::vectorized_elementwise_kernel<(int)4, at::native::FillFunctor<float>, std::array<char *, (unsigned long)1>>(int, T2, T3)",1.151,2026-09-10T01:16:09.343654,"256,1,1","128,1,1",16,0,0,0,,,,,,,,,,,,,,,,,,,
neighbor,python,"void at::native::vectorized_gather_kernel<(int)16, long>(char *, char *, T2 *, int, long, long, long, long, bool)",554.839,2026-09-10T01:16:09.343663,"65536,1,1","32,1,1",24,0,0,0,,,,,,,,,,,,,,,,,,,
neighbor,python,"void at::native::elementwise_kernel<(int)128, (int)2, void at::native::gpu_kernel_impl_nocast<at::native::BinaryFunctor<float, float, float, at::native::binary_internal::MulFunctor<float>>>(at::TensorIteratorBase &, const T1 &)::[lambda(int) (instance 1)]>(int, T3)",10.322,2026-09-10T01:16:09.343672,"16384,1,1","128,1,1",16,0,0,0,,,,,,,,,,,,,,,,,,,
neighbor,python,"void at::native::indexFuncLargeIndex<float, long, unsigned int, (int)2, (int)2, (int)-2, (bool)1, at::native::<unnamed>::ReduceAdd>(at::cuda::detail::TensorInfo<T1, T3>, at::cuda::detail::TensorInfo<const T1, T3>, at::cuda::detail::TensorInfo<const T2, T3>, int, int, T3, T3, long, long, const T8 &, T1)",21.732,2026-09-10T01:16:09.343680,"1024,1,1","128,1,1",24,0,0,0,,,,,,,,,,,,,,,,,,,
neighbor,python,"void at::native::vectorized_elementwise_kernel<(int)4, at::native::FillFunctor<float>, std::array<char *, (unsigned long)1>>(int, T2, T3)",1.183,2026-09-10T01:16:09.343689,"256,1,1","128,1,1",16,0,0,0,,,,,,,,,,,,,,,,,,,
neighbor,python,"void at::native::vectorized_gather_kernel<(int)16, long>(char *, char *, T2 *, int, long, long, long, long, bool)",33.94,2026-09-10T01:16:09.343699,"65536,1,1","32,1,1",24,0,0,0,,,,,,,,,,,,,,,,,,,
neighbor,python,"void at::native::elementwise_kernel<(int)128, (int)2, void at::native::gpu_kernel_impl_nocast<at::native::BinaryFunctor<float, float, float, at::native::binary_internal::MulFunctor<float>>>(at::TensorIteratorBase &, const T1 &)::[lambda(int) (instance 1)]>(int, T3)",10.227,2026-09-10T01:16:09.343708,"16384,1,1","128,1,1",16,0,0,0,,,,,,,,,,,,,,,,,,,
neighbor,python,"void at::native::indexFuncLargeIndex<float, long, unsigned int, (int)2, (int)2, (int)-2, (bool)1, at::native::<unnamed>::ReduceAdd>(at::cuda::detail::TensorInfo<T1, T3>, at::cuda::detail::TensorInfo<const T1, T3>, at::cuda::detail::TensorInfo<const T2, T3>, int, int, T3, T3, long, long, const T8 &, T1)",21.669,2026-09-10T01:16:09.343716,"1024,1,1","128,1,1",24,0,0,0,,,,,,,,,,,,,,,,,,,
neighbor,python,"void at::native::vectorized_elementwise_kernel<(int)4, at::native::FillFunctor<float>, std::array<char *, (unsigned long)1>>(int, T2, T3)",1.182,2026-09-10T01:16:09.343725,"256,1,1","128,1,1",16,0,0,0,,,,,,,,,,,,,,,,,,,
neighbor,python,"void at::native::vectorized_gather_kernel<(int)16, long>(char *, char *, T2 *, int, long, long, long, long, bool)",33.941,2026-09-10T01:16:09.343734,"65536,1,1","32,1,1",24,0,0,0,,,,,,,,,,,,,,,,,,,
neighbor,python,"void at::native::elementwise_kernel<(int)128, (int)2, void at::native::gpu_kernel_impl_nocast<at::native::BinaryFunctor<float, float, float, at::native::binary_internal::MulFunctor<float>>>(at::TensorIteratorBase &, const T1 &)::[lambda(int) (instance 1)]>(int, T3)",10.259,2026-09-10T01:16:09.343742,"16384,1,1","128,1,1",16,0,0,0,,,,,,,,,,,,,,,,,,,
neighbor,python,"void at::native::indexFuncLargeIndex<float, long, unsigned int, (int)2, (int)2, (int)-2, (bool)1, at::native::<unnamed>::ReduceAdd>(at::cuda::detail::TensorInfo<T1, T3>, at::cuda::detail::TensorInfo<const T1, T3>, at::cuda::detail::TensorInfo<const T2, T3>, int, int, T3, T3, long, long, const T8 &, T1)",21.572,2026-09-10T01:16:09.343751,"1024,1,1","128,1,1",24,0,0,0,,,,,,,,,,,,,,,,,,,
neighbor,python,"void at::native::vectorized_elementwise_kernel<(int)4, at::native::FillFunctor<float>, std::array<char *, (unsigned long)1>>(int, T2, T3)",1.183,2026-09-10T01:16:09.343759,"256,1,1","128,1,1",16,0,0,0,,,,,,,,,,,,,,,,,,,
neighbor,python,"void at::native::vectorized_gather_kernel<(int)16, long>(char *, char *, T2 *, int, long, long, long, long, bool)",33.941,2026-09-10T01:16:09.343768,"65536,1,1","32,1,1",24,0,0,0,,,,,,,,,,,,,,,,,,,
neighbor,python,"void at::native::elementwise_kernel<(int)128, (int)2, void at::native::gpu_kernel_impl_nocast<at::native::BinaryFunctor<float, float, float, at::native::binary_internal::MulFunctor<float>>>(at::TensorIteratorBase &, const T1 &)::[lambda(int) (instance 1)]>(int, T3)",10.259,2026-09-10T01:16:09.343777,"16384,1,1","128,1,1",16,0,0,0,,,,,,,,,,,,,,,,,,,
neighbor,python,"void at::native::indexFuncLargeIndex<float, long, unsigned int, (int)2, (int)2, (int)-2, (bool)1, at::native::<unnamed>::ReduceAdd>(at::cuda::detail::TensorInfo<T1, T3>, at::cuda::detail::TensorInfo<const T1, T3>, at::cuda::detail::TensorInfo<const T2, T3>, int, int, T3, T3, long, long, const T8 &, T1)",21.637,2026-09-10T01:16:09.343786,"1024,1,1","128,1,1",24,0,0,0,,,,,,,,,,,,,,,,,,,
neighbor,python,"void at::native::vectorized_elementwise_kernel<(int)4, at::native::FillFunctor<float>, std::array<char *, (unsigned long)1>>(int, T2, T3)",1.182,2026-09-10T01:16:09.343794,"256,1,1","128,1,1",16,0,0,0,,,,,,,,,,,,,,,,,,,
neighbor,python,"void at::native::vectorized_gather_kernel<(int)16, long>(char *, char *, T2 *, int, long, long, long, long, bool)",33.94,2026-09-10T01:16:09.343803,"65536,1,1","32,1,1",24,0,0,0,,,,,,,,,,,,,,,,,,,
neighbor,python,"void at::native::elementwise_kernel<(int)128, (int)2, void at::native::gpu_kernel_impl_nocast<at::native::BinaryFunctor<float, float, float, at::native::binary_internal::MulFunctor<float>>>(at::TensorIteratorBase &, const T1 &)::[lambda(int) (instance 1)]>(int, T3)",10.227,2026-09-10T01:16:09.343811,"16384,1,1","128,1,1",16,0,0,0,,,,,,,,,,,,,,,,,,,
neighbor,python,"void at::native::indexFuncLargeIndex<float, long, unsigned int, (int)2, (int)2, (int)-2, (bool)1, at::native::<unnamed>::ReduceAdd>(at::cuda::detail::TensorInfo<T1, T3>, at::cuda::detail::TensorInfo<const T1, T3>, at::cuda::detail::TensorInfo<const T2, T3>, int, int, T3, T3, long, long, const T8 &, T1)",21.381,2026-09-10T01:16:09.343820,"1024,1,1","128,1,1",24,0,0,0,,,,,,,,,,,,,,,,,,,
neighbor,python,"void at::native::vectorized_elementwise_kernel<(int)4, at::native::FillFunctor<float>, std::array<char *, (unsigned long)1>>(int, T2, T3)",1.182,2026-09-10T01:16:09.343829,"256,1,1","128,1,1",16,0,0,0,,,,,,,,,,,,,,,,,,,
neighbor,python,"void at::native::vectorized_gather_kernel<(int)16, long>(char *, char *, T2 *, int, long, long, long, long, bool)",33.941,2026-09-10T01:16:09.343838,"65536,1,1","32,1,1",24,0,0,0,,,,,,,,,,,,,,,,,,,
neighbor,python,"void at::native::elementwise_kernel<(int)128, (int)2, void at::native::gpu_kernel_impl_nocast<at::native::BinaryFunctor<float, float, float, at::native::binary_internal::MulFunctor<float>>>(at::TensorIteratorBase &, const T1 &)::[lambda(int) (instance 1)]>(int, T3)",10.259,2026-09-10T01:16:09.343847,"16384,1,1","128,1,1",16,0,0,0,,,,,,,,,,,,,,,,,,,
neighbor,python,"void at::native::indexFuncLargeIndex<float, long, unsigned int, (int)2, (int)2, (int)-2, (bool)1, at::native::<unnamed>::ReduceAdd>(at::cuda::detail::TensorInfo<T1, T3>, at::cuda::detail::TensorInfo<const T1, T3>, at::cuda::detail::TensorInfo<const T2, T3>, int, int, T3, T3, long, long, const T8 &, T1)",21.348,2026-09-10T01:16:09.343855,"1024,1,1","128,1,1",24,0,0,0,,,,,,,,,,,,,,,,,,,
neighbor,python,"void at::native::vectorized_elementwise_kernel<(int)4, at::native::FillFunctor<float>, std::array<char *, (unsigned long)1>>(int, T2, T3)",1.151,2026-09-10T01:16:09.343864,"256,1,1","128,1,1",16,0,0,0,,,,,,,,,,,,,,,,,,,
neighbor,python,"void at::native::vectorized_gather_kernel<(int)16, long>(char *, char *, T2 *, int, long, long, long, long, bool)",33.94,2026-09-10T01:16:09.343872,"65536,1,1","32,1,1",24,0,0,0,,,,,,,,,,,,,,,,,,,
neighbor,python,"void at::native::elementwise_kernel<(int)128, (int)2, void at::native::gpu_kernel_impl_nocast<at::native::BinaryFunctor<float, float, float, at::native::binary_internal::MulFunctor<float>>>(at::TensorIteratorBase &, const T1 &)::[lambda(int) (instance 1)]>(int, T3)",10.194,2026-09-10T01:16:09.343881,"16384,1,1","128,1,1",16,0,0,0,,,,,,,,,,,,,,,,,,,
neighbor,python,"void at::native::indexFuncLargeIndex<float, long, unsigned int, (int)2, (int)2, (int)-2, (bool)1, at::native::<unnamed>::ReduceAdd>(at::cuda::detail::TensorInfo<T1, T3>, at::cuda::detail::TensorInfo<const T1, T3>, at::cuda::detail::TensorInfo<const T2, T3>, int, int, T3, T3, long, long, const T8 &, T1)",21.764,2026-09-10T01:16:09.343891,"1024,1,1","128,1,1",24,0,0,0,,,,,,,,,,,,,,,,,,,
neighbor,python,"void at::native::vectorized_elementwise_kernel<(int)4, at::native::FillFunctor<float>, std::array<char *, (unsigned long)1>>(int, T2, T3)",1.182,2026-09-10T01:16:09.343900,"256,1,1","128,1,1",16,0,0,0,,,,,,,,,,,,,,,,,,,
neighbor,python,"void at::native::vectorized_gather_kernel<(int)16, long>(char *, char *, T2 *, int, long, long, long, long, bool)",33.941,2026-09-10T01:16:09.343909,"65536,1,1","32,1,1",24,0,0,0,,,,,,,,,,,,,,,,,,,
neighbor,python,"void at::native::elementwise_kernel<(int)128, (int)2, void at::native::gpu_kernel_impl_nocast<at::native::BinaryFunctor<float, float, float, at::native::binary_internal::MulFunctor<float>>>(at::TensorIteratorBase &, const T1 &)::[lambda(int) (instance 1)]>(int, T3)",10.227,2026-09-10T01:16:09.343918,"16384,1,1","128,1,1",16,0,0,0,,,,,,,,,,,,,,,,,,,
neighbor,python,"void at::native::indexFuncLargeIndex<float, long, unsigned int, (int)2, (int)2, (int)-2, (bool)1, at::native::<unnamed>::ReduceAdd>(at::cuda::detail::TensorInfo<T1, T3>, at::cuda::detail::TensorInfo<const T1, T3>, at::cuda::detail::TensorInfo<const T2, T3>, int, int, T3, T3, long, long, const T8 &, T1)",21.476,2026-09-10T01:16:09.343926,"1024,1,1","128,1,1",24,0,0,0,,,,,,,,,,,,,,,,,,,
neighbor,python,"void at::native::vectorized_elementwise_kernel<(int)4, at::native::FillFunctor<float>, std::array<char *, (unsigned long)1>>(int, T2, T3)",1.151,2026-09-10T01:16:09.343935,"256,1,1","128,1,1",16,0,0,0,,,,,,,,,,,,,,,,,,,
neighbor,python,"void at::native::vectorized_gather_kernel<(int)16, long>(char *, char *, T2 *, int, long, long, long, long, bool)",33.94,2026-09-10T01:16:09.343943,"65536,1,1","32,1,1",24,0,0,0,,,,,,,,,,,,,,,,,,,
neighbor,python,"void at::native::elementwise_kernel<(int)128, (int)2, void at::native::gpu_kernel_impl_nocast<at::native::BinaryFunctor<float, float, float, at::native::binary_internal::MulFunctor<float>>>(at::TensorIteratorBase &, const T1 &)::[lambda(int) (instance 1)]>(int, T3)",10.227,2026-09-10T01:16:09.343952,"16384,1,1","128,1,1",16,0,0,0,,,,,,,,,,,,,,,,,,,
neighbor,python,"void at::native::indexFuncLargeIndex<float, long, unsigned int, (int)2, (int)2, (int)-2, (bool)1, at::native::<unnamed>::ReduceAdd>(at::cuda::detail::TensorInfo<T1, T3>, at::cuda::detail::TensorInfo<const T1, T3>, at::cuda::detail::TensorInfo<const T2, T3>, int, int, T3, T3, long, long, const T8 &, T1)",21.541,2026-09-10T01:16:09.343961,"1024,1,1","128,1,1",24,0,0,0,,,,,,,,,,,,,,,,,,,
neighbor,python,"void at::native::vectorized_elementwise_kernel<(int)4, at::native::FillFunctor<float>, std::array<char *, (unsigned long)1>>(int, T2, T3)",1.15,2026-09-10T01:16:09.343969,"256,1,1","128,1,1",16,0,0,0,,,,,,,,,,,,,,,,,,,
neighbor,python,"void at::native::vectorized_gather_kernel<(int)16, long>(char *, char *, T2 *, int, long, long, long, long, bool)",33.94,2026-09-10T01:16:09.343978,"65536,1,1","32,1,1",24,0,0,0,,,,,,,,,,,,,,,,,,,
neighbor,python,"void at::native::elementwise_kernel<(int)128, (int)2, void at::native::gpu_kernel_impl_nocast<at::native::BinaryFunctor<float, float, float, at::native::binary_internal::MulFunctor<float>>>(at::TensorIteratorBase &, const T1 &)::[lambda(int) (instance 1)]>(int, T3)",10.227,2026-09-10T01:16:09.343986,"16384,1,1","128,1,1",16,0,0,0,,,,,,,,,,,,,,,,,,,
neighbor,python,"void at::native::indexFuncLargeIndex<float, long, unsigned int, (int)2, (int)2, (int)-2, (bool)1, at::native::<unnamed>::ReduceAdd>(at::cuda::detail::TensorInfo<T1, T3>, at::cuda::detail::TensorInfo<const T1, T3>, at::cuda::detail::TensorInfo<const T2, T3>, int, int, T3, T3, long, long, const T8 &, T1)",21.636,2026-09-10T01:16:09.343995,"1024,1,1","128,1,1",24,0,0,0,,,,,,,,,,,,,,,,,,,
neighbor,python,"void at::native::vectorized_elementwise_kernel<(int)4, at::native::FillFunctor<float>, std::array<char *, (unsigned long)1>>(int, T2, T3)",1.182,2026-09-10T01:16:09.344004,"256,1,1","128,1,1",16,0,0,0,,,,,,,,,,,,,,,,,,,
neighbor,python,"void at::native::vectorized_gather_kernel<(int)16, long>(char *, char *, T2 *, int, long, long, long, long, bool)",33.94,2026-09-10T01:16:09.344012,"65536,1,1","32,1,1",24,0,0,0,,,,,,,,,,,,,,,,,,,
neighbor,python,"void at::native::elementwise_kernel<(int)128, (int)2, void at::native::gpu_kernel_impl_nocast<at::native::BinaryFunctor<float, float, float, at::native::binary_internal::MulFunctor<float>>>(at::TensorIteratorBase &, const T1 &)::[lambda(int) (instance 1)]>(int, T3)",10.259,2026-09-10T01:16:09.344021,"16384,1,1","128,1,1",16,0,0,0,,,,,,,,,,,,,,,,,,,
neighbor,python,"void at::native::indexFuncLargeIndex<float, long, unsigned int, (int)2, (int)2, (int)-2, (bool)1, at::native::<unnamed>::ReduceAdd>(at::cuda::detail::TensorInfo<T1, T3>, at::cuda::detail::TensorInfo<const T1, T3>, at::cuda::detail::TensorInfo<const T2, T3>, int, int, T3, T3, long, long, const T8 &, T1)",21.412,2026-09-10T01:16:09.344029,"1024,1,1","128,1,1",24,0,0,0,,,,,,,,,,,,,,,,,,,
neighbor,python,"void at::native::vectorized_elementwise_kernel<(int)4, at::native::FillFunctor<float>, std::array<char *, (unsigned long)1>>(int, T2, T3)",1.182,2026-09-10T01:16:09.344038,"256,1,1","128,1,1",16,0,0,0,,,,,,,,,,,,,,,,,,,
neighbor,python,"void at::native::vectorized_gather_kernel<(int)16, long>(char *, char *, T2 *, int, long, long, long, long, bool)",33.94,2026-09-10T01:16:09.344046,"65536,1,1","32,1,1",24,0,0,0,,,,,,,,,,,,,,,,,,,
neighbor,python,"void at::native::elementwise_kernel<(int)128, (int)2, void at::native::gpu_kernel_impl_nocast<at::native::BinaryFunctor<float, float, float, at::native::binary_internal::MulFunctor<float>>>(at::TensorIteratorBase &, const T1 &)::[lambda(int) (instance 1)]>(int, T3)",10.226,2026-09-10T01:16:09.344055,"16384,1,1","128,1,1",16,0,0,0,,,,,,,,,,,,,,,,,,,
neighbor,python,"void at::native::indexFuncLargeIndex<float, long, unsigned int, (int)2, (int)2, (int)-2, (bool)1, at::native::<unnamed>::ReduceAdd>(at::cuda::detail::TensorInfo<T1, T3>, at::cuda::detail::TensorInfo<const T1, T3>, at::cuda::detail::TensorInfo<const T2, T3>, int, int, T3, T3, long, long, const T8 &, T1)",21.349,2026-09-10T01:16:09.344064,"1024,1,1","128,1,1",24,0,0,0,,,,,,,,,,,,,,,,,,,
neighbor,python,"void at::native::vectorized_elementwise_kernel<(int)4, at::native::FillFunctor<float>, std::array<char *, (unsigned long)1>>(int, T2, T3)",1.183,2026-09-10T01:16:09.344072,"256,1,1","128,1,1",16,0,0,0,,,,,,,,,,,,,,,,,,,
neighbor,python,"void at::native::vectorized_gather_kernel<(int)16, long>(char *, char *, T2 *, int, long, long, long, long, bool)",33.972,2026-09-10T01:16:09.344081,"65536,1,1","32,1,1",24,0,0,0,,,,,,,,,,,,,,,,,,,
neighbor,python,"void at::native::elementwise_kernel<(int)128, (int)2, void at::native::gpu_kernel_impl_nocast<at::native::BinaryFunctor<float, float, float, at::native::binary_internal::MulFunctor<float>>>(at::TensorIteratorBase &, const T1 &)::[lambda(int) (instance 1)]>(int, T3)",10.226,2026-09-10T01:16:09.344089,"16384,1,1","128,1,1",16,0,0,0,,,,,,,,,,,,,,,,,,,
neighbor,python,"void at::native::indexFuncLargeIndex<float, long, unsigned int, (int)2, (int)2, (int)-2, (bool)1, at::native::<unnamed>::ReduceAdd>(at::cuda::detail::TensorInfo<T1, T3>, at::cuda::detail::TensorInfo<const T1, T3>, at::cuda::detail::TensorInfo<const T2, T3>, int, int, T3, T3, long, long, const T8 &, T1)",21.541,2026-09-10T01:16:09.344098,"1024,1,1","128,1,1",24,0,0,0,,,,,,,,,,,,,,,,,,,
neighbor,python,"void at::native::vectorized_elementwise_kernel<(int)4, at::native::FillFunctor<float>, std::array<char *, (unsigned long)1>>(int, T2, T3)",1.182,2026-09-10T01:16:09.344106,"256,1,1","128,1,1",16,0,0,0,,,,,,,,,,,,,,,,,,,
neighbor,python,"void at::native::vectorized_gather_kernel<(int)16, long>(char *, char *, T2 *, int, long, long, long, long, bool)",33.941,2026-09-10T01:16:09.344115,"65536,1,1","32,1,1",24,0,0,0,,,,,,,,,,,,,,,,,,,
neighbor,python,"void at::native::elementwise_kernel<(int)128, (int)2, void at::native::gpu_kernel_impl_nocast<at::native::BinaryFunctor<float, float, float, at::native::binary_internal::MulFunctor<float>>>(at::TensorIteratorBase &, const T1 &)::[lambda(int) (instance 1)]>(int, T3)",10.227,2026-09-10T01:16:09.344123,"16384,1,1","128,1,1",16,0,0,0,,,,,,,,,,,,,,,,,,,
neighbor,python,"void at::native::indexFuncLargeIndex<float, long, unsigned int, (int)2, (int)2, (int)-2, (bool)1, at::native::<unnamed>::ReduceAdd>(at::cuda::detail::TensorInfo<T1, T3>, at::cuda::detail::TensorInfo<const T1, T3>, at::cuda::detail::TensorInfo<const T2, T3>, int, int, T3, T3, long, long, const T8 &, T1)",21.572,2026-09-10T01:16:09.344132,"1024,1,1","128,1,1",24,0,0,0,,,,,,,,,,,,,,,,,,,
neighbor,python,"void at::native::vectorized_elementwise_kernel<(int)4, at::native::FillFunctor<float>, std::array<char *, (unsigned long)1>>(int, T2, T3)",1.183,2026-09-10T01:16:09.344140,"256,1,1","128,1,1",16,0,0,0,,,,,,,,,,,,,,,,,,,
neighbor,python,"void at::native::vectorized_gather_kernel<(int)16, long>(char *, char *, T2 *, int, long, long, long, long, bool)",33.94,2026-09-10T01:16:09.344149,"65536,1,1","32,1,1",24,0,0,0,,,,,,,,,,,,,,,,,,,
neighbor,python,"void at::native::elementwise_kernel<(int)128, (int)2, void at::native::gpu_kernel_impl_nocast<at::native::BinaryFunctor<float, float, float, at::native::binary_internal::MulFunctor<float>>>(at::TensorIteratorBase &, const T1 &)::[lambda(int) (instance 1)]>(int, T3)",10.226,2026-09-10T01:16:09.344157,"16384,1,1","128,1,1",16,0,0,0,,,,,,,,,,,,,,,,,,,
neighbor,python,"void at::native::indexFuncLargeIndex<float, long, unsigned int, (int)2, (int)2, (int)-2, (bool)1, at::native::<unnamed>::ReduceAdd>(at::cuda::detail::TensorInfo<T1, T3>, at::cuda::detail::TensorInfo<const T1, T3>, at::cuda::detail::TensorInfo<const T2, T3>, int, int, T3, T3, long, long, const T8 &, T1)",21.636,2026-09-10T01:16:09.344166,"1024,1,1","128,1,1",24,0,0,0,,,,,,,,,,,,,,,,,,,
neighbor,python,"void at::native::vectorized_elementwise_kernel<(int)4, at::native::FillFunctor<float>, std::array<char *, (unsigned long)1>>(int, T2, T3)",1.182,2026-09-10T01:16:09.344175,"256,1,1","128,1,1",16,0,0,0,,,,,,,,,,,,,,,,,,,
neighbor,python,"void at::native::vectorized_gather_kernel<(int)16, long>(char *, char *, T2 *, int, long, long, long, long, bool)",33.94,2026-09-10T01:16:09.344184,"65536,1,1","32,1,1",24,0,0,0,,,,,,,,,,,,,,,,,,,
neighbor,python,"void at::native::elementwise_kernel<(int)128, (int)2, void at::native::gpu_kernel_impl_nocast<at::native::BinaryFunctor<float, float, float, at::native::binary_internal::MulFunctor<float>>>(at::TensorIteratorBase &, const T1 &)::[lambda(int) (instance 1)]>(int, T3)",10.227,2026-09-10T01:16:09.344192,"16384,1,1","128,1,1",16,0,0,0,,,,,,,,,,,,,,,,,,,
neighbor,python,"void at::native::indexFuncLargeIndex<float, long, unsigned int, (int)2, (int)2, (int)-2, (bool)1, at::native::<unnamed>::ReduceAdd>(at::cuda::detail::TensorInfo<T1, T3>, at::cuda::detail::TensorInfo<const T1, T3>, at::cuda::detail::TensorInfo<const T2, T3>, int, int, T3, T3, long, long, const T8 &, T1)",21.573,2026-09-10T01:16:09.344201,"1024,1,1","128,1,1",24,0,0,0,,,,,,,,,,,,,,,,,,,
neighbor,python,"void at::native::vectorized_elementwise_kernel<(int)4, at::native::FillFunctor<float>, std::array<char *, (unsigned long)1>>(int, T2, T3)",1.182,2026-09-10T01:16:09.344209,"256,1,1","128,1,1",16,0,0,0,,,,,,,,,,,,,,,,,,,
neighbor,python,"void at::native::vectorized_gather_kernel<(int)16, long>(char *, char *, T2 *, int, long, long, long, long, bool)",33.941,2026-09-10T01:16:09.344218,"65536,1,1","32,1,1",24,0,0,0,,,,,,,,,,,,,,,,,,,
neighbor,python,"void at::native::elementwise_kernel<(int)128, (int)2, void at::native::gpu_kernel_impl_nocast<at::native::BinaryFunctor<float, float, float, at::native::binary_internal::MulFunctor<float>>>(at::TensorIteratorBase &, const T1 &)::[lambda(int) (instance 1)]>(int, T3)",10.227,2026-09-10T01:16:09.344227,"16384,1,1","128,1,1",16,0,0,0,,,,,,,,,,,,,,,,,,,
neighbor,python,"void at::native::indexFuncLargeIndex<float, long, unsigned int, (int)2, (int)2, (int)-2, (bool)1, at::native::<unnamed>::ReduceAdd>(at::cuda::detail::TensorInfo<T1, T3>, at::cuda::detail::TensorInfo<const T1, T3>, at::cuda::detail::TensorInfo<const T2, T3>, int, int, T3, T3, long, long, const T8 &, T1)",21.796,2026-09-10T01:16:09.344236,"1024,1,1","128,1,1",24,0,0,0,,,,,,,,,,,,,,,,,,,
neighbor,python,"void at::native::vectorized_elementwise_kernel<(int)4, at::native::FillFunctor<float>, std::array<char *, (unsigned long)1>>(int, T2, T3)",1.182,2026-09-10T01:16:09.344244,"256,1,1","128,1,1",16,0,0,0,,,,,,,,,,,,,,,,,,,
neighbor,python,"void at::native::vectorized_gather_kernel<(int)16, long>(char *, char *, T2 *, int, long, long, long, long, bool)",33.941,2026-09-10T01:16:09.344253,"65536,1,1","32,1,1",24,0,0,0,,,,,,,,,,,,,,,,,,,
neighbor,python,"void at::native::elementwise_kernel<(int)128, (int)2, void at::native::gpu_kernel_impl_nocast<at::native::BinaryFunctor<float, float, float, at::native::binary_internal::MulFunctor<float>>>(at::TensorIteratorBase &, const T1 &)::[lambda(int) (instance 1)]>(int, T3)",10.226,2026-09-10T01:16:09.344261,"16384,1,1","128,1,1",16,0,0,0,,,,,,,,,,,,,,,,,,,
neighbor,python,"void at::native::indexFuncLargeIndex<float, long, unsigned int, (int)2, (int)2, (int)-2, (bool)1, at::native::<unnamed>::ReduceAdd>(at::cuda::detail::TensorInfo<T1, T3>, at::cuda::detail::TensorInfo<const T1, T3>, at::cuda::detail::TensorInfo<const T2, T3>, int, int, T3, T3, long, long, const T8 &, T1)",21.508,2026-09-10T01:16:09.344270,"1024,1,1","128,1,1",24,0,0,0,,,,,,,,,,,,,,,,,,,
neighbor,python,"void at::native::vectorized_elementwise_kernel<(int)4, at::native::FillFunctor<float>, std::array<char *, (unsigned long)1>>(int, T2, T3)",1.183,2026-09-10T01:16:09.344337,"256,1,1","128,1,1",16,0,0,0,,,,,,,,,,,,,,,,,,,
neighbor,python,"void at::native::vectorized_gather_kernel<(int)16, long>(char *, char *, T2 *, int, long, long, long, long, bool)",33.94,2026-09-10T01:16:09.344348,"65536,1,1","32,1,1",24,0,0,0,,,,,,,,,,,,,,,,,,,
neighbor,python,"void at::native::elementwise_kernel<(int)128, (int)2, void at::native::gpu_kernel_impl_nocast<at::native::BinaryFunctor<float, float, float, at::native::binary_internal::MulFunctor<float>>>(at::TensorIteratorBase &, const T1 &)::[lambda(int) (instance 1)]>(int, T3)",10.258,2026-09-10T01:16:09.344357,"16384,1,1","128,1,1",16,0,0,0,,,,,,,,,,,,,,,,,,,
neighbor,python,"void at::native::indexFuncLargeIndex<float, long, unsigned int, (int)2, (int)2, (int)-2, (bool)1, at::native::<unnamed>::ReduceAdd>(at::cuda::detail::TensorInfo<T1, T3>, at::cuda::detail::TensorInfo<const T1, T3>, at::cuda::detail::TensorInfo<const T2, T3>, int, int, T3, T3, long, long, const T8 &, T1)",21.444,2026-09-10T01:16:09.344366,"1024,1,1","128,1,1",24,0,0,0,,,,,,,,,,,,,,,,,,,
neighbor,python,"void at::native::vectorized_elementwise_kernel<(int)4, at::native::FillFunctor<float>, std::array<char *, (unsigned long)1>>(int, T2, T3)",1.182,2026-09-10T01:16:09.344374,"256,1,1","128,1,1",16,0,0,0,,,,,,,,,,,,,,,,,,,
neighbor,python,"void at::native::vectorized_gather_kernel<(int)16, long>(char *, char *, T2 *, int, long, long, long, long, bool)",33.973,2026-09-10T01:16:09.344383,"65536,1,1","32,1,1",24,0,0,0,,,,,,,,,,,,,,,,,,,
neighbor,python,"void at::native::elementwise_kernel<(int)128, (int)2, void at::native::gpu_kernel_impl_nocast<at::native::BinaryFunctor<float, float, float, at::native::binary_internal::MulFunctor<float>>>(at::TensorIteratorBase &, const T1 &)::[lambda(int) (instance 1)]>(int, T3)",10.227,2026-09-10T01:16:09.344392,"16384,1,1","128,1,1",16,0,0,0,,,,,,,,,,,,,,,,,,,
neighbor,python,"void at::native::indexFuncLargeIndex<float, long, unsigned int, (int)2, (int)2, (int)-2, (bool)1, at::native::<unnamed>::ReduceAdd>(at::cuda::detail::TensorInfo<T1, T3>, at::cuda::detail::TensorInfo<const T1, T3>, at::cuda::detail::TensorInfo<const T2, T3>, int, int, T3, T3, long, long, const T8 &, T1)",21.54,2026-09-10T01:16:09.344400,"1024,1,1","128,1,1",24,0,0,0,,,,,,,,,,,,,,,,,,,
neighbor,python,"void at::native::vectorized_elementwise_kernel<(int)4, at::native::FillFunctor<float>, std::array<char *, (unsigned long)1>>(int, T2, T3)",1.182,2026-09-10T01:16:09.344409,"256,1,1","128,1,1",16,0,0,0,,,,,,,,,,,,,,,,,,,
neighbor,python,"void at::native::vectorized_gather_kernel<(int)16, long>(char *, char *, T2 *, int, long, long, long, long, bool)",33.94,2026-09-10T01:16:09.344418,"65536,1,1","32,1,1",24,0,0,0,,,,,,,,,,,,,,,,,,,
neighbor,python,"void at::native::elementwise_kernel<(int)128, (int)2, void at::native::gpu_kernel_impl_nocast<at::native::BinaryFunctor<float, float, float, at::native::binary_internal::MulFunctor<float>>>(at::TensorIteratorBase &, const T1 &)::[lambda(int) (instance 1)]>(int, T3)",10.259,2026-09-10T01:16:09.344426,"16384,1,1","128,1,1",16,0,0,0,,,,,,,,,,,,,,,,,,,
neighbor,python,"void at::native::indexFuncLargeIndex<float, long, unsigned int, (int)2, (int)2, (int)-2, (bool)1, at::native::<unnamed>::ReduceAdd>(at::cuda::detail::TensorInfo<T1, T3>, at::cuda::detail::TensorInfo<const T1, T3>, at::cuda::detail::TensorInfo<const T2, T3>, int, int, T3, T3, long, long, const T8 &, T1)",21.412,2026-09-10T01:16:09.344435,"1024,1,1","128,1,1",24,0,0,0,,,,,,,,,,,,,,,,,,,
neighbor,python,"void at::native::vectorized_elementwise_kernel<(int)4, at::native::FillFunctor<float>, std::array<char *, (unsigned long)1>>(int, T2, T3)",1.151,2026-09-10T01:16:09.344443,"256,1,1","128,1,1",16,0,0,0,,,,,,,,,,,,,,,,,,,
neighbor,python,"void at::native::vectorized_gather_kernel<(int)16, long>(char *, char *, T2 *, int, long, long, long, long, bool)",33.94,2026-09-10T01:16:09.344452,"65536,1,1","32,1,1",24,0,0,0,,,,,,,,,,,,,,,,,,,
neighbor,python,"void at::native::elementwise_kernel<(int)128, (int)2, void at::native::gpu_kernel_impl_nocast<at::native::BinaryFunctor<float, float, float, at::native::binary_internal::MulFunctor<float>>>(at::TensorIteratorBase &, const T1 &)::[lambda(int) (instance 1)]>(int, T3)",10.226,2026-09-10T01:16:09.344460,"16384,1,1","128,1,1",16,0,0,0,,,,,,,,,,,,,,,,,,,
neighbor,python,"void at::native::indexFuncLargeIndex<float, long, unsigned int, (int)2, (int)2, (int)-2, (bool)1, at::native::<unnamed>::ReduceAdd>(at::cuda::detail::TensorInfo<T1, T3>, at::cuda::detail::TensorInfo<const T1, T3>, at::cuda::detail::TensorInfo<const T2, T3>, int, int, T3, T3, long, long, const T8 &, T1)",21.476,2026-09-10T01:16:09.344469,"1024,1,1","128,1,1",24,0,0,0,,,,,,,,,,,,,,,,,,,
neighbor,python,"void at::native::vectorized_elementwise_kernel<(int)4, at::native::FillFunctor<float>, std::array<char *, (unsigned long)1>>(int, T2, T3)",1.183,2026-09-10T01:16:09.344477,"256,1,1","128,1,1",16,0,0,0,,,,,,,,,,,,,,,,,,,
neighbor,python,"void at::native::vectorized_gather_kernel<(int)16, long>(char *, char *, T2 *, int, long, long, long, long, bool)",33.94,2026-09-10T01:16:09.344486,"65536,1,1","32,1,1",24,0,0,0,,,,,,,,,,,,,,,,,,,
neighbor,python,"void at::native::elementwise_kernel<(int)128, (int)2, void at::native::gpu_kernel_impl_nocast<at::native::BinaryFunctor<float, float, float, at::native::binary_internal::MulFunctor<float>>>(at::TensorIteratorBase &, const T1 &)::[lambda(int) (instance 1)]>(int, T3)",10.227,2026-09-10T01:16:09.344495,"16384,1,1","128,1,1",16,0,0,0,,,,,,,,,,,,,,,,,,,
neighbor,python,"void at::native::indexFuncLargeIndex<float, long, unsigned int, (int)2, (int)2, (int)-2, (bool)1, at::native::<unnamed>::ReduceAdd>(at::cuda::detail::TensorInfo<T1, T3>, at::cuda::detail::TensorInfo<const T1, T3>, at::cuda::detail::TensorInfo<const T2, T3>, int, int, T3, T3, long, long, const T8 &, T1)",21.54,2026-09-10T01:16:09.344503,"1024,1,1","128,1,1",24,0,0,0,,,,,,,,,,,,,,,,,,,
neighbor,python,"void at::native::vectorized_elementwise_kernel<(int)4, at::native::FillFunctor<float>, std::array<char *, (unsigned long)1>>(int, T2, T3)",1.182,2026-09-10T01:16:09.344512,"256,1,1","128,1,1",16,0,0,0,,,,,,,,,,,,,,,,,,,
neighbor,python,"void at::native::vectorized_gather_kernel<(int)16, long>(char *, char *, T2 *, int, long, long, long, long, bool)",33.973,2026-09-10T01:16:09.344520,"65536,1,1","32,1,1",24,0,0,0,,,,,,,,,,,,,,,,,,,
neighbor,python,"void at::native::elementwise_kernel<(int)128, (int)2, void at::native::gpu_kernel_impl_nocast<at::native::BinaryFunctor<float, float, float, at::native::binary_internal::MulFunctor<float>>>(at::TensorIteratorBase &, const T1 &)::[lambda(int) (instance 1)]>(int, T3)",10.195,2026-09-10T01:16:09.344529,"16384,1,1","128,1,1",16,0,0,0,,,,,,,,,,,,,,,,,,,
neighbor,python,"void at::native::indexFuncLargeIndex<float, long, unsigned int, (int)2, (int)2, (int)-2, (bool)1, at::native::<unnamed>::ReduceAdd>(at::cuda::detail::TensorInfo<T1, T3>, at::cuda::detail::TensorInfo<const T1, T3>, at::cuda::detail::TensorInfo<const T2, T3>, int, int, T3, T3, long, long, const T8 &, T1)",21.636,2026-09-10T01:16:09.344537,"1024,1,1","128,1,1",24,0,0,0,,,,,,,,,,,,,,,,,,,
neighbor,python,"void at::native::vectorized_elementwise_kernel<(int)4, at::native::FillFunctor<float>, std::array<char *, (unsigned long)1>>(int, T2, T3)",1.182,2026-09-10T01:16:09.344546,"256,1,1","128,1,1",16,0,0,0,,,,,,,,,,,,,,,,,,,
neighbor,python,"void at::native::vectorized_gather_kernel<(int)16, long>(char *, char *, T2 *, int, long, long, long, long, bool)",33.94,2026-09-10T01:16:09.344554,"65536,1,1","32,1,1",24,0,0,0,,,,,,,,,,,,,,,,,,,
neighbor,python,"void at::native::elementwise_kernel<(int)128, (int)2, void at::native::gpu_kernel_impl_nocast<at::native::BinaryFunctor<float, float, float, at::native::binary_internal::MulFunctor<float>>>(at::TensorIteratorBase &, const T1 &)::[lambda(int) (instance 1)]>(int, T3)",10.227,2026-09-10T01:16:09.344563,"16384,1,1","128,1,1",16,0,0,0,,,,,,,,,,,,,,,,,,,
neighbor,python,"void at::native::indexFuncLargeIndex<float, long, unsigned int, (int)2, (int)2, (int)-2, (bool)1, at::native::<unnamed>::ReduceAdd>(at::cuda::detail::TensorInfo<T1, T3>, at::cuda::detail::TensorInfo<const T1, T3>, at::cuda::detail::TensorInfo<const T2, T3>, int, int, T3, T3, long, long, const T8 &, T1)",21.636,2026-09-10T01:16:09.344571,"1024,1,1","128,1,1",24,0,0,0,,,,,,,,,,,,,,,,,,,
neighbor,python,"void at::native::vectorized_elementwise_kernel<(int)4, at::native::FillFunctor<float>, std::array<char *, (unsigned long)1>>(int, T2, T3)",1.183,2026-09-10T01:16:09.344580,"256,1,1","128,1,1",16,0,0,0,,,,,,,,,,,,,,,,,,,
neighbor,python,"void at::native::vectorized_gather_kernel<(int)16, long>(char *, char *, T2 *, int, long, long, long, long, bool)",33.94,2026-09-10T01:16:09.344588,"65536,1,1","32,1,1",24,0,0,0,,,,,,,,,,,,,,,,,,,
neighbor,python,"void at::native::elementwise_kernel<(int)128, (int)2, void at::native::gpu_kernel_impl_nocast<at::native::BinaryFunctor<float, float, float, at::native::binary_internal::MulFunctor<float>>>(at::TensorIteratorBase &, const T1 &)::[lambda(int) (instance 1)]>(int, T3)",10.195,2026-09-10T01:16:09.344601,"16384,1,1","128,1,1",16,0,0,0,,,,,,,,,,,,,,,,,,,
neighbor,python,"void at::native::indexFuncLargeIndex<float, long, unsigned int, (int)2, (int)2, (int)-2, (bool)1, at::native::<unnamed>::ReduceAdd>(at::cuda::detail::TensorInfo<T1, T3>, at::cuda::detail::TensorInfo<const T1, T3>, at::cuda::detail::TensorInfo<const T2, T3>, int, int, T3, T3, long, long, const T8 &, T1)",21.508,2026-09-10T01:16:09.344610,"1024,1,1","128,1,1",24,0,0,0,,,,,,,,,,,,,,,,,,,
neighbor,python,"void at::native::vectorized_elementwise_kernel<(int)4, at::native::FillFunctor<float>, std::array<char *, (unsigned long)1>>(int, T2, T3)",1.15,2026-09-10T01:16:09.344618,"256,1,1","128,1,1",16,0,0,0,,,,,,,,,,,,,,,,,,,
neighbor,python,"void at::native::vectorized_gather_kernel<(int)16, long>(char *, char *, T2 *, int, long, long, long, long, bool)",33.94,2026-09-10T01:16:09.344627,"65536,1,1","32,1,1",24,0,0,0,,,,,,,,,,,,,,,,,,,
neighbor,python,"void at::native::elementwise_kernel<(int)128, (int)2, void at::native::gpu_kernel_impl_nocast<at::native::BinaryFunctor<float, float, float, at::native::binary_internal::MulFunctor<float>>>(at::TensorIteratorBase &, const T1 &)::[lambda(int) (instance 1)]>(int, T3)",10.226,2026-09-10T01:16:09.344639,"16384,1,1","128,1,1",16,0,0,0,,,,,,,,,,,,,,,,,,,
neighbor,python,"void at::native::indexFuncLargeIndex<float, long, unsigned int, (int)2, (int)2, (int)-2, (bool)1, at::native::<unnamed>::ReduceAdd>(at::cuda::detail::TensorInfo<T1, T3>, at::cuda::detail::TensorInfo<const T1, T3>, at::cuda::detail::TensorInfo<const T2, T3>, int, int, T3, T3, long, long, const T8 &, T1)",21.541,2026-09-10T01:16:09.344652,"1024,1,1","128,1,1",24,0,0,0,,,,,,,,,,,,,,,,,,,
neighbor,python,"void at::native::vectorized_elementwise_kernel<(int)4, at::native::FillFunctor<float>, std::array<char *, (unsigned long)1>>(int, T2, T3)",1.182,2026-09-10T01:16:09.344662,"256,1,1","128,1,1",16,0,0,0,,,,,,,,,,,,,,,,,,,
neighbor,python,"void at::native::vectorized_gather_kernel<(int)16, long>(char *, char *, T2 *, int, long, long, long, long, bool)",33.941,2026-09-10T01:16:09.344671,"65536,1,1","32,1,1",24,0,0,0,,,,,,,,,,,,,,,,,,,
neighbor,python,"void at::native::elementwise_kernel<(int)128, (int)2, void at::native::gpu_kernel_impl_nocast<at::native::BinaryFunctor<float, float, float, at::native::binary_internal::MulFunctor<float>>>(at::TensorIteratorBase &, const T1 &)::[lambda(int) (instance 1)]>(int, T3)",10.227,2026-09-10T01:16:09.344680,"16384,1,1","128,1,1",16,0,0,0,,,,,,,,,,,,,,,,,,,
neighbor,python,"void at::native::indexFuncLargeIndex<float, long, unsigned int, (int)2, (int)2, (int)-2, (bool)1, at::native::<unnamed>::ReduceAdd>(at::cuda::detail::TensorInfo<T1, T3>, at::cuda::detail::TensorInfo<const T1, T3>, at::cuda::detail::TensorInfo<const T2, T3>, int, int, T3, T3, long, long, const T8 &, T1)",21.444,2026-09-10T01:16:09.344689,"1024,1,1","128,1,1",24,0,0,0,,,,,,,,,,,,,,,,,,,
neighbor,python,"void at::native::vectorized_elementwise_kernel<(int)4, at::native::FillFunctor<float>, std::array<char *, (unsigned long)1>>(int, T2, T3)",1.183,2026-09-10T01:16:09.344697,"256,1,1","128,1,1",16,0,0,0,,,,,,,,,,,,,,,,,,,
neighbor,python,"void at::native::vectorized_gather_kernel<(int)16, long>(char *, char *, T2 *, int, long, long, long, long, bool)",33.94,2026-09-10T01:16:09.344706,"65536,1,1","32,1,1",24,0,0,0,,,,,,,,,,,,,,,,,,,
neighbor,python,"void at::native::elementwise_kernel<(int)128, (int)2, void at::native::gpu_kernel_impl_nocast<at::native::BinaryFunctor<float, float, float, at::native::binary_internal::MulFunctor<float>>>(at::TensorIteratorBase &, const T1 &)::[lambda(int) (instance 1)]>(int, T3)",10.292,2026-09-10T01:16:09.344714,"16384,1,1","128,1,1",16,0,0,0,,,,,,,,,,,,,,,,,,,
neighbor,python,"void at::native::indexFuncLargeIndex<float, long, unsigned int, (int)2, (int)2, (int)-2, (bool)1, at::native::<unnamed>::ReduceAdd>(at::cuda::detail::TensorInfo<T1, T3>, at::cuda::detail::TensorInfo<const T1, T3>, at::cuda::detail::TensorInfo<const T2, T3>, int, int, T3, T3, long, long, const T8 &, T1)",21.796,2026-09-10T01:16:09.344723,"1024,1,1","128,1,1",24,0,0,0,,,,,,,,,,,,,,,,,,,
neighbor,python,"void at::native::vectorized_elementwise_kernel<(int)4, at::native::FillFunctor<float>, std::array<char *, (unsigned long)1>>(int, T2, T3)",1.182,2026-09-10T01:16:09.344732,"256,1,1","128,1,1",16,0,0,0,,,,,,,,,,,,,,,,,,,
neighbor,python,"void at::native::vectorized_gather_kernel<(int)16, long>(char *, char *, T2 *, int, long, long, long, long, bool)",34.004,2026-09-10T01:16:09.344740,"65536,1,1","32,1,1",24,0,0,0,,,,,,,,,,,,,,,,,,,
neighbor,python,"void at::native::elementwise_kernel<(int)128, (int)2, void at::native::gpu_kernel_impl_nocast<at::native::BinaryFunctor<float, float, float, at::native::binary_internal::MulFunctor<float>>>(at::TensorIteratorBase &, const T1 &)::[lambda(int) (instance 1)]>(int, T3)",10.227,2026-09-10T01:16:09.344748,"16384,1,1","128,1,1",16,0,0,0,,,,,,,,,,,,,,,,,,,
neighbor,python,"void at::native::indexFuncLargeIndex<float, long, unsigned int, (int)2, (int)2, (int)-2, (bool)1, at::native::<unnamed>::ReduceAdd>(at::cuda::detail::TensorInfo<T1, T3>, at::cuda::detail::TensorInfo<const T1, T3>, at::cuda::detail::TensorInfo<const T2, T3>, int, int, T3, T3, long, long, const T8 &, T1)",21.604,2026-09-10T01:16:09.344757,"1024,1,1","128,1,1",24,0,0,0,,,,,,,,,,,,,,,,,,,
neighbor,python,"void at::native::vectorized_elementwise_kernel<(int)4, at::native::FillFunctor<float>, std::array<char *, (unsigned long)1>>(int, T2, T3)",1.151,2026-09-10T01:16:09.344766,"256,1,1","128,1,1",16,0,0,0,,,,,,,,,,,,,,,,,,,
neighbor,python,"void at::native::vectorized_gather_kernel<(int)16, long>(char *, char *, T2 *, int, long, long, long, long, bool)",33.94,2026-09-10T01:16:09.344774,"65536,1,1","32,1,1",24,0,0,0,,,,,,,,,,,,,,,,,,,
neighbor,python,"void at::native::elementwise_kernel<(int)128, (int)2, void at::native::gpu_kernel_impl_nocast<at::native::BinaryFunctor<float, float, float, at::native::binary_internal::MulFunctor<float>>>(at::TensorIteratorBase &, const T1 &)::[lambda(int) (instance 1)]>(int, T3)",10.227,2026-09-10T01:16:09.344783,"16384,1,1","128,1,1",16,0,0,0,,,,,,,,,,,,,,,,,,,
neighbor,python,"void at::native::indexFuncLargeIndex<float, long, unsigned int, (int)2, (int)2, (int)-2, (bool)1, at::native::<unnamed>::ReduceAdd>(at::cuda::detail::TensorInfo<T1, T3>, at::cuda::detail::TensorInfo<const T1, T3>, at::cuda::detail::TensorInfo<const T2, T3>, int, int, T3, T3, long, long, const T8 &, T1)",21.476,2026-09-10T01:16:09.344791,"1024,1,1","128,1,1",24,0,0,0,,,,,,,,,,,,,,,,,,,
neighbor,python,"void at::native::vectorized_elementwise_kernel<(int)4, at::native::FillFunctor<float>, std::array<char *, (unsigned long)1>>(int, T2, T3)",1.182,2026-09-10T01:16:09.344800,"256,1,1","128,1,1",16,0,0,0,,,,,,,,,,,,,,,,,,,
neighbor,python,"void at::native::vectorized_gather_kernel<(int)16, long>(char *, char *, T2 *, int, long, long, long, long, bool)",33.941,2026-09-10T01:16:09.344809,"65536,1,1","32,1,1",24,0,0,0,,,,,,,,,,,,,,,,,,,
neighbor,python,"void at::native::elementwise_kernel<(int)128, (int)2, void at::native::gpu_kernel_impl_nocast<at::native::BinaryFunctor<float, float, float, at::native::binary_internal::MulFunctor<float>>>(at::TensorIteratorBase &, const T1 &)::[lambda(int) (instance 1)]>(int, T3)",10.259,2026-09-10T01:16:09.344817,"16384,1,1","128,1,1",16,0,0,0,,,,,,,,,,,,,,,,,,,
neighbor,python,"void at::native::indexFuncLargeIndex<float, long, unsigned int, (int)2, (int)2, (int)-2, (bool)1, at::native::<unnamed>::ReduceAdd>(at::cuda::detail::TensorInfo<T1, T3>, at::cuda::detail::TensorInfo<const T1, T3>, at::cuda::detail::TensorInfo<const T2, T3>, int, int, T3, T3, long, long, const T8 &, T1)",21.54,2026-09-10T01:16:09.344825,"1024,1,1","128,1,1",24,0,0,0,,,,,,,,,,,,,,,,,,,
neighbor,python,"void at::native::vectorized_elementwise_kernel<(int)4, at::native::FillFunctor<float>, std::array<char *, (unsigned long)1>>(int, T2, T3)",1.183,2026-09-10T01:16:09.344834,"256,1,1","128,1,1",16,0,0,0,,,,,,,,,,,,,,,,,,,
neighbor,python,"void at::native::vectorized_gather_kernel<(int)16, long>(char *, char *, T2 *, int, long, long, long, long, bool)",33.94,2026-09-10T01:16:09.344843,"65536,1,1","32,1,1",24,0,0,0,,,,,,,,,,,,,,,,,,,
neighbor,python,"void at::native::elementwise_kernel<(int)128, (int)2, void at::native::gpu_kernel_impl_nocast<at::native::BinaryFunctor<float, float, float, at::native::binary_internal::MulFunctor<float>>>(at::TensorIteratorBase &, const T1 &)::[lambda(int) (instance 1)]>(int, T3)",10.259,2026-09-10T01:16:09.344851,"16384,1,1","128,1,1",16,0,0,0,,,,,,,,,,,,,,,,,,,
neighbor,python,"void at::native::indexFuncLargeIndex<float, long, unsigned int, (int)2, (int)2, (int)-2, (bool)1, at::native::<unnamed>::ReduceAdd>(at::cuda::detail::TensorInfo<T1, T3>, at::cuda::detail::TensorInfo<const T1, T3>, at::cuda::detail::TensorInfo<const T2, T3>, int, int, T3, T3, long, long, const T8 &, T1)",21.509,2026-09-10T01:16:09.344860,"1024,1,1","128,1,1",24,0,0,0,,,,,,,,,,,,,,,,,,,
neighbor,python,"void at::native::vectorized_elementwise_kernel<(int)4, at::native::FillFunctor<float>, std::array<char *, (unsigned long)1>>(int, T2, T3)",1.15,2026-09-10T01:16:09.344869,"256,1,1","128,1,1",16,0,0,0,,,,,,,,,,,,,,,,,,,
neighbor,python,"void at::native::vectorized_gather_kernel<(int)16, long>(char *, char *, T2 *, int, long, long, long, long, bool)",33.94,2026-09-10T01:16:09.344877,"65536,1,1","32,1,1",24,0,0,0,,,,,,,,,,,,,,,,,,,
neighbor,python,"void at::native::elementwise_kernel<(int)128, (int)2, void at::native::gpu_kernel_impl_nocast<at::native::BinaryFunctor<float, float, float, at::native::binary_internal::MulFunctor<float>>>(at::TensorIteratorBase &, const T1 &)::[lambda(int) (instance 1)]>(int, T3)",10.195,2026-09-10T01:16:09.344886,"16384,1,1","128,1,1",16,0,0,0,,,,,,,,,,,,,,,,,,,
neighbor,python,"void at::native::indexFuncLargeIndex<float, long, unsigned int, (int)2, (int)2, (int)-2, (bool)1, at::native::<unnamed>::ReduceAdd>(at::cuda::detail::TensorInfo<T1, T3>, at::cuda::detail::TensorInfo<const T1, T3>, at::cuda::detail::TensorInfo<const T2, T3>, int, int, T3, T3, long, long, const T8 &, T1)",21.444,2026-09-10T01:16:09.344895,"1024,1,1","128,1,1",24,0,0,0,,,,,,,,,,,,,,,,,,,
neighbor,python,"void at::native::vectorized_elementwise_kernel<(int)4, at::native::FillFunctor<float>, std::array<char *, (unsigned long)1>>(int, T2, T3)",1.15,2026-09-10T01:16:09.344904,"256,1,1","128,1,1",16,0,0,0,,,,,,,,,,,,,,,,,,,
neighbor,python,"void at::native::vectorized_gather_kernel<(int)16, long>(char *, char *, T2 *, int, long, long, long, long, bool)",33.941,2026-09-10T01:16:09.344912,"65536,1,1","32,1,1",24,0,0,0,,,,,,,,,,,,,,,,,,,
neighbor,python,"void at::native::elementwise_kernel<(int)128, (int)2, void at::native::gpu_kernel_impl_nocast<at::native::BinaryFunctor<float, float, float, at::native::binary_internal::MulFunctor<float>>>(at::TensorIteratorBase &, const T1 &)::[lambda(int) (instance 1)]>(int, T3)",10.227,2026-09-10T01:16:09.344921,"16384,1,1","128,1,1",16,0,0,0,,,,,,,,,,,,,,,,,,,
neighbor,python,"void at::native::indexFuncLargeIndex<float, long, unsigned int, (int)2, (int)2, (int)-2, (bool)1, at::native::<unnamed>::ReduceAdd>(at::cuda::detail::TensorInfo<T1, T3>, at::cuda::detail::TensorInfo<const T1, T3>, at::cuda::detail::TensorInfo<const T2, T3>, int, int, T3, T3, long, long, const T8 &, T1)",21.541,2026-09-10T01:16:09.344929,"1024,1,1","128,1,1",24,0,0,0,,,,,,,,,,,,,,,,,,,
neighbor,python,"void at::native::vectorized_elementwise_kernel<(int)4, at::native::FillFunctor<float>, std::array<char *, (unsigned long)1>>(int, T2, T3)",1.151,2026-09-10T01:16:09.344938,"256,1,1","128,1,1",16,0,0,0,,,,,,,,,,,,,,,,,,,
neighbor,python,"void at::native::vectorized_gather_kernel<(int)16, long>(char *, char *, T2 *, int, long, long, long, long, bool)",33.941,2026-09-10T01:16:09.344946,"65536,1,1","32,1,1",24,0,0,0,,,,,,,,,,,,,,,,,,,
neighbor,python,"void at::native::elementwise_kernel<(int)128, (int)2, void at::native::gpu_kernel_impl_nocast<at::native::BinaryFunctor<float, float, float, at::native::binary_internal::MulFunctor<float>>>(at::TensorIteratorBase &, const T1 &)::[lambda(int) (instance 1)]>(int, T3)",10.227,2026-09-10T01:16:09.344955,"16384,1,1","128,1,1",16,0,0,0,,,,,,,,,,,,,,,,,,,
neighbor,python,"void at::native::indexFuncLargeIndex<float, long, unsigned int, (int)2, (int)2, (int)-2, (bool)1, at::native::<unnamed>::ReduceAdd>(at::cuda::detail::TensorInfo<T1, T3>, at::cuda::detail::TensorInfo<const T1, T3>, at::cuda::detail::TensorInfo<const T2, T3>, int, int, T3, T3, long, long, const T8 &, T1)",21.508,2026-09-10T01:16:09.344963,"1024,1,1","128,1,1",24,0,0,0,,,,,,,,,,,,,,,,,,,
neighbor,python,"void at::native::vectorized_elementwise_kernel<(int)4, at::native::FillFunctor<float>, std::array<char *, (unsigned long)1>>(int, T2, T3)",1.183,2026-09-10T01:16:09.344972,"256,1,1","128,1,1",16,0,0,0,,,,,,,,,,,,,,,,,,,
neighbor,python,"void at::native::vectorized_gather_kernel<(int)16, long>(char *, char *, T2 *, int, long, long, long, long, bool)",33.94,2026-09-10T01:16:09.344980,"65536,1,1","32,1,1",24,0,0,0,,,,,,,,,,,,,,,,,,,
neighbor,python,"void at::native::elementwise_kernel<(int)128, (int)2, void at::native::gpu_kernel_impl_nocast<at::native::BinaryFunctor<float, float, float, at::native::binary_internal::MulFunctor<float>>>(at::TensorIteratorBase &, const T1 &)::[lambda(int) (instance 1)]>(int, T3)",10.226,2026-09-10T01:16:09.344989,"16384,1,1","128,1,1",16,0,0,0,,,,,,,,,,,,,,,,,,,
neighbor,python,"void at::native::indexFuncLargeIndex<float, long, unsigned int, (int)2, (int)2, (int)-2, (bool)1, at::native::<unnamed>::ReduceAdd>(at::cuda::detail::TensorInfo<T1, T3>, at::cuda::detail::TensorInfo<const T1, T3>, at::cuda::detail::TensorInfo<const T2, T3>, int, int, T3, T3, long, long, const T8 &, T1)",21.348,2026-09-10T01:16:09.344997,"1024,1,1","128,1,1",24,0,0,0,,,,,,,,,,,,,,,,,,,
neighbor,python,"void at::native::vectorized_elementwise_kernel<(int)4, at::native::FillFunctor<float>, std::array<char *, (unsigned long)1>>(int, T2, T3)",1.151,2026-09-10T01:16:09.345006,"256,1,1","128,1,1",16,0,0,0,,,,,,,,,,,,,,,,,,,
neighbor,python,"void at::native::vectorized_gather_kernel<(int)16, long>(char *, char *, T2 *, int, long, long, long, long, bool)",33.94,2026-09-10T01:16:09.345014,"65536,1,1","32,1,1",24,0,0,0,,,,,,,,,,,,,,,,,,,
neighbor,python,"void at::native::elementwise_kernel<(int)128, (int)2, void at::native::gpu_kernel_impl_nocast<at::native::BinaryFunctor<float, float, float, at::native::binary_internal::MulFunctor<float>>>(at::TensorIteratorBase &, const T1 &)::[lambda(int) (instance 1)]>(int, T3)",10.226,2026-09-10T01:16:09.345023,"16384,1,1","128,1,1",16,0,0,0,,,,,,,,,,,,,,,,,,,
neighbor,python,"void at::native::indexFuncLargeIndex<float, long, unsigned int, (int)2, (int)2, (int)-2, (bool)1, at::native::<unnamed>::ReduceAdd>(at::cuda::detail::TensorInfo<T1, T3>, at::cuda::detail::TensorInfo<const T1, T3>, at::cuda::detail::TensorInfo<const T2, T3>, int, int, T3, T3, long, long, const T8 &, T1)",21.635,2026-09-10T01:16:09.345031,"1024,1,1","128,1,1",24,0,0,0,,,,,,,,,,,,,,,,,,,
neighbor,python,"void at::native::vectorized_elementwise_kernel<(int)4, at::native::FillFunctor<float>, std::array<char *, (unsigned long)1>>(int, T2, T3)",1.182,2026-09-10T01:16:09.345040,"256,1,1","128,1,1",16,0,0,0,,,,,,,,,,,,,,,,,,,
neighbor,python,"void at::native::vectorized_gather_kernel<(int)16, long>(char *, char *, T2 *, int, long, long, long, long, bool)",33.973,2026-09-10T01:16:09.345048,"65536,1,1","32,1,1",24,0,0,0,,,,,,,,,,,,,,,,,,,
neighbor,python,"void at::native::elementwise_kernel<(int)128, (int)2, void at::native::gpu_kernel_impl_nocast<at::native::BinaryFunctor<float, float, float, at::native::binary_internal::MulFunctor<float>>>(at::TensorIteratorBase &, const T1 &)::[lambda(int) (instance 1)]>(int, T3)",10.227,2026-09-10T01:16:09.345057,"16384,1,1","128,1,1",16,0,0,0,,,,,,,,,,,,,,,,,,,
neighbor,python,"void at::native::indexFuncLargeIndex<float, long, unsigned int, (int)2, (int)2, (int)-2, (bool)1, at::native::<unnamed>::ReduceAdd>(at::cuda::detail::TensorInfo<T1, T3>, at::cuda::detail::TensorInfo<const T1, T3>, at::cuda::detail::TensorInfo<const T2, T3>, int, int, T3, T3, long, long, const T8 &, T1)",21.54,2026-09-10T01:16:09.345065,"1024,1,1","128,1,1",24,0,0,0,,,,,,,,,,,,,,,,,,,
neighbor,python,"void at::native::vectorized_elementwise_kernel<(int)4, at::native::FillFunctor<float>, std::array<char *, (unsigned long)1>>(int, T2, T3)",1.151,2026-09-10T01:16:09.345074,"256,1,1","128,1,1",16,0,0,0,,,,,,,,,,,,,,,,,,,
neighbor,python,"void at::native::vectorized_gather_kernel<(int)16, long>(char *, char *, T2 *, int, long, long, long, long, bool)",33.94,2026-09-10T01:16:09.345082,"65536,1,1","32,1,1",24,0,0,0,,,,,,,,,,,,,,,,,,,
neighbor,python,"void at::native::elementwise_kernel<(int)128, (int)2, void at::native::gpu_kernel_impl_nocast<at::native::BinaryFunctor<float, float, float, at::native::binary_internal::MulFunctor<float>>>(at::TensorIteratorBase &, const T1 &)::[lambda(int) (instance 1)]>(int, T3)",10.226,2026-09-10T01:16:09.345091,"16384,1,1","128,1,1",16,0,0,0,,,,,,,,,,,,,,,,,,,
neighbor,python,"void at::native::indexFuncLargeIndex<float, long, unsigned int, (int)2, (int)2, (int)-2, (bool)1, at::native::<unnamed>::ReduceAdd>(at::cuda::detail::TensorInfo<T1, T3>, at::cuda::detail::TensorInfo<const T1, T3>, at::cuda::detail::TensorInfo<const T2, T3>, int, int, T3, T3, long, long, const T8 &, T1)",21.668,2026-09-10T01:16:09.345099,"1024,1,1","128,1,1",24,0,0,0,,,,,,,,,,,,,,,,,,,
neighbor,python,"void at::native::vectorized_elementwise_kernel<(int)4, at::native::FillFunctor<float>, std::array<char *, (unsigned long)1>>(int, T2, T3)",1.182,2026-09-10T01:16:09.345108,"256,1,1","128,1,1",16,0,0,0,,,,,,,,,,,,,,,,,,,
neighbor,python,"void at::native::vectorized_gather_kernel<(int)16, long>(char *, char *, T2 *, int, long, long, long, long, bool)",33.941,2026-09-10T01:16:09.345116,"65536,1,1","32,1,1",24,0,0,0,,,,,,,,,,,,,,,,,,,
neighbor,python,"void at::native::elementwise_kernel<(int)128, (int)2, void at::native::gpu_kernel_impl_nocast<at::native::BinaryFunctor<float, float, float, at::native::binary_internal::MulFunctor<float>>>(at::TensorIteratorBase &, const T1 &)::[lambda(int) (instance 1)]>(int, T3)",10.227,2026-09-10T01:16:09.345125,"16384,1,1","128,1,1",16,0,0,0,,,,,,,,,,,,,,,,,,,
neighbor,python,"void at::native::indexFuncLargeIndex<float, long, unsigned int, (int)2, (int)2, (int)-2, (bool)1, at::native::<unnamed>::ReduceAdd>(at::cuda::detail::TensorInfo<T1, T3>, at::cuda::detail::TensorInfo<const T1, T3>, at::cuda::detail::TensorInfo<const T2, T3>, int, int, T3, T3, long, long, const T8 &, T1)",21.476,2026-09-10T01:16:09.345133,"1024,1,1","128,1,1",24,0,0,0,,,,,,,,,,,,,,,,,,,
neighbor,python,"void at::native::vectorized_elementwise_kernel<(int)4, at::native::FillFunctor<float>, std::array<char *, (unsigned long)1>>(int, T2, T3)",1.183,2026-09-10T01:16:09.345142,"256,1,1","128,1,1",16,0,0,0,,,,,,,,,,,,,,,,,,,
neighbor,python,"void at::native::vectorized_gather_kernel<(int)16, long>(char *, char *, T2 *, int, long, long, long, long, bool)",33.94,2026-09-10T01:16:09.345151,"65536,1,1","32,1,1",24,0,0,0,,,,,,,,,,,,,,,,,,,
neighbor,python,"void at::native::elementwise_kernel<(int)128, (int)2, void at::native::gpu_kernel_impl_nocast<at::native::BinaryFunctor<float, float, float, at::native::binary_internal::MulFunctor<float>>>(at::TensorIteratorBase &, const T1 &)::[lambda(int) (instance 1)]>(int, T3)",10.228,2026-09-10T01:16:09.345159,"16384,1,1","128,1,1",16,0,0,0,,,,,,,,,,,,,,,,,,,
neighbor,python,"void at::native::indexFuncLargeIndex<float, long, unsigned int, (int)2, (int)2, (int)-2, (bool)1, at::native::<unnamed>::ReduceAdd>(at::cuda::detail::TensorInfo<T1, T3>, at::cuda::detail::TensorInfo<const T1, T3>, at::cuda::detail::TensorInfo<const T2, T3>, int, int, T3, T3, long, long, const T8 &, T1)",21.476,2026-09-10T01:16:09.345168,"1024,1,1","128,1,1",24,0,0,0,,,,,,,,,,,,,,,,,,,
neighbor,python,"void at::native::vectorized_elementwise_kernel<(int)4, at::native::FillFunctor<float>, std::array<char *, (unsigned long)1>>(int, T2, T3)",1.182,2026-09-10T01:16:09.345176,"256,1,1","128,1,1",16,0,0,0,,,,,,,,,,,,,,,,,,,
neighbor,python,"void at::native::vectorized_gather_kernel<(int)16, long>(char *, char *, T2 *, int, long, long, long, long, bool)",33.94,2026-09-10T01:16:09.345185,"65536,1,1","32,1,1",24,0,0,0,,,,,,,,,,,,,,,,,,,
neighbor,python,"void at::native::elementwise_kernel<(int)128, (int)2, void at::native::gpu_kernel_impl_nocast<at::native::BinaryFunctor<float, float, float, at::native::binary_internal::MulFunctor<float>>>(at::TensorIteratorBase &, const T1 &)::[lambda(int) (instance 1)]>(int, T3)",10.259,2026-09-10T01:16:09.345193,"16384,1,1","128,1,1",16,0,0,0,,,,,,,,,,,,,,,,,,,
neighbor,python,"void at::native::indexFuncLargeIndex<float, long, unsigned int, (int)2, (int)2, (int)-2, (bool)1, at::native::<unnamed>::ReduceAdd>(at::cuda::detail::TensorInfo<T1, T3>, at::cuda::detail::TensorInfo<const T1, T3>, at::cuda::detail::TensorInfo<const T2, T3>, int, int, T3, T3, long, long, const T8 &, T1)",21.445,2026-09-10T01:16:09.345209,"1024,1,1","128,1,1",24,0,0,0,,,,,,,,,,,,,,,,,,,
neighbor,python,"void at::native::vectorized_elementwise_kernel<(int)4, at::native::FillFunctor<float>, std::array<char *, (unsigned long)1>>(int, T2, T3)",1.182,2026-09-10T01:16:09.345222,"256,1,1","128,1,1",16,0,0,0,,,,,,,,,,,,,,,,,,,
neighbor,python,"void at::native::vectorized_gather_kernel<(int)16, long>(char *, char *, T2 *, int, long, long, long, long, bool)",33.941,2026-09-10T01:16:09.345231,"65536,1,1","32,1,1",24,0,0,0,,,,,,,,,,,,,,,,,,,
neighbor,python,"void at::native::elementwise_kernel<(int)128, (int)2, void at::native::gpu_kernel_impl_nocast<at::native::BinaryFunctor<float, float, float, at::native::binary_internal::MulFunctor<float>>>(at::TensorIteratorBase &, const T1 &)::[lambda(int) (instance 1)]>(int, T3)",10.227,2026-09-10T01:16:09.345240,"16384,1,1","128,1,1",16,0,0,0,,,,,,,,,,,,,,,,,,,
neighbor,python,"void at::native::indexFuncLargeIndex<float, long, unsigned int, (int)2, (int)2, (int)-2, (bool)1, at::native::<unnamed>::ReduceAdd>(at::cuda::detail::TensorInfo<T1, T3>, at::cuda::detail::TensorInfo<const T1, T3>, at::cuda::detail::TensorInfo<const T2, T3>, int, int, T3, T3, long, long, const T8 &, T1)",21.636,2026-09-10T01:16:09.345249,"1024,1,1","128,1,1",24,0,0,0,,,,,,,,,,,,,,,,,,,
neighbor,python,"void at::native::vectorized_elementwise_kernel<(int)4, at::native::FillFunctor<float>, std::array<char *, (unsigned long)1>>(int, T2, T3)",1.183,2026-09-10T01:16:09.345258,"256,1,1","128,1,1",16,0,0,0,,,,,,,,,,,,,,,,,,,
neighbor,python,"void at::native::vectorized_gather_kernel<(int)16, long>(char *, char *, T2 *, int, long, long, long, long, bool)",33.94,2026-09-10T01:16:09.345266,"65536,1,1","32,1,1",24,0,0,0,,,,,,,,,,,,,,,,,,,
neighbor,python,"void at::native::elementwise_kernel<(int)128, (int)2, void at::native::gpu_kernel_impl_nocast<at::native::BinaryFunctor<float, float, float, at::native::binary_internal::MulFunctor<float>>>(at::TensorIteratorBase &, const T1 &)::[lambda(int) (instance 1)]>(int, T3)",10.291,2026-09-10T01:16:09.345275,"16384,1,1","128,1,1",16,0,0,0,,,,,,,,,,,,,,,,,,,
neighbor,python,"void at::native::indexFuncLargeIndex<float, long, unsigned int, (int)2, (int)2, (int)-2, (bool)1, at::native::<unnamed>::ReduceAdd>(at::cuda::detail::TensorInfo<T1, T3>, at::cuda::detail::TensorInfo<const T1, T3>, at::cuda::detail::TensorInfo<const T2, T3>, int, int, T3, T3, long, long, const T8 &, T1)",21.573,2026-09-10T01:16:09.345284,"1024,1,1","128,1,1",24,0,0,0,,,,,,,,,,,,,,,,,,,
neighbor,python,"void at::native::vectorized_elementwise_kernel<(int)4, at::native::FillFunctor<float>, std::array<char *, (unsigned long)1>>(int, T2, T3)",1.182,2026-09-10T01:16:09.345292,"256,1,1","128,1,1",16,0,0,0,,,,,,,,,,,,,,,,,,,
neighbor,python,"void at::native::vectorized_gather_kernel<(int)16, long>(char *, char *, T2 *, int, long, long, long, long, bool)",33.941,2026-09-10T01:16:09.345301,"65536,1,1","32,1,1",24,0,0,0,,,,,,,,,,,,,,,,,,,
neighbor,python,"void at::native::elementwise_kernel<(int)128, (int)2, void at::native::gpu_kernel_impl_nocast<at::native::BinaryFunctor<float, float, float, at::native::binary_internal::MulFunctor<float>>>(at::TensorIteratorBase &, const T1 &)::[lambda(int) (instance 1)]>(int, T3)",10.258,2026-09-10T01:16:09.345309,"16384,1,1","128,1,1",16,0,0,0,,,,,,,,,,,,,,,,,,,
neighbor,python,"void at::native::indexFuncLargeIndex<float, long, unsigned int, (int)2, (int)2, (int)-2, (bool)1, at::native::<unnamed>::ReduceAdd>(at::cuda::detail::TensorInfo<T1, T3>, at::cuda::detail::TensorInfo<const T1, T3>, at::cuda::detail::TensorInfo<const T2, T3>, int, int, T3, T3, long, long, const T8 &, T1)",21.636,2026-09-10T01:16:09.345318,"1024,1,1","128,1,1",24,0,0,0,,,,,,,,,,,,,,,,,,,
neighbor,python,"void at::native::vectorized_elementwise_kernel<(int)4, at::native::FillFunctor<float>, std::array<char *, (unsigned long)1>>(int, T2, T3)",1.183,2026-09-10T01:16:09.345326,"256,1,1","128,1,1",16,0,0,0,,,,,,,,,,,,,,,,,,,
neighbor,python,"void at::native::vectorized_gather_kernel<(int)16, long>(char *, char *, T2 *, int, long, long, long, long, bool)",33.94,2026-09-10T01:16:09.345335,"65536,1,1","32,1,1",24,0,0,0,,,,,,,,,,,,,,,,,,,
neighbor,python,"void at::native::elementwise_kernel<(int)128, (int)2, void at::native::gpu_kernel_impl_nocast<at::native::BinaryFunctor<float, float, float, at::native::binary_internal::MulFunctor<float>>>(at::TensorIteratorBase &, const T1 &)::[lambda(int) (instance 1)]>(int, T3)",10.29,2026-09-10T01:16:09.345343,"16384,1,1","128,1,1",16,0,0,0,,,,,,,,,,,,,,,,,,,
neighbor,python,"void at::native::indexFuncLargeIndex<float, long, unsigned int, (int)2, (int)2, (int)-2, (bool)1, at::native::<unnamed>::ReduceAdd>(at::cuda::detail::TensorInfo<T1, T3>, at::cuda::detail::TensorInfo<const T1, T3>, at::cuda::detail::TensorInfo<const T2, T3>, int, int, T3, T3, long, long, const T8 &, T1)",21.603,2026-09-10T01:16:09.345352,"1024,1,1","128,1,1",24,0,0,0,,,,,,,,,,,,,,,,,,,
neighbor,python,"void at::native::vectorized_elementwise_kernel<(int)4, at::native::FillFunctor<float>, std::array<char *, (unsigned long)1>>(int, T2, T3)",1.182,2026-09-10T01:16:09.345361,"256,1,1","128,1,1",16,0,0,0,,,,,,,,,,,,,,,,,,,
neighbor,python,"void at::native::vectorized_gather_kernel<(int)16, long>(char *, char *, T2 *, int, long, long, long, long, bool)",33.94,2026-09-10T01:16:09.345369,"65536,1,1","32,1,1",24,0,0,0,,,,,,,,,,,,,,,,,,,
neighbor,python,"void at::native::elementwise_kernel<(int)128, (int)2, void at::native::gpu_kernel_impl_nocast<at::native::BinaryFunctor<float, float, float, at::native::binary_internal::MulFunctor<float>>>(at::TensorIteratorBase &, const T1 &)::[lambda(int) (instance 1)]>(int, T3)",10.259,2026-09-10T01:16:09.345378,"16384,1,1","128,1,1",16,0,0,0,,,,,,,,,,,,,,,,,,,
neighbor,python,"void at::native::indexFuncLargeIndex<float, long, unsigned int, (int)2, (int)2, (int)-2, (bool)1, at::native::<unnamed>::ReduceAdd>(at::cuda::detail::TensorInfo<T1, T3>, at::cuda::detail::TensorInfo<const T1, T3>, at::cuda::detail::TensorInfo<const T2, T3>, int, int, T3, T3, long, long, const T8 &, T1)",21.508,2026-09-10T01:16:09.345386,"1024,1,1","128,1,1",24,0,0,0,,,,,,,,,,,,,,,,,,,
neighbor,python,"void at::native::vectorized_elementwise_kernel<(int)4, at::native::FillFunctor<float>, std::array<char *, (unsigned long)1>>(int, T2, T3)",1.182,2026-09-10T01:16:09.345395,"256,1,1","128,1,1",16,0,0,0,,,,,,,,,,,,,,,,,,,
neighbor,python,"void at::native::vectorized_gather_kernel<(int)16, long>(char *, char *, T2 *, int, long, long, long, long, bool)",33.909,2026-09-10T01:16:09.345403,"65536,1,1","32,1,1",24,0,0,0,,,,,,,,,,,,,,,,,,,
neighbor,python,"void at::native::elementwise_kernel<(int)128, (int)2, void at::native::gpu_kernel_impl_nocast<at::native::BinaryFunctor<float, float, float, at::native::binary_internal::MulFunctor<float>>>(at::TensorIteratorBase &, const T1 &)::[lambda(int) (instance 1)]>(int, T3)",10.195,2026-09-10T01:16:09.345412,"16384,1,1","128,1,1",16,0,0,0,,,,,,,,,,,,,,,,,,,
neighbor,python,"void at::native::indexFuncLargeIndex<float, long, unsigned int, (int)2, (int)2, (int)-2, (bool)1, at::native::<unnamed>::ReduceAdd>(at::cuda::detail::TensorInfo<T1, T3>, at::cuda::detail::TensorInfo<const T1, T3>, at::cuda::detail::TensorInfo<const T2, T3>, int, int, T3, T3, long, long, const T8 &, T1)",21.604,2026-09-10T01:16:09.345421,"1024,1,1","128,1,1",24,0,0,0,,,,,,,,,,,,,,,,,,,
neighbor,python,"void at::native::vectorized_elementwise_kernel<(int)4, at::native::FillFunctor<float>, std::array<char *, (unsigned long)1>>(int, T2, T3)",1.183,2026-09-10T01:16:09.345429,"256,1,1","128,1,1",16,0,0,0,,,,,,,,,,,,,,,,,,,
neighbor,python,"void at::native::vectorized_gather_kernel<(int)16, long>(char *, char *, T2 *, int, long, long, long, long, bool)",33.94,2026-09-10T01:16:09.345438,"65536,1,1","32,1,1",24,0,0,0,,,,,,,,,,,,,,,,,,,
neighbor,python,"void at::native::elementwise_kernel<(int)128, (int)2, void at::native::gpu_kernel_impl_nocast<at::native::BinaryFunctor<float, float, float, at::native::binary_internal::MulFunctor<float>>>(at::TensorIteratorBase &, const T1 &)::[lambda(int) (instance 1)]>(int, T3)",10.226,2026-09-10T01:16:09.345446,"16384,1,1","128,1,1",16,0,0,0,,,,,,,,,,,,,,,,,,,
neighbor,python,"void at::native::indexFuncLargeIndex<float, long, unsigned int, (int)2, (int)2, (int)-2, (bool)1, at::native::<unnamed>::ReduceAdd>(at::cuda::detail::TensorInfo<T1, T3>, at::cuda::detail::TensorInfo<const T1, T3>, at::cuda::detail::TensorInfo<const T2, T3>, int, int, T3, T3, long, long, const T8 &, T1)",21.477,2026-09-10T01:16:09.345455,"1024,1,1","128,1,1",24,0,0,0,,,,,,,,,,,,,,,,,,,
neighbor,python,"void at::native::vectorized_elementwise_kernel<(int)4, at::native::FillFunctor<float>, std::array<char *, (unsigned long)1>>(int, T2, T3)",1.15,2026-09-10T01:16:09.345463,"256,1,1","128,1,1",16,0,0,0,,,,,,,,,,,,,,,,,,,
neighbor,python,"void at::native::vectorized_gather_kernel<(int)16, long>(char *, char *, T2 *, int, long, long, long, long, bool)",33.941,2026-09-10T01:16:09.345472,"65536,1,1","32,1,1",24,0,0,0,,,,,,,,,,,,,,,,,,,
neighbor,python,"void at::native::elementwise_kernel<(int)128, (int)2, void at::native::gpu_kernel_impl_nocast<at::native::BinaryFunctor<float, float, float, at::native::binary_internal::MulFunctor<float>>>(at::TensorIteratorBase &, const T1 &)::[lambda(int) (instance 1)]>(int, T3)",10.227,2026-09-10T01:16:09.345480,"16384,1,1","128,1,1",16,0,0,0,,,,,,,,,,,,,,,,,,,
neighbor,python,"void at::native::indexFuncLargeIndex<float, long, unsigned int, (int)2, (int)2, (int)-2, (bool)1, at::native::<unnamed>::ReduceAdd>(at::cuda::detail::TensorInfo<T1, T3>, at::cuda::detail::TensorInfo<const T1, T3>, at::cuda::detail::TensorInfo<const T2, T3>, int, int, T3, T3, long, long, const T8 &, T1)",21.828,2026-09-10T01:16:09.345489,"1024,1,1","128,1,1",24,0,0,0,,,,,,,,,,,,,,,,,,,
neighbor,python,"void at::native::vectorized_elementwise_kernel<(int)4, at::native::FillFunctor<float>, std::array<char *, (unsigned long)1>>(int, T2, T3)",1.182,2026-09-10T01:16:09.345498,"256,1,1","128,1,1",16,0,0,0,,,,,,,,,,,,,,,,,,,
neighbor,python,"void at::native::vectorized_gather_kernel<(int)16, long>(char *, char *, T2 *, int, long, long, long, long, bool)",34.036,2026-09-10T01:16:09.345506,"65536,1,1","32,1,1",24,0,0,0,,,,,,,,,,,,,,,,,,,
neighbor,python,"void at::native::elementwise_kernel<(int)128, (int)2, void at::native::gpu_kernel_impl_nocast<at::native::BinaryFunctor<float, float, float, at::native::binary_internal::MulFunctor<float>>>(at::TensorIteratorBase &, const T1 &)::[lambda(int) (instance 1)]>(int, T3)",10.259,2026-09-10T01:16:09.345515,"16384,1,1","128,1,1",16,0,0,0,,,,,,,,,,,,,,,,,,,
neighbor,python,"void at::native::indexFuncLargeIndex<float, long, unsigned int, (int)2, (int)2, (int)-2, (bool)1, at::native::<unnamed>::ReduceAdd>(at::cuda::detail::TensorInfo<T1, T3>, at::cuda::detail::TensorInfo<const T1, T3>, at::cuda::detail::TensorInfo<const T2, T3>, int, int, T3, T3, long, long, const T8 &, T1)",21.764,2026-09-10T01:16:09.345523,"1024,1,1","128,1,1",24,0,0,0,,,,,,,,,,,,,,,,,,,
neighbor,python,"void at::native::vectorized_elementwise_kernel<(int)4, at::native::FillFunctor<float>, std::array<char *, (unsigned long)1>>(int, T2, T3)",1.182,2026-09-10T01:16:09.345532,"256,1,1","128,1,1",16,0,0,0,,,,,,,,,,,,,,,,,,,
neighbor,python,"void at::native::vectorized_gather_kernel<(int)16, long>(char *, char *, T2 *, int, long, long, long, long, bool)",33.941,2026-09-10T01:16:09.345541,"65536,1,1","32,1,1",24,0,0,0,,,,,,,,,,,,,,,,,,,
neighbor,python,"void at::native::elementwise_kernel<(int)128, (int)2, void at::native::gpu_kernel_impl_nocast<at::native::BinaryFunctor<float, float, float, at::native::binary_internal::MulFunctor<float>>>(at::TensorIteratorBase &, const T1 &)::[lambda(int) (instance 1)]>(int, T3)",10.195,2026-09-10T01:16:09.345550,"16384,1,1","128,1,1",16,0,0,0,,,,,,,,,,,,,,,,,,,
neighbor,python,"void at::native::indexFuncLargeIndex<float, long, unsigned int, (int)2, (int)2, (int)-2, (bool)1, at::native::<unnamed>::ReduceAdd>(at::cuda::detail::TensorInfo<T1, T3>, at::cuda::detail::TensorInfo<const T1, T3>, at::cuda::detail::TensorInfo<const T2, T3>, int, int, T3, T3, long, long, const T8 &, T1)",21.444,2026-09-10T01:16:09.345559,"1024,1,1","128,1,1",24,0,0,0,,,,,,,,,,,,,,,,,,,
neighbor,python,"void at::native::vectorized_elementwise_kernel<(int)4, at::native::FillFunctor<float>, std::array<char *, (unsigned long)1>>(int, T2, T3)",1.183,2026-09-10T01:16:09.345567,"256,1,1","128,1,1",16,0,0,0,,,,,,,,,,,,,,,,,,,
neighbor,python,"void at::native::vectorized_gather_kernel<(int)16, long>(char *, char *, T2 *, int, long, long, long, long, bool)",33.94,2026-09-10T01:16:09.345576,"65536,1,1","32,1,1",24,0,0,0,,,,,,,,,,,,,,,,,,,
neighbor,python,"void at::native::elementwise_kernel<(int)128, (int)2, void at::native::gpu_kernel_impl_nocast<at::native::BinaryFunctor<float, float, float, at::native::binary_internal::MulFunctor<float>>>(at::TensorIteratorBase &, const T1 &)::[lambda(int) (instance 1)]>(int, T3)",10.259,2026-09-10T01:16:09.345584,"16384,1,1","128,1,1",16,0,0,0,,,,,,,,,,,,,,,,,,,
neighbor,python,"void at::native::indexFuncLargeIndex<float, long, unsigned int, (int)2, (int)2, (int)-2, (bool)1, at::native::<unnamed>::ReduceAdd>(at::cuda::detail::TensorInfo<T1, T3>, at::cuda::detail::TensorInfo<const T1, T3>, at::cuda::detail::TensorInfo<const T2, T3>, int, int, T3, T3, long, long, const T8 &, T1)",21.413,2026-09-10T01:16:09.345593,"1024,1,1","128,1,1",24,0,0,0,,,,,,,,,,,,,,,,,,,
neighbor,python,"void at::native::vectorized_elementwise_kernel<(int)4, at::native::FillFunctor<float>, std::array<char *, (unsigned long)1>>(int, T2, T3)",1.15,2026-09-10T01:16:09.345601,"256,1,1","128,1,1",16,0,0,0,,,,,,,,,,,,,,,,,,,
neighbor,python,"void at::native::vectorized_gather_kernel<(int)16, long>(char *, char *, T2 *, int, long, long, long, long, bool)",33.972,2026-09-10T01:16:09.345610,"65536,1,1","32,1,1",24,0,0,0,,,,,,,,,,,,,,,,,,,
neighbor,python,"void at::native::elementwise_kernel<(int)128, (int)2, void at::native::gpu_kernel_impl_nocast<at::native::BinaryFunctor<float, float, float, at::native::binary_internal::MulFunctor<float>>>(at::TensorIteratorBase &, const T1 &)::[lambda(int) (instance 1)]>(int, T3)",10.227,2026-09-10T01:16:09.345618,"16384,1,1","128,1,1",16,0,0,0,,,,,,,,,,,,,,,,,,,
neighbor,python,"void at::native::indexFuncLargeIndex<float, long, unsigned int, (int)2, (int)2, (int)-2, (bool)1, at::native::<unnamed>::ReduceAdd>(at::cuda::detail::TensorInfo<T1, T3>, at::cuda::detail::TensorInfo<const T1, T3>, at::cuda::detail::TensorInfo<const T2, T3>, int, int, T3, T3, long, long, const T8 &, T1)",21.668,2026-09-10T01:16:09.345627,"1024,1,1","128,1,1",24,0,0,0,,,,,,,,,,,,,,,,,,,
neighbor,python,"void at::native::vectorized_elementwise_kernel<(int)4, at::native::FillFunctor<float>, std::array<char *, (unsigned long)1>>(int, T2, T3)",1.183,2026-09-10T01:16:09.345636,"256,1,1","128,1,1",16,0,0,0,,,,,,,,,,,,,,,,,,,
neighbor,python,"void at::native::vectorized_gather_kernel<(int)16, long>(char *, char *, T2 *, int, long, long, long, long, bool)",33.94,2026-09-10T01:16:09.345645,"65536,1,1","32,1,1",24,0,0,0,,,,,,,,,,,,,,,,,,,
neighbor,python,"void at::native::elementwise_kernel<(int)128, (int)2, void at::native::gpu_kernel_impl_nocast<at::native::BinaryFunctor<float, float, float, at::native::binary_internal::MulFunctor<float>>>(at::TensorIteratorBase &, const T1 &)::[lambda(int) (instance 1)]>(int, T3)",10.195,2026-09-10T01:16:09.345653,"16384,1,1","128,1,1",16,0,0,0,,,,,,,,,,,,,,,,,,,
neighbor,python,"void at::native::indexFuncLargeIndex<float, long, unsigned int, (int)2, (int)2, (int)-2, (bool)1, at::native::<unnamed>::ReduceAdd>(at::cuda::detail::TensorInfo<T1, T3>, at::cuda::detail::TensorInfo<const T1, T3>, at::cuda::detail::TensorInfo<const T2, T3>, int, int, T3, T3, long, long, const T8 &, T1)",21.572,2026-09-10T01:16:09.345662,"1024,1,1","128,1,1",24,0,0,0,,,,,,,,,,,,,,,,,,,
neighbor,python,"void at::native::vectorized_elementwise_kernel<(int)4, at::native::FillFunctor<float>, std::array<char *, (unsigned long)1>>(int, T2, T3)",1.183,2026-09-10T01:16:09.345671,"256,1,1","128,1,1",16,0,0,0,,,,,,,,,,,,,,,,,,,
neighbor,python,"void at::native::vectorized_gather_kernel<(int)16, long>(char *, char *, T2 *, int, long, long, long, long, bool)",33.94,2026-09-10T01:16:09.345679,"65536,1,1","32,1,1",24,0,0,0,,,,,,,,,,,,,,,,,,,
neighbor,python,"void at::native::elementwise_kernel<(int)128, (int)2, void at::native::gpu_kernel_impl_nocast<at::native::BinaryFunctor<float, float, float, at::native::binary_internal::MulFunctor<float>>>(at::TensorIteratorBase &, const T1 &)::[lambda(int) (instance 1)]>(int, T3)",10.227,2026-09-10T01:16:09.345688,"16384,1,1","128,1,1",16,0,0,0,,,,,,,,,,,,,,,,,,,
neighbor,python,"void at::native::indexFuncLargeIndex<float, long, unsigned int, (int)2, (int)2, (int)-2, (bool)1, at::native::<unnamed>::ReduceAdd>(at::cuda::detail::TensorInfo<T1, T3>, at::cuda::detail::TensorInfo<const T1, T3>, at::cuda::detail::TensorInfo<const T2, T3>, int, int, T3, T3, long, long, const T8 &, T1)",21.508,2026-09-10T01:16:09.345696,"1024,1,1","128,1,1",24,0,0,0,,,,,,,,,,,,,,,,,,,
neighbor,python,"void at::native::vectorized_elementwise_kernel<(int)4, at::native::FillFunctor<float>, std::array<char *, (unsigned long)1>>(int, T2, T3)",1.183,2026-09-10T01:16:09.345705,"256,1,1","128,1,1",16,0,0,0,,,,,,,,,,,,,,,,,,,
neighbor,python,"void at::native::vectorized_gather_kernel<(int)16, long>(char *, char *, T2 *, int, long, long, long, long, bool)",33.94,2026-09-10T01:16:09.345714,"65536,1,1","32,1,1",24,0,0,0,,,,,,,,,,,,,,,,,,,
neighbor,python,"void at::native::elementwise_kernel<(int)128, (int)2, void at::native::gpu_kernel_impl_nocast<at::native::BinaryFunctor<float, float, float, at::native::binary_internal::MulFunctor<float>>>(at::TensorIteratorBase &, const T1 &)::[lambda(int) (instance 1)]>(int, T3)",10.259,2026-09-10T01:16:09.345722,"16384,1,1","128,1,1",16,0,0,0,,,,,,,,,,,,,,,,,,,
neighbor,python,"void at::native::indexFuncLargeIndex<float, long, unsigned int, (int)2, (int)2, (int)-2, (bool)1, at::native::<unnamed>::ReduceAdd>(at::cuda::detail::TensorInfo<T1, T3>, at::cuda::detail::TensorInfo<const T1, T3>, at::cuda::detail::TensorInfo<const T2, T3>, int, int, T3, T3, long, long, const T8 &, T1)",21.381,2026-09-10T01:16:09.345731,"1024,1,1","128,1,1",24,0,0,0,,,,,,,,,,,,,,,,,,,
neighbor,python,"void at::native::vectorized_elementwise_kernel<(int)4, at::native::FillFunctor<float>, std::array<char *, (unsigned long)1>>(int, T2, T3)",1.183,2026-09-10T01:16:09.345740,"256,1,1","128,1,1",16,0,0,0,,,,,,,,,,,,,,,,,,,
neighbor,python,"void at::native::vectorized_gather_kernel<(int)16, long>(char *, char *, T2 *, int, long, long, long, long, bool)",33.94,2026-09-10T01:16:09.345750,"65536,1,1","32,1,1",24,0,0,0,,,,,,,,,,,,,,,,,,,
neighbor,python,"void at::native::elementwise_kernel<(int)128, (int)2, void at::native::gpu_kernel_impl_nocast<at::native::BinaryFunctor<float, float, float, at::native::binary_internal::MulFunctor<float>>>(at::TensorIteratorBase &, const T1 &)::[lambda(int) (instance 1)]>(int, T3)",10.227,2026-09-10T01:16:09.345758,"16384,1,1","128,1,1",16,0,0,0,,,,,,,,,,,,,,,,,,,
neighbor,python,"void at::native::indexFuncLargeIndex<float, long, unsigned int, (int)2, (int)2, (int)-2, (bool)1, at::native::<unnamed>::ReduceAdd>(at::cuda::detail::TensorInfo<T1, T3>, at::cuda::detail::TensorInfo<const T1, T3>, at::cuda::detail::TensorInfo<const T2, T3>, int, int, T3, T3, long, long, const T8 &, T1)",21.509,2026-09-10T01:16:09.345767,"1024,1,1","128,1,1",24,0,0,0,,,,,,,,,,,,,,,,,,,
neighbor,python,"void at::native::vectorized_elementwise_kernel<(int)4, at::native::FillFunctor<float>, std::array<char *, (unsigned long)1>>(int, T2, T3)",1.182,2026-09-10T01:16:09.345775,"256,1,1","128,1,1",16,0,0,0,,,,,,,,,,,,,,,,,,,
neighbor,python,"void at::native::vectorized_gather_kernel<(int)16, long>(char *, char *, T2 *, int, long, long, long, long, bool)",33.941,2026-09-10T01:16:09.345785,"65536,1,1","32,1,1",24,0,0,0,,,,,,,,,,,,,,,,,,,
neighbor,python,"void at::native::elementwise_kernel<(int)128, (int)2, void at::native::gpu_kernel_impl_nocast<at::native::BinaryFunctor<float, float, float, at::native::binary_internal::MulFunctor<float>>>(at::TensorIteratorBase &, const T1 &)::[lambda(int) (instance 1)]>(int, T3)",10.227,2026-09-10T01:16:09.345793,"16384,1,1","128,1,1",16,0,0,0,,,,,,,,,,,,,,,,,,,
neighbor,python,"void at::native::indexFuncLargeIndex<float, long, unsigned int, (int)2, (int)2, (int)-2, (bool)1, at::native::<unnamed>::ReduceAdd>(at::cuda::detail::TensorInfo<T1, T3>, at::cuda::detail::TensorInfo<const T1, T3>, at::cuda::detail::TensorInfo<const T2, T3>, int, int, T3, T3, long, long, const T8 &, T1)",21.412,2026-09-10T01:16:09.345802,"1024,1,1","128,1,1",24,0,0,0,,,,,,,,,,,,,,,,,,,
neighbor,python,"void at::native::vectorized_elementwise_kernel<(int)4, at::native::FillFunctor<float>, std::array<char *, (unsigned long)1>>(int, T2, T3)",1.182,2026-09-10T01:16:09.345810,"256,1,1","128,1,1",16,0,0,0,,,,,,,,,,,,,,,,,,,
neighbor,python,"void at::native::vectorized_gather_kernel<(int)16, long>(char *, char *, T2 *, int, long, long, long, long, bool)",33.941,2026-09-10T01:16:09.345819,"65536,1,1","32,1,1",24,0,0,0,,,,,,,,,,,,,,,,,,,
neighbor,python,"void at::native::elementwise_kernel<(int)128, (int)2, void at::native::gpu_kernel_impl_nocast<at::native::BinaryFunctor<float, float, float, at::native::binary_internal::MulFunctor<float>>>(at::TensorIteratorBase &, const T1 &)::[lambda(int) (instance 1)]>(int, T3)",10.227,2026-09-10T01:16:09.345827,"16384,1,1","128,1,1",16,0,0,0,,,,,,,,,,,,,,,,,,,
neighbor,python,"void at::native::indexFuncLargeIndex<float, long, unsigned int, (int)2, (int)2, (int)-2, (bool)1, at::native::<unnamed>::ReduceAdd>(at::cuda::detail::TensorInfo<T1, T3>, at::cuda::detail::TensorInfo<const T1, T3>, at::cuda::detail::TensorInfo<const T2, T3>, int, int, T3, T3, long, long, const T8 &, T1)",21.413,2026-09-10T01:16:09.345836,"1024,1,1","128,1,1",24,0,0,0,,,,,,,,,,,,,,,,,,,
neighbor,python,"void at::native::vectorized_elementwise_kernel<(int)4, at::native::FillFunctor<float>, std::array<char *, (unsigned long)1>>(int, T2, T3)",1.183,2026-09-10T01:16:09.345844,"256,1,1","128,1,1",16,0,0,0,,,,,,,,,,,,,,,,,,,
neighbor,python,"void at::native::vectorized_gather_kernel<(int)16, long>(char *, char *, T2 *, int, long, long, long, long, bool)",33.94,2026-09-10T01:16:09.345854,"65536,1,1","32,1,1",24,0,0,0,,,,,,,,,,,,,,,,,,,
neighbor,python,"void at::native::elementwise_kernel<(int)128, (int)2, void at::native::gpu_kernel_impl_nocast<at::native::BinaryFunctor<float, float, float, at::native::binary_internal::MulFunctor<float>>>(at::TensorIteratorBase &, const T1 &)::[lambda(int) (instance 1)]>(int, T3)",10.258,2026-09-10T01:16:09.345862,"16384,1,1","128,1,1",16,0,0,0,,,,,,,,,,,,,,,,,,,
neighbor,python,"void at::native::indexFuncLargeIndex<float, long, unsigned int, (int)2, (int)2, (int)-2, (bool)1, at::native::<unnamed>::ReduceAdd>(at::cuda::detail::TensorInfo<T1, T3>, at::cuda::detail::TensorInfo<const T1, T3>, at::cuda::detail::TensorInfo<const T2, T3>, int, int, T3, T3, long, long, const T8 &, T1)",21.604,2026-09-10T01:16:09.345871,"1024,1,1","128,1,1",24,0,0,0,,,,,,,,,,,,,,,,,,,
neighbor,python,"void at::native::vectorized_elementwise_kernel<(int)4, at::native::FillFunctor<float>, std::array<char *, (unsigned long)1>>(int, T2, T3)",1.182,2026-09-10T01:16:09.345879,"256,1,1","128,1,1",16,0,0,0,,,,,,,,,,,,,,,,,,,
neighbor,python,"void at::native::vectorized_gather_kernel<(int)16, long>(char *, char *, T2 *, int, long, long, long, long, bool)",33.941,2026-09-10T01:16:09.345888,"65536,1,1","32,1,1",24,0,0,0,,,,,,,,,,,,,,,,,,,
neighbor,python,"void at::native::elementwise_kernel<(int)128, (int)2, void at::native::gpu_kernel_impl_nocast<at::native::BinaryFunctor<float, float, float, at::native::binary_internal::MulFunctor<float>>>(at::TensorIteratorBase &, const T1 &)::[lambda(int) (instance 1)]>(int, T3)",10.259,2026-09-10T01:16:09.345897,"16384,1,1","128,1,1",16,0,0,0,,,,,,,,,,,,,,,,,,,
neighbor,python,"void at::native::indexFuncLargeIndex<float, long, unsigned int, (int)2, (int)2, (int)-2, (bool)1, at::native::<unnamed>::ReduceAdd>(at::cuda::detail::TensorInfo<T1, T3>, at::cuda::detail::TensorInfo<const T1, T3>, at::cuda::detail::TensorInfo<const T2, T3>, int, int, T3, T3, long, long, const T8 &, T1)",21.476,2026-09-10T01:16:09.345905,"1024,1,1","128,1,1",24,0,0,0,,,,,,,,,,,,,,,,,,,
neighbor,python,"void at::native::vectorized_elementwise_kernel<(int)4, at::native::FillFunctor<float>, std::array<char *, (unsigned long)1>>(int, T2, T3)",1.182,2026-09-10T01:16:09.345914,"256,1,1","128,1,1",16,0,0,0,,,,,,,,,,,,,,,,,,,
neighbor,python,"void at::native::vectorized_gather_kernel<(int)16, long>(char *, char *, T2 *, int, long, long, long, long, bool)",33.94,2026-09-10T01:16:09.345922,"65536,1,1","32,1,1",24,0,0,0,,,,,,,,,,,,,,,,,,,
neighbor,python,"void at::native::elementwise_kernel<(int)128, (int)2, void at::native::gpu_kernel_impl_nocast<at::native::BinaryFunctor<float, float, float, at::native::binary_internal::MulFunctor<float>>>(at::TensorIteratorBase &, const T1 &)::[lambda(int) (instance 1)]>(int, T3)",10.227,2026-09-10T01:16:09.345931,"16384,1,1","128,1,1",16,0,0,0,,,,,,,,,,,,,,,,,,,
neighbor,python,"void at::native::indexFuncLargeIndex<float, long, unsigned int, (int)2, (int)2, (int)-2, (bool)1, at::native::<unnamed>::ReduceAdd>(at::cuda::detail::TensorInfo<T1, T3>, at::cuda::detail::TensorInfo<const T1, T3>, at::cuda::detail::TensorInfo<const T2, T3>, int, int, T3, T3, long, long, const T8 &, T1)",21.54,2026-09-10T01:16:09.345940,"1024,1,1","128,1,1",24,0,0,0,,,,,,,,,,,,,,,,,,,
neighbor,python,"void at::native::vectorized_elementwise_kernel<(int)4, at::native::FillFunctor<float>, std::array<char *, (unsigned long)1>>(int, T2, T3)",1.183,2026-09-10T01:16:09.345948,"256,1,1","128,1,1",16,0,0,0,,,,,,,,,,,,,,,,,,,
neighbor,python,"void at::native::vectorized_gather_kernel<(int)16, long>(char *, char *, T2 *, int, long, long, long, long, bool)",33.941,2026-09-10T01:16:09.345957,"65536,1,1","32,1,1",24,0,0,0,,,,,,,,,,,,,,,,,,,
neighbor,python,"void at::native::elementwise_kernel<(int)128, (int)2, void at::native::gpu_kernel_impl_nocast<at::native::BinaryFunctor<float, float, float, at::native::binary_internal::MulFunctor<float>>>(at::TensorIteratorBase &, const T1 &)::[lambda(int) (instance 1)]>(int, T3)",10.226,2026-09-10T01:16:09.345966,"16384,1,1","128,1,1",16,0,0,0,,,,,,,,,,,,,,,,,,,
neighbor,python,"void at::native::indexFuncLargeIndex<float, long, unsigned int, (int)2, (int)2, (int)-2, (bool)1, at::native::<unnamed>::ReduceAdd>(at::cuda::detail::TensorInfo<T1, T3>, at::cuda::detail::TensorInfo<const T1, T3>, at::cuda::detail::TensorInfo<const T2, T3>, int, int, T3, T3, long, long, const T8 &, T1)",21.604,2026-09-10T01:16:09.345975,"1024,1,1","128,1,1",24,0,0,0,,,,,,,,,,,,,,,,,,,
neighbor,python,"void at::native::vectorized_elementwise_kernel<(int)4, at::native::FillFunctor<float>, std::array<char *, (unsigned long)1>>(int, T2, T3)",1.183,2026-09-10T01:16:09.345983,"256,1,1","128,1,1",16,0,0,0,,,,,,,,,,,,,,,,,,,
neighbor,python,"void at::native::vectorized_gather_kernel<(int)16, long>(char *, char *, T2 *, int, long, long, long, long, bool)",33.941,2026-09-10T01:16:09.345992,"65536,1,1","32,1,1",24,0,0,0,,,,,,,,,,,,,,,,,,,
neighbor,python,"void at::native::elementwise_kernel<(int)128, (int)2, void at::native::gpu_kernel_impl_nocast<at::native::BinaryFunctor<float, float, float, at::native::binary_internal::MulFunctor<float>>>(at::TensorIteratorBase &, const T1 &)::[lambda(int) (instance 1)]>(int, T3)",10.227,2026-09-10T01:16:09.346001,"16384,1,1","128,1,1",16,0,0,0,,,,,,,,,,,,,,,,,,,
neighbor,python,"void at::native::indexFuncLargeIndex<float, long, unsigned int, (int)2, (int)2, (int)-2, (bool)1, at::native::<unnamed>::ReduceAdd>(at::cuda::detail::TensorInfo<T1, T3>, at::cuda::detail::TensorInfo<const T1, T3>, at::cuda::detail::TensorInfo<const T2, T3>, int, int, T3, T3, long, long, const T8 &, T1)",21.572,2026-09-10T01:16:09.346009,"1024,1,1","128,1,1",24,0,0,0,,,,,,,,,,,,,,,,,,,
neighbor,python,"void at::native::vectorized_elementwise_kernel<(int)4, at::native::FillFunctor<float>, std::array<char *, (unsigned long)1>>(int, T2, T3)",1.182,2026-09-10T01:16:09.346018,"256,1,1","128,1,1",16,0,0,0,,,,,,,,,,,,,,,,,,,
neighbor,python,"void at::native::vectorized_gather_kernel<(int)16, long>(char *, char *, T2 *, int, long, long, long, long, bool)",33.94,2026-09-10T01:16:09.346026,"65536,1,1","32,1,1",24,0,0,0,,,,,,,,,,,,,,,,,,,
neighbor,python,"void at::native::elementwise_kernel<(int)128, (int)2, void at::native::gpu_kernel_impl_nocast<at::native::BinaryFunctor<float, float, float, at::native::binary_internal::MulFunctor<float>>>(at::TensorIteratorBase &, const T1 &)::[lambda(int) (instance 1)]>(int, T3)",10.259,2026-09-10T01:16:09.346035,"16384,1,1","128,1,1",16,0,0,0,,,,,,,,,,,,,,,,,,,
neighbor,python,"void at::native::indexFuncLargeIndex<float, long, unsigned int, (int)2, (int)2, (int)-2, (bool)1, at::native::<unnamed>::ReduceAdd>(at::cuda::detail::TensorInfo<T1, T3>, at::cuda::detail::TensorInfo<const T1, T3>, at::cuda::detail::TensorInfo<const T2, T3>, int, int, T3, T3, long, long, const T8 &, T1)",21.412,2026-09-10T01:16:09.346044,"1024,1,1","128,1,1",24,0,0,0,,,,,,,,,,,,,,,,,,,
neighbor,python,"void at::native::vectorized_elementwise_kernel<(int)4, at::native::FillFunctor<float>, std::array<char *, (unsigned long)1>>(int, T2, T3)",1.183,2026-09-10T01:16:09.346052,"256,1,1","128,1,1",16,0,0,0,,,,,,,,,,,,,,,,,,,
neighbor,python,"void at::native::vectorized_gather_kernel<(int)16, long>(char *, char *, T2 *, int, long, long, long, long, bool)",33.973,2026-09-10T01:16:09.346061,"65536,1,1","32,1,1",24,0,0,0,,,,,,,,,,,,,,,,,,,
neighbor,python,"void at::native::elementwise_kernel<(int)128, (int)2, void at::native::gpu_kernel_impl_nocast<at::native::BinaryFunctor<float, float, float, at::native::binary_internal::MulFunctor<float>>>(at::TensorIteratorBase &, const T1 &)::[lambda(int) (instance 1)]>(int, T3)",10.259,2026-09-10T01:16:09.346069,"16384,1,1","128,1,1",16,0,0,0,,,,,,,,,,,,,,,,,,,
neighbor,python,"void at::native::indexFuncLargeIndex<float, long, unsigned int, (int)2, (int)2, (int)-2, (bool)1, at::native::<unnamed>::ReduceAdd>(at::cuda::detail::TensorInfo<T1, T3>, at::cuda::detail::TensorInfo<const T1, T3>, at::cuda::detail::TensorInfo<const T2, T3>, int, int, T3, T3, long, long, const T8 &, T1)",21.54,2026-09-10T01:16:09.346079,"1024,1,1","128,1,1",24,0,0,0,,,,,,,,,,,,,,,,,,,
neighbor,python,"void at::native::vectorized_elementwise_kernel<(int)4, at::native::FillFunctor<float>, std::array<char *, (unsigned long)1>>(int, T2, T3)",1.183,2026-09-10T01:16:09.346088,"256,1,1","128,1,1",16,0,0,0,,,,,,,,,,,,,,,,,,,
neighbor,python,"void at::native::vectorized_gather_kernel<(int)16, long>(char *, char *, T2 *, int, long, long, long, long, bool)",33.941,2026-09-10T01:16:09.346096,"65536,1,1","32,1,1",24,0,0,0,,,,,,,,,,,,,,,,,,,
neighbor,python,"void at::native::elementwise_kernel<(int)128, (int)2, void at::native::gpu_kernel_impl_nocast<at::native::BinaryFunctor<float, float, float, at::native::binary_internal::MulFunctor<float>>>(at::TensorIteratorBase &, const T1 &)::[lambda(int) (instance 1)]>(int, T3)",10.226,2026-09-10T01:16:09.346105,"16384,1,1","128,1,1",16,0,0,0,,,,,,,,,,,,,,,,,,,
neighbor,python,"void at::native::indexFuncLargeIndex<float, long, unsigned int, (int)2, (int)2, (int)-2, (bool)1, at::native::<unnamed>::ReduceAdd>(at::cuda::detail::TensorInfo<T1, T3>, at::cuda::detail::TensorInfo<const T1, T3>, at::cuda::detail::TensorInfo<const T2, T3>, int, int, T3, T3, long, long, const T8 &, T1)",21.38,2026-09-10T01:16:09.346113,"1024,1,1","128,1,1",24,0,0,0,,,,,,,,,,,,,,,,,,,
neighbor,python,"void at::native::vectorized_elementwise_kernel<(int)4, at::native::FillFunctor<float>, std::array<char *, (unsigned long)1>>(int, T2, T3)",1.183,2026-09-10T01:16:09.346122,"256,1,1","128,1,1",16,0,0,0,,,,,,,,,,,,,,,,,,,
neighbor,python,"void at::native::vectorized_gather_kernel<(int)16, long>(char *, char *, T2 *, int, long, long, long, long, bool)",33.94,2026-09-10T01:16:09.346131,"65536,1,1","32,1,1",24,0,0,0,,,,,,,,,,,,,,,,,,,
neighbor,python,"void at::native::elementwise_kernel<(int)128, (int)2, void at::native::gpu_kernel_impl_nocast<at::native::BinaryFunctor<float, float, float, at::native::binary_internal::MulFunctor<float>>>(at::TensorIteratorBase &, const T1 &)::[lambda(int) (instance 1)]>(int, T3)",10.259,2026-09-10T01:16:09.346139,"16384,1,1","128,1,1",16,0,0,0,,,,,,,,,,,,,,,,,,,
neighbor,python,"void at::native::indexFuncLargeIndex<float, long, unsigned int, (int)2, (int)2, (int)-2, (bool)1, at::native::<unnamed>::ReduceAdd>(at::cuda::detail::TensorInfo<T1, T3>, at::cuda::detail::TensorInfo<const T1, T3>, at::cuda::detail::TensorInfo<const T2, T3>, int, int, T3, T3, long, long, const T8 &, T1)",21.541,2026-09-10T01:16:09.346148,"1024,1,1","128,1,1",24,0,0,0,,,,,,,,,,,,,,,,,,,
neighbor,python,"void at::native::vectorized_elementwise_kernel<(int)4, at::native::FillFunctor<float>, std::array<char *, (unsigned long)1>>(int, T2, T3)",1.182,2026-09-10T01:16:09.346156,"256,1,1","128,1,1",16,0,0,0,,,,,,,,,,,,,,,,,,,
neighbor,python,"void at::native::vectorized_gather_kernel<(int)16, long>(char *, char *, T2 *, int, long, long, long, long, bool)",33.94,2026-09-10T01:16:09.346166,"65536,1,1","32,1,1",24,0,0,0,,,,,,,,,,,,,,,,,,,
neighbor,python,"void at::native::elementwise_kernel<(int)128, (int)2, void at::native::gpu_kernel_impl_nocast<at::native::BinaryFunctor<float, float, float, at::native::binary_internal::MulFunctor<float>>>(at::TensorIteratorBase &, const T1 &)::[lambda(int) (instance 1)]>(int, T3)",10.258,2026-09-10T01:16:09.346174,"16384,1,1","128,1,1",16,0,0,0,,,,,,,,,,,,,,,,,,,
neighbor,python,"void at::native::indexFuncLargeIndex<float, long, unsigned int, (int)2, (int)2, (int)-2, (bool)1, at::native::<unnamed>::ReduceAdd>(at::cuda::detail::TensorInfo<T1, T3>, at::cuda::detail::TensorInfo<const T1, T3>, at::cuda::detail::TensorInfo<const T2, T3>, int, int, T3, T3, long, long, const T8 &, T1)",21.54,2026-09-10T01:16:09.346183,"1024,1,1","128,1,1",24,0,0,0,,,,,,,,,,,,,,,,,,,
neighbor,python,"void at::native::vectorized_elementwise_kernel<(int)4, at::native::FillFunctor<float>, std::array<char *, (unsigned long)1>>(int, T2, T3)",1.151,2026-09-10T01:16:09.346193,"256,1,1","128,1,1",16,0,0,0,,,,,,,,,,,,,,,,,,,
neighbor,python,"void at::native::vectorized_gather_kernel<(int)16, long>(char *, char *, T2 *, int, long, long, long, long, bool)",33.94,2026-09-10T01:16:09.346201,"65536,1,1","32,1,1",24,0,0,0,,,,,,,,,,,,,,,,,,,
neighbor,python,"void at::native::elementwise_kernel<(int)128, (int)2, void at::native::gpu_kernel_impl_nocast<at::native::BinaryFunctor<float, float, float, at::native::binary_internal::MulFunctor<float>>>(at::TensorIteratorBase &, const T1 &)::[lambda(int) (instance 1)]>(int, T3)",10.227,2026-09-10T01:16:09.346210,"16384,1,1","128,1,1",16,0,0,0,,,,,,,,,,,,,,,,,,,
neighbor,python,"void at::native::indexFuncLargeIndex<float, long, unsigned int, (int)2, (int)2, (int)-2, (bool)1, at::native::<unnamed>::ReduceAdd>(at::cuda::detail::TensorInfo<T1, T3>, at::cuda::detail::TensorInfo<const T1, T3>, at::cuda::detail::TensorInfo<const T2, T3>, int, int, T3, T3, long, long, const T8 &, T1)",21.636,2026-09-10T01:16:09.346218,"1024,1,1","128,1,1",24,0,0,0,,,,,,,,,,,,,,,,,,,
neighbor,python,"void at::native::vectorized_elementwise_kernel<(int)4, at::native::FillFunctor<float>, std::array<char *, (unsigned long)1>>(int, T2, T3)",1.182,2026-09-10T01:16:09.346227,"256,1,1","128,1,1",16,0,0,0,,,,,,,,,,,,,,,,,,,
neighbor,python,"void at::native::vectorized_gather_kernel<(int)16, long>(char *, char *, T2 *, int, long, long, long, long, bool)",34.004,2026-09-10T01:16:09.346236,"65536,1,1","32,1,1",24,0,0,0,,,,,,,,,,,,,,,,,,,
neighbor,python,"void at::native::elementwise_kernel<(int)128, (int)2, void at::native::gpu_kernel_impl_nocast<at::native::BinaryFunctor<float, float, float, at::native::binary_internal::MulFunctor<float>>>(at::TensorIteratorBase &, const T1 &)::[lambda(int) (instance 1)]>(int, T3)",10.227,2026-09-10T01:16:09.346244,"16384,1,1","128,1,1",16,0,0,0,,,,,,,,,,,,,,,,,,,
neighbor,python,"void at::native::indexFuncLargeIndex<float, long, unsigned int, (int)2, (int)2, (int)-2, (bool)1, at::native::<unnamed>::ReduceAdd>(at::cuda::detail::TensorInfo<T1, T3>, at::cuda::detail::TensorInfo<const T1, T3>, at::cuda::detail::TensorInfo<const T2, T3>, int, int, T3, T3, long, long, const T8 &, T1)",21.509,2026-09-10T01:16:09.346253,"1024,1,1","128,1,1",24,0,0,0,,,,,,,,,,,,,,,,,,,
neighbor,python,"void at::native::vectorized_elementwise_kernel<(int)4, at::native::FillFunctor<float>, std::array<char *, (unsigned long)1>>(int, T2, T3)",1.15,2026-09-10T01:16:09.346261,"256,1,1","128,1,1",16,0,0,0,,,,,,,,,,,,,,,,,,,
neighbor,python,"void at::native::vectorized_gather_kernel<(int)16, long>(char *, char *, T2 *, int, long, long, long, long, bool)",33.941,2026-09-10T01:16:09.346270,"65536,1,1","32,1,1",24,0,0,0,,,,,,,,,,,,,,,,,,,
neighbor,python,"void at::native::elementwise_kernel<(int)128, (int)2, void at::native::gpu_kernel_impl_nocast<at::native::BinaryFunctor<float, float, float, at::native::binary_internal::MulFunctor<float>>>(at::TensorIteratorBase &, const T1 &)::[lambda(int) (instance 1)]>(int, T3)",10.259,2026-09-10T01:16:09.346279,"16384,1,1","128,1,1",16,0,0,0,,,,,,,,,,,,,,,,,,,
neighbor,python,"void at::native::indexFuncLargeIndex<float, long, unsigned int, (int)2, (int)2, (int)-2, (bool)1, at::native::<unnamed>::ReduceAdd>(at::cuda::detail::TensorInfo<T1, T3>, at::cuda::detail::TensorInfo<const T1, T3>, at::cuda::detail::TensorInfo<const T2, T3>, int, int, T3, T3, long, long, const T8 &, T1)",21.54,2026-09-10T01:16:09.346288,"1024,1,1","128,1,1",24,0,0,0,,,,,,,,,,,,,,,,,,,
neighbor,python,"void at::native::vectorized_elementwise_kernel<(int)4, at::native::FillFunctor<float>, std::array<char *, (unsigned long)1>>(int, T2, T3)",1.182,2026-09-10T01:16:09.346298,"256,1,1","128,1,1",16,0,0,0,,,,,,,,,,,,,,,,,,,
neighbor,python,"void at::native::vectorized_gather_kernel<(int)16, long>(char *, char *, T2 *, int, long, long, long, long, bool)",33.941,2026-09-10T01:16:09.346307,"65536,1,1","32,1,1",24,0,0,0,,,,,,,,,,,,,,,,,,,
neighbor,python,"void at::native::elementwise_kernel<(int)128, (int)2, void at::native::gpu_kernel_impl_nocast<at::native::BinaryFunctor<float, float, float, at::native::binary_internal::MulFunctor<float>>>(at::TensorIteratorBase &, const T1 &)::[lambda(int) (instance 1)]>(int, T3)",10.258,2026-09-10T01:16:09.346315,"16384,1,1","128,1,1",16,0,0,0,,,,,,,,,,,,,,,,,,,
neighbor,python,"void at::native::indexFuncLargeIndex<float, long, unsigned int, (int)2, (int)2, (int)-2, (bool)1, at::native::<unnamed>::ReduceAdd>(at::cuda::detail::TensorInfo<T1, T3>, at::cuda::detail::TensorInfo<const T1, T3>, at::cuda::detail::TensorInfo<const T2, T3>, int, int, T3, T3, long, long, const T8 &, T1)",21.348,2026-09-10T01:16:09.346324,"1024,1,1","128,1,1",24,0,0,0,,,,,,,,,,,,,,,,,,,
neighbor,python,"void at::native::vectorized_elementwise_kernel<(int)4, at::native::FillFunctor<float>, std::array<char *, (unsigned long)1>>(int, T2, T3)",1.183,2026-09-10T01:16:09.346332,"256,1,1","128,1,1",16,0,0,0,,,,,,,,,,,,,,,,,,,
neighbor,python,"void at::native::vectorized_gather_kernel<(int)16, long>(char *, char *, T2 *, int, long, long, long, long, bool)",33.908,2026-09-10T01:16:09.346341,"65536,1,1","32,1,1",24,0,0,0,,,,,,,,,,,,,,,,,,,
neighbor,python,"void at::native::elementwise_kernel<(int)128, (int)2, void at::native::gpu_kernel_impl_nocast<at::native::BinaryFunctor<float, float, float, at::native::binary_internal::MulFunctor<float>>>(at::TensorIteratorBase &, const T1 &)::[lambda(int) (instance 1)]>(int, T3)",10.226,2026-09-10T01:16:09.346349,"16384,1,1","128,1,1",16,0,0,0,,,,,,,,,,,,,,,,,,,
neighbor,python,"void at::native::indexFuncLargeIndex<float, long, unsigned int, (int)2, (int)2, (int)-2, (bool)1, at::native::<unnamed>::ReduceAdd>(at::cuda::detail::TensorInfo<T1, T3>, at::cuda::detail::TensorInfo<const T1, T3>, at::cuda::detail::TensorInfo<const T2, T3>, int, int, T3, T3, long, long, const T8 &, T1)",21.54,2026-09-10T01:16:09.346358,"1024,1,1","128,1,1",24,0,0,0,,,,,,,,,,,,,,,,,,,
neighbor,python,"void at::native::vectorized_elementwise_kernel<(int)4, at::native::FillFunctor<float>, std::array<char *, (unsigned long)1>>(int, T2, T3)",1.182,2026-09-10T01:16:09.346366,"256,1,1","128,1,1",16,0,0,0,,,,,,,,,,,,,,,,,,,
neighbor,python,"void at::native::vectorized_gather_kernel<(int)16, long>(char *, char *, T2 *, int, long, long, long, long, bool)",33.94,2026-09-10T01:16:09.346375,"65536,1,1","32,1,1",24,0,0,0,,,,,,,,,,,,,,,,,,,
neighbor,python,"void at::native::elementwise_kernel<(int)128, (int)2, void at::native::gpu_kernel_impl_nocast<at::native::BinaryFunctor<float, float, float, at::native::binary_internal::MulFunctor<float>>>(at::TensorIteratorBase &, const T1 &)::[lambda(int) (instance 1)]>(int, T3)",10.259,2026-09-10T01:16:09.346383,"16384,1,1","128,1,1",16,0,0,0,,,,,,,,,,,,,,,,,,,
neighbor,python,"void at::native::indexFuncLargeIndex<float, long, unsigned int, (int)2, (int)2, (int)-2, (bool)1, at::native::<unnamed>::ReduceAdd>(at::cuda::detail::TensorInfo<T1, T3>, at::cuda::detail::TensorInfo<const T1, T3>, at::cuda::detail::TensorInfo<const T2, T3>, int, int, T3, T3, long, long, const T8 &, T1)",21.508,2026-09-10T01:16:09.346391,"1024,1,1","128,1,1",24,0,0,0,,,,,,,,,,,,,,,,,,,
neighbor,python,"void at::native::vectorized_elementwise_kernel<(int)4, at::native::FillFunctor<float>, std::array<char *, (unsigned long)1>>(int, T2, T3)",1.182,2026-09-10T01:16:09.346400,"256,1,1","128,1,1",16,0,0,0,,,,,,,,,,,,,,,,,,,
neighbor,python,"void at::native::vectorized_gather_kernel<(int)16, long>(char *, char *, T2 *, int, long, long, long, long, bool)",33.941,2026-09-10T01:16:09.346410,"65536,1,1","32,1,1",24,0,0,0,,,,,,,,,,,,,,,,,,,
neighbor,python,"void at::native::elementwise_kernel<(int)128, (int)2, void at::native::gpu_kernel_impl_nocast<at::native::BinaryFunctor<float, float, float, at::native::binary_internal::MulFunctor<float>>>(at::TensorIteratorBase &, const T1 &)::[lambda(int) (instance 1)]>(int, T3)",10.227,2026-09-10T01:16:09.346419,"16384,1,1","128,1,1",16,0,0,0,,,,,,,,,,,,,,,,,,,
neighbor,python,"void at::native::indexFuncLargeIndex<float, long, unsigned int, (int)2, (int)2, (int)-2, (bool)1, at::native::<unnamed>::ReduceAdd>(at::cuda::detail::TensorInfo<T1, T3>, at::cuda::detail::TensorInfo<const T1, T3>, at::cuda::detail::TensorInfo<const T2, T3>, int, int, T3, T3, long, long, const T8 &, T1)",21.508,2026-09-10T01:16:09.346427,"1024,1,1","128,1,1",24,0,0,0,,,,,,,,,,,,,,,,,,,
neighbor,python,"void at::native::vectorized_elementwise_kernel<(int)4, at::native::FillFunctor<float>, std::array<char *, (unsigned long)1>>(int, T2, T3)",1.183,2026-09-10T01:16:09.346436,"256,1,1","128,1,1",16,0,0,0,,,,,,,,,,,,,,,,,,,
neighbor,python,"void at::native::vectorized_gather_kernel<(int)16, long>(char *, char *, T2 *, int, long, long, long, long, bool)",33.94,2026-09-10T01:16:09.346444,"65536,1,1","32,1,1",24,0,0,0,,,,,,,,,,,,,,,,,,,
neighbor,python,"void at::native::elementwise_kernel<(int)128, (int)2, void at::native::gpu_kernel_impl_nocast<at::native::BinaryFunctor<float, float, float, at::native::binary_internal::MulFunctor<float>>>(at::TensorIteratorBase &, const T1 &)::[lambda(int) (instance 1)]>(int, T3)",10.259,2026-09-10T01:16:09.346453,"16384,1,1","128,1,1",16,0,0,0,,,,,,,,,,,,,,,,,,,
neighbor,python,"void at::native::indexFuncLargeIndex<float, long, unsigned int, (int)2, (int)2, (int)-2, (bool)1, at::native::<unnamed>::ReduceAdd>(at::cuda::detail::TensorInfo<T1, T3>, at::cuda::detail::TensorInfo<const T1, T3>, at::cuda::detail::TensorInfo<const T2, T3>, int, int, T3, T3, long, long, const T8 &, T1)",21.541,2026-09-10T01:16:09.346461,"1024,1,1","128,1,1",24,0,0,0,,,,,,,,,,,,,,,,,,,
neighbor,python,"void at::native::vectorized_elementwise_kernel<(int)4, at::native::FillFunctor<float>, std::array<char *, (unsigned long)1>>(int, T2, T3)",1.183,2026-09-10T01:16:09.346469,"256,1,1","128,1,1",16,0,0,0,,,,,,,,,,,,,,,,,,,
neighbor,python,"void at::native::vectorized_gather_kernel<(int)16, long>(char *, char *, T2 *, int, long, long, long, long, bool)",33.94,2026-09-10T01:16:09.346478,"65536,1,1","32,1,1",24,0,0,0,,,,,,,,,,,,,,,,,,,
neighbor,python,"void at::native::elementwise_kernel<(int)128, (int)2, void at::native::gpu_kernel_impl_nocast<at::native::BinaryFunctor<float, float, float, at::native::binary_internal::MulFunctor<float>>>(at::TensorIteratorBase &, const T1 &)::[lambda(int) (instance 1)]>(int, T3)",10.227,2026-09-10T01:16:09.346486,"16384,1,1","128,1,1",16,0,0,0,,,,,,,,,,,,,,,,,,,
neighbor,python,"void at::native::indexFuncLargeIndex<float, long, unsigned int, (int)2, (int)2, (int)-2, (bool)1, at::native::<unnamed>::ReduceAdd>(at::cuda::detail::TensorInfo<T1, T3>, at::cuda::detail::TensorInfo<const T1, T3>, at::cuda::detail::TensorInfo<const T2, T3>, int, int, T3, T3, long, long, const T8 &, T1)",21.509,2026-09-10T01:16:09.346495,"1024,1,1","128,1,1",24,0,0,0,,,,,,,,,,,,,,,,,,,
neighbor,python,"void at::native::vectorized_elementwise_kernel<(int)4, at::native::FillFunctor<float>, std::array<char *, (unsigned long)1>>(int, T2, T3)",1.182,2026-09-10T01:16:09.346503,"256,1,1","128,1,1",16,0,0,0,,,,,,,,,,,,,,,,,,,
neighbor,python,"void at::native::vectorized_gather_kernel<(int)16, long>(char *, char *, T2 *, int, long, long, long, long, bool)",33.94,2026-09-10T01:16:09.346512,"65536,1,1","32,1,1",24,0,0,0,,,,,,,,,,,,,,,,,,,
neighbor,python,"void at::native::elementwise_kernel<(int)128, (int)2, void at::native::gpu_kernel_impl_nocast<at::native::BinaryFunctor<float, float, float, at::native::binary_internal::MulFunctor<float>>>(at::TensorIteratorBase &, const T1 &)::[lambda(int) (instance 1)]>(int, T3)",10.227,2026-09-10T01:16:09.346521,"16384,1,1","128,1,1",16,0,0,0,,,,,,,,,,,,,,,,,,,
neighbor,python,"void at::native::indexFuncLargeIndex<float, long, unsigned int, (int)2, (int)2, (int)-2, (bool)1, at::native::<unnamed>::ReduceAdd>(at::cuda::detail::TensorInfo<T1, T3>, at::cuda::detail::TensorInfo<const T1, T3>, at::cuda::detail::TensorInfo<const T2, T3>, int, int, T3, T3, long, long, const T8 &, T1)",21.956,2026-09-10T01:16:09.346529,"1024,1,1","128,1,1",24,0,0,0,,,,,,,,,,,,,,,,,,,
neighbor,python,"void at::native::vectorized_elementwise_kernel<(int)4, at::native::FillFunctor<float>, std::array<char *, (unsigned long)1>>(int, T2, T3)",1.182,2026-09-10T01:16:09.346538,"256,1,1","128,1,1",16,0,0,0,,,,,,,,,,,,,,,,,,,
neighbor,python,"void at::native::vectorized_gather_kernel<(int)16, long>(char *, char *, T2 *, int, long, long, long, long, bool)",33.94,2026-09-10T01:16:09.346547,"65536,1,1","32,1,1",24,0,0,0,,,,,,,,,,,,,,,,,,,
neighbor,python,"void at::native::elementwise_kernel<(int)128, (int)2, void at::native::gpu_kernel_impl_nocast<at::native::BinaryFunctor<float, float, float, at::native::binary_internal::MulFunctor<float>>>(at::TensorIteratorBase &, const T1 &)::[lambda(int) (instance 1)]>(int, T3)",10.227,2026-09-10T01:16:09.346556,"16384,1,1","128,1,1",16,0,0,0,,,,,,,,,,,,,,,,,,,
neighbor,python,"void at::native::indexFuncLargeIndex<float, long, unsigned int, (int)2, (int)2, (int)-2, (bool)1, at::native::<unnamed>::ReduceAdd>(at::cuda::detail::TensorInfo<T1, T3>, at::cuda::detail::TensorInfo<const T1, T3>, at::cuda::detail::TensorInfo<const T2, T3>, int, int, T3, T3, long, long, const T8 &, T1)",21.508,2026-09-10T01:16:09.346571,"1024,1,1","128,1,1",24,0,0,0,,,,,,,,,,,,,,,,,,,
